station,timestamp_utc,rain_mm,solar_radiation_w_m2,wind_direction_deg,air_temperature_c,relative_humidity_pct,dew_point_c,battery_v,wind_gust_speed_kmh
north_rustico,2024-03-01 04:00:00+00:00,0.0,1.0,,-10.763266666666668,65.84816666666667,-15.910166666666667,4.160583333333333,
north_rustico,2024-03-01 05:00:00+00:00,0.0,1.0,,-11.499566666666668,78.89953333333332,-14.477333333333332,4.15425,
north_rustico,2024-03-01 06:00:00+00:00,0.0,1.0,,-12.082233333333333,72.16183333333333,-16.155166666666666,4.1495,
north_rustico,2024-03-01 07:00:00+00:00,0.0,1.0,,-12.617766666666666,73.28146666666666,-16.417733333333334,4.145416666666667,
north_rustico,2024-03-01 08:00:00+00:00,0.0,1.0,,-12.993066666666667,68.15753333333333,-17.648500000000002,4.1401666666666666,
north_rustico,2024-03-01 09:00:00+00:00,0.0,1.0,,-13.3277,65.4263,-18.4389,4.137833333333333,
north_rustico,2024-03-01 10:00:00+00:00,0.0,2.0,,-13.585700000000001,61.610866666666666,-19.3867,4.141166666666667,
north_rustico,2024-03-01 11:00:00+00:00,0.0,71.73333333333333,,-13.484100000000002,62.37056666666667,-19.150766666666666,4.301,
north_rustico,2024-03-01 12:00:00+00:00,0.0,179.16666666666666,,-13.2132,65.3519,-18.34756666666667,4.301166666666667,
north_rustico,2024-03-01 13:00:00+00:00,0.0,330.8333333333333,,-13.1432,62.29656666666666,-18.83693333333333,4.304416666666667,
north_rustico,2024-03-01 14:00:00+00:00,0.0,416.8333333333333,,-12.743433333333334,61.76933333333333,-18.555966666666666,4.3027500000000005,
north_rustico,2024-03-01 15:00:00+00:00,0.0,575.7666666666667,,-11.732633333333332,61.697966666666666,-17.612199999999998,4.308083333333333,
north_rustico,2024-03-01 16:00:00+00:00,0.0,481.26666666666665,,-11.091366666666666,61.34083333333333,-17.068233333333335,4.30875,
north_rustico,2024-03-01 17:00:00+00:00,0.0,612.5333333333333,,-10.176933333333332,58.8863,-16.687333333333335,4.306166666666667,
north_rustico,2024-03-01 18:00:00+00:00,0.0,463.3333333333333,,-9.136833333333334,56.0753,-16.2914,4.308916666666667,
north_rustico,2024-03-01 19:00:00+00:00,0.0,317.6666666666667,,-8.457566666666667,54.245066666666666,-16.0483,4.30325,
north_rustico,2024-03-01 20:00:00+00:00,0.0,174.1,,-7.834033333333333,53.86206666666667,-15.5517,4.3029166666666665,
north_rustico,2024-03-01 21:00:00+00:00,0.0,51.1,,-7.425866666666667,49.41996666666667,-16.202199999999998,4.303083333333333,
north_rustico,2024-03-01 22:00:00+00:00,0.0,1.4666666666666666,,-7.583,51.89083333333333,-15.7671,4.243083333333334,
north_rustico,2024-03-01 23:00:00+00:00,0.0,1.0,,-7.230766666666667,52.088366666666666,-15.388966666666667,4.1946666666666665,
north_rustico,2024-03-02 00:00:00+00:00,0.0,1.0,,-6.924099999999999,52.40646666666667,-15.0307,4.175833333333333,
north_rustico,2024-03-02 01:00:00+00:00,0.0,1.0,,-7.235,55.644666666666666,-14.597766666666667,4.165416666666666,
north_rustico,2024-03-02 02:00:00+00:00,0.0,1.0,,-7.551,59.149166666666666,-14.1504,4.157583333333333,
north_rustico,2024-03-02 03:00:00+00:00,0.0,1.0,,-7.8169,61.9399,-13.839599999999999,4.152833333333333,
north_rustico,2024-03-02 04:00:00+00:00,0.0,1.0,,-7.9105,63.30726666666667,-13.663033333333335,4.149249999999999,
north_rustico,2024-03-02 05:00:00+00:00,0.0,1.0,,-7.850499999999999,64.59446666666666,-13.359366666666666,4.145666666666666,
north_rustico,2024-03-02 06:00:00+00:00,0.0,1.0,,-7.902699999999999,67.54713333333333,-12.858966666666667,4.144166666666666,
north_rustico,2024-03-02 07:00:00+00:00,0.0,1.0,,-7.923533333333333,69.60886666666667,-12.512766666666666,4.143166666666667,
north_rustico,2024-03-02 08:00:00+00:00,0.0,1.0,,-8.145066666666667,72.1082,-12.290733333333332,4.14075,
north_rustico,2024-03-02 09:00:00+00:00,0.0,1.0,,-8.290333333333333,74.96263333333333,-11.945699999999999,4.139666666666667,
north_rustico,2024-03-02 10:00:00+00:00,0.0,2.9,,-7.1899999999999995,75.8837,-10.725133333333334,4.153,
north_rustico,2024-03-02 11:00:00+00:00,0.0,36.13333333333333,,-6.774666666666667,77.9746,-9.978,4.2941666666666665,
north_rustico,2024-03-02 12:00:00+00:00,0.0,105.96666666666667,,-4.789833333333333,71.1273,-9.230466666666667,4.3035000000000005,
north_rustico,2024-03-02 13:00:00+00:00,0.0,264.5,,-2.2984,64.38326666666667,-8.107366666666667,4.298916666666667,
north_rustico,2024-03-02 14:00:00+00:00,0.0,432.8333333333333,,0.4069333333333333,60.3043,-6.3866000000000005,4.308583333333334,
north_rustico,2024-03-02 15:00:00+00:00,0.0,547.4333333333333,,2.9005,63.910833333333336,-3.2522,4.3075,
north_rustico,2024-03-02 16:00:00+00:00,0.0,614.1,,4.918833333333334,65.84570000000001,-0.9263666666666667,4.3075,
north_rustico,2024-03-02 17:00:00+00:00,0.0,596.1,,6.6826,63.54173333333333,0.25456666666666666,4.307333333333333,
north_rustico,2024-03-02 18:00:00+00:00,0.0,503.8333333333333,,7.546933333333333,60.84126666666667,0.4816333333333333,4.3115,
north_rustico,2024-03-02 19:00:00+00:00,0.0,361.3333333333333,,7.449699999999999,63.6154,1.0067333333333333,4.308583333333334,
north_rustico,2024-03-02 20:00:00+00:00,0.0,143.2,,6.721933333333333,64.1249,0.4185333333333333,4.310833333333334,
north_rustico,2024-03-02 21:00:00+00:00,0.0,55.166666666666664,,5.924033333333333,61.99973333333333,-0.7960333333333334,4.303999999999999,
north_rustico,2024-03-02 22:00:00+00:00,0.0,1.1666666666666667,,5.3636,67.43713333333334,-0.17850000000000002,4.259083333333334,
north_rustico,2024-03-02 23:00:00+00:00,0.0,1.0,,5.5694,67.08906666666667,-0.05143333333333334,4.2348333333333334,
north_rustico,2024-03-03 00:00:00+00:00,0.0,1.0,,5.2720666666666665,63.69493333333333,-1.044,4.223083333333333,
north_rustico,2024-03-03 01:00:00+00:00,0.0,1.0,,5.3342,70.55003333333335,0.4140333333333333,4.213666666666667,
north_rustico,2024-03-03 02:00:00+00:00,0.0,1.0,,5.46,73.90763333333332,1.1850999999999998,4.20575,
north_rustico,2024-03-03 03:00:00+00:00,0.0,1.0,,5.7475,73.37753333333333,1.3628333333333333,4.19925,
north_rustico,2024-03-03 04:00:00+00:00,0.0,1.0,,5.657366666666666,74.89450000000001,1.5590333333333333,4.194583333333333,
north_rustico,2024-03-03 05:00:00+00:00,0.0,1.0,,4.993166666666666,83.06873333333333,2.353,4.190333333333333,
north_rustico,2024-03-03 06:00:00+00:00,0.6000000000000001,1.0,,4.2561,89.88386666666666,2.7449333333333334,4.185416666666667,
north_rustico,2024-03-03 07:00:00+00:00,1.0,1.0,,4.2289,93.04713333333333,3.2075666666666667,4.1810833333333335,
north_rustico,2024-03-03 08:00:00+00:00,1.0,1.0,,4.463399999999999,94.4061,3.6456,4.178,
north_rustico,2024-03-03 09:00:00+00:00,0.2,1.0,,4.4461,95.5455,3.7991333333333333,4.1762500000000005,
north_rustico,2024-03-03 10:00:00+00:00,0.4,1.0333333333333334,,4.563566666666667,95.7449,3.9457333333333335,4.174166666666666,
north_rustico,2024-03-03 11:00:00+00:00,0.2,17.666666666666668,,4.892333333333334,95.60763333333333,4.253,4.2299999999999995,
north_rustico,2024-03-03 12:00:00+00:00,0.2,46.666666666666664,,5.395733333333333,95.30423333333333,4.708933333333333,4.302666666666666,
north_rustico,2024-03-03 13:00:00+00:00,0.2,73.2,,6.029866666666666,94.8299,5.268433333333333,4.3012500000000005,
north_rustico,2024-03-03 14:00:00+00:00,0.2,109.6,,6.6161,93.94553333333333,5.716666666666667,4.309083333333333,
north_rustico,2024-03-03 15:00:00+00:00,0.2,176.16666666666666,,7.179433333333334,92.87003333333334,6.110033333333333,4.30975,
north_rustico,2024-03-03 16:00:00+00:00,0.0,319.1,,8.148833333333334,90.68086666666666,6.723933333333333,4.3075833333333335,
north_rustico,2024-03-03 17:00:00+00:00,0.0,236.8,,8.7309,90.61833333333334,7.2904333333333335,4.3133333333333335,
north_rustico,2024-03-03 18:00:00+00:00,0.0,223.4,,8.8775,90.02890000000001,7.339933333333334,4.310333333333333,
north_rustico,2024-03-03 19:00:00+00:00,0.0,146.66666666666666,,8.514166666666666,91.82756666666667,7.2697,4.309583333333333,
north_rustico,2024-03-03 20:00:00+00:00,0.0,63.4,,6.622466666666667,94.1975,5.757733333333333,4.30225,
north_rustico,2024-03-03 21:00:00+00:00,0.6000000000000001,14.7,,5.658066666666667,97.32866666666668,5.2722,4.29375,
north_rustico,2024-03-03 22:00:00+00:00,1.0,1.0,,5.010266666666666,98.0552,4.731933333333333,4.252666666666666,
north_rustico,2024-03-03 23:00:00+00:00,0.6000000000000001,1.0,,4.123766666666667,98.49533333333333,3.9095,4.235416666666667,
north_rustico,2024-03-04 00:00:00+00:00,0.2,1.0,,4.0244333333333335,98.88386666666666,3.866333333333333,4.225750000000001,
north_rustico,2024-03-04 01:00:00+00:00,0.0,1.0,,3.8392,99.13646666666666,3.7172666666666667,4.218083333333333,
north_rustico,2024-03-04 02:00:00+00:00,0.0,1.0,,3.2115666666666667,99.48389999999999,3.1386333333333334,4.211666666666667,
north_rustico,2024-03-04 03:00:00+00:00,0.2,1.0,,1.8481666666666667,99.6955,1.8035333333333334,4.205166666666667,
north_rustico,2024-03-04 04:00:00+00:00,0.2,1.0,,1.2726333333333335,99.88446666666667,1.2535999999999998,4.199416666666667,
north_rustico,2024-03-04 05:00:00+00:00,0.0,1.0,,0.9716666666666666,99.8105,0.9419333333333333,4.1935,
north_rustico,2024-03-04 06:00:00+00:00,0.0,1.0,,0.9644666666666667,96.04140000000001,0.39683333333333337,4.189416666666666,
north_rustico,2024-03-04 07:00:00+00:00,0.0,1.0,,0.8551333333333333,88.68343333333334,-0.8020666666666667,4.185333333333333,
north_rustico,2024-03-04 08:00:00+00:00,0.0,1.0,,0.008033333333333335,90.73880000000001,-1.3276333333333334,4.181416666666666,
north_rustico,2024-03-04 09:00:00+00:00,0.0,1.0,,-0.461,83.66090000000001,-2.8925,4.178083333333333,
north_rustico,2024-03-04 10:00:00+00:00,0.0,3.1333333333333333,,-0.8977333333333333,80.67733333333334,-3.8018333333333336,4.184666666666667,
north_rustico,2024-03-04 11:00:00+00:00,0.0,100.5,,0.24956666666666666,76.31636666666667,-3.434566666666667,4.3075833333333335,
north_rustico,2024-03-04 12:00:00+00:00,0.0,263.6,,0.9517000000000001,71.2994,-3.655866666666667,4.30875,
north_rustico,2024-03-04 13:00:00+00:00,0.0,421.93333333333334,,0.8851333333333334,68.6301,-4.234366666666667,4.307416666666667,
north_rustico,2024-03-04 14:00:00+00:00,0.0,537.9,,1.0497,66.4045,-4.5113666666666665,4.25375,
north_rustico,2024-03-04 15:00:00+00:00,0.0,636.5333333333333,,1.2405666666666666,63.58883333333333,-4.8989,4.232083333333334,
north_rustico,2024-03-04 16:00:00+00:00,0.0,645.2,,1.3220666666666667,61.98396666666667,-5.164766666666667,4.234583333333333,
north_rustico,2024-03-04 17:00:00+00:00,0.0,593.7333333333333,,1.4821333333333333,57.682066666666664,-5.9524,4.2355833333333335,
north_rustico,2024-03-04 18:00:00+00:00,0.0,458.23333333333335,,1.3741999999999999,58.10646666666666,-5.958,4.236166666666667,
north_rustico,2024-03-04 19:00:00+00:00,0.0,347.9,,1.2213,57.89503333333334,-6.153899999999999,4.23425,
north_rustico,2024-03-04 20:00:00+00:00,0.0,200.7,,0.6586333333333333,59.267399999999995,-6.378066666666667,4.233416666666667,
north_rustico,2024-03-04 21:00:00+00:00,0.0,37.56666666666667,,-1.6135666666666666,68.54823333333334,-6.656433333333334,4.230833333333334,
north_rustico,2024-03-04 22:00:00+00:00,0.0,1.2,,-3.1513666666666666,76.10279999999999,-6.7657,4.203833333333333,
north_rustico,2024-03-04 23:00:00+00:00,0.0,1.0,,-3.709,78.63166666666666,-6.883166666666667,4.18675,
north_rustico,2024-03-05 00:00:00+00:00,0.0,1.0,,-3.1864,79.25,-6.271233333333333,4.178416666666667,
north_rustico,2024-03-05 01:00:00+00:00,0.0,1.0,,-3.0662666666666665,80.89893333333333,-5.886166666666667,4.172583333333333,
north_rustico,2024-03-05 02:00:00+00:00,0.0,1.0,,-3.6639666666666666,82.2238,-6.258033333333333,4.168083333333333,
north_rustico,2024-03-05 03:00:00+00:00,0.0,1.0,,-3.9621666666666666,84.08840000000001,-6.2572,4.164916666666667,
north_rustico,2024-03-05 04:00:00+00:00,0.0,1.0,,-4.084266666666667,84.34973333333332,-6.337133333333333,4.162,
north_rustico,2024-03-05 05:00:00+00:00,0.0,1.0,,-4.5698,85.87183333333334,-6.581333333333333,4.159166666666667,
north_rustico,2024-03-05 06:00:00+00:00,0.0,1.0,,-4.7013,87.30133333333333,-6.4962333333333335,4.156416666666667,
north_rustico,2024-03-05 07:00:00+00:00,0.0,1.0,,-4.720699999999999,88.48433333333334,-6.340133333333333,4.154416666666667,
north_rustico,2024-03-05 08:00:00+00:00,0.0,1.0,,-4.372366666666666,89.97683333333333,-5.7766,4.153583333333334,
north_rustico,2024-03-05 09:00:00+00:00,0.0,1.0,,-3.3600666666666665,89.6343,-4.825433333333334,4.15375,
north_rustico,2024-03-05 10:00:00+00:00,0.0,2.466666666666667,,-2.944033333333333,86.93786666666666,-4.819,4.156416666666667,
north_rustico,2024-03-05 11:00:00+00:00,0.0,94.56666666666666,,-1.3039999999999998,79.95573333333333,-4.3270333333333335,4.185666666666667,
north_rustico,2024-03-05 12:00:00+00:00,0.0,279.8,,0.5269333333333334,72.94976666666666,-3.7638666666666665,4.195583333333333,
north_rustico,2024-03-05 13:00:00+00:00,0.0,354.4,,2.2171000000000003,66.8539,-3.3051666666666666,4.1985,
north_rustico,2024-03-05 14:00:00+00:00,0.0,500.6333333333333,,3.4175,61.03923333333333,-3.3838999999999997,4.198416666666667,
north_rustico,2024-03-05 15:00:00+00:00,0.0,594.6666666666666,,4.9603,58.4855,-2.496866666666667,4.197833333333333,
north_rustico,2024-03-05 16:00:00+00:00,0.0,368.3,,5.058966666666667,58.666666666666664,-2.3710666666666667,4.1972499999999995,
north_rustico,2024-03-05 17:00:00+00:00,0.0,334.3666666666667,,5.142533333333334,58.403299999999994,-2.3504333333333336,4.195666666666667,
north_rustico,2024-03-05 18:00:00+00:00,0.0,385.76666666666665,,6.397233333333333,55.11813333333334,-1.9604333333333335,4.1972499999999995,
north_rustico,2024-03-05 19:00:00+00:00,0.0,388.2,,8.332633333333332,48.847833333333334,-1.7936,4.199583333333334,
north_rustico,2024-03-05 20:00:00+00:00,0.0,165.13333333333333,,7.7929,53.2728,-1.1313666666666669,4.199,
north_rustico,2024-03-05 21:00:00+00:00,0.0,35.6,,6.4859,60.45786666666667,-0.612,4.195833333333334,
north_rustico,2024-03-05 22:00:00+00:00,0.0,1.2333333333333334,,5.543,64.61923333333333,-0.5929666666666668,4.179666666666667,
north_rustico,2024-03-05 23:00:00+00:00,0.0,1.0,,5.122566666666667,69.17366666666666,-0.05566666666666666,4.17,
north_rustico,2024-03-06 00:00:00+00:00,0.0,1.0,,5.0232,70.52046666666666,0.11410000000000001,4.1699166666666665,
north_rustico,2024-03-06 01:00:00+00:00,0.0,1.0,,4.7258000000000004,77.98893333333334,1.2076333333333333,4.1685,
north_rustico,2024-03-06 02:00:00+00:00,0.0,1.0,,4.679366666666667,88.75106666666667,2.9818333333333333,4.167333333333334,
north_rustico,2024-03-06 03:00:00+00:00,0.6000000000000001,1.0,,4.3847,93.80143333333334,3.4762666666666666,4.166166666666666,
north_rustico,2024-03-06 04:00:00+00:00,0.6000000000000001,1.0,,4.2768,95.3529,3.6017333333333337,4.163833333333334,
north_rustico,2024-03-06 05:00:00+00:00,1.2000000000000002,1.0,,4.2840333333333325,96.28649999999999,3.7472333333333334,4.16375,
north_rustico,2024-03-06 06:00:00+00:00,1.6,1.0,,4.3439000000000005,97.1831,3.9388666666666667,4.163333333333333,
north_rustico,2024-03-06 07:00:00+00:00,3.6,1.0,,4.5943000000000005,97.89906666666666,4.2933666666666666,4.163250000000001,
north_rustico,2024-03-06 08:00:00+00:00,2.0,1.0,,4.247466666666666,98.21873333333333,3.9932666666666665,4.162583333333333,
north_rustico,2024-03-06 09:00:00+00:00,2.4000000000000004,1.0,,3.722,98.51466666666667,3.5106666666666664,4.1619166666666665,
north_rustico,2024-03-06 10:00:00+00:00,3.4000000000000004,1.0333333333333334,,3.5554,99.05510000000001,3.421666666666667,4.1602500000000004,
north_rustico,2024-03-06 11:00:00+00:00,1.2000000000000002,7.2,,2.829066666666667,99.53790000000001,2.7634666666666665,4.1659999999999995,
north_rustico,2024-03-06 12:00:00+00:00,2.4000000000000004,10.933333333333334,,4.159566666666667,99.75086666666667,4.125733333333333,4.170583333333333,
north_rustico,2024-03-06 13:00:00+00:00,0.8,34.1,,4.8151,99.75223333333334,4.782333333333333,4.180416666666667,
north_rustico,2024-03-06 14:00:00+00:00,1.2000000000000002,76.3,,5.8518,99.56446666666668,5.793,4.184333333333334,
north_rustico,2024-03-06 15:00:00+00:00,0.0,279.06666666666666,,6.6181,97.48546666666667,6.2536000000000005,4.18775,
north_rustico,2024-03-06 16:00:00+00:00,0.0,233.3,,5.089733333333333,95.81093333333334,4.479866666666667,4.188083333333333,
north_rustico,2024-03-06 17:00:00+00:00,0.0,296.43333333333334,,4.5220666666666665,94.37613333333334,3.6965,4.188916666666667,
north_rustico,2024-03-06 18:00:00+00:00,0.0,182.13333333333333,,3.5975333333333332,92.91886666666666,2.560666666666667,4.187333333333333,
north_rustico,2024-03-06 19:00:00+00:00,0.0,123.56666666666666,,2.2843333333333335,93.2129,1.3005,4.188583333333333,
north_rustico,2024-03-06 20:00:00+00:00,0.0,42.766666666666666,,1.7902,93.16223333333333,0.8023,4.185416666666667,
north_rustico,2024-03-06 21:00:00+00:00,0.0,11.266666666666667,,1.7788333333333335,91.5128,0.5439333333333334,4.178083333333333,
north_rustico,2024-03-06 22:00:00+00:00,0.0,1.0,,1.8612,89.73036666666667,0.3535333333333333,4.1602500000000004,
north_rustico,2024-03-06 23:00:00+00:00,0.0,1.0,,1.6008666666666669,89.41383333333333,0.04766666666666666,4.156916666666667,
north_rustico,2024-03-07 00:00:00+00:00,0.0,1.0,,1.2404333333333333,90.18509999999999,-0.1907,4.1555,
north_rustico,2024-03-07 01:00:00+00:00,0.2,1.0,,0.8737333333333334,91.27823333333335,-0.3884,4.154833333333333,
north_rustico,2024-03-07 02:00:00+00:00,0.0,1.0,,0.7200000000000001,90.52883333333332,-0.6537666666666666,4.152833333333334,
north_rustico,2024-03-07 03:00:00+00:00,0.0,1.0,,0.6113333333333333,88.92233333333334,-1.006,4.150916666666666,
north_rustico,2024-03-07 04:00:00+00:00,0.0,1.0,,0.6522,86.8146,-1.2928333333333333,4.151,
north_rustico,2024-03-07 05:00:00+00:00,0.4,1.0,,0.3139,89.2286,-1.2540666666666667,4.1498333333333335,
north_rustico,2024-03-07 06:00:00+00:00,0.8,1.0,,0.07583333333333334,92.38936666666667,-1.0145333333333333,4.150833333333334,
north_rustico,2024-03-07 07:00:00+00:00,0.6000000000000001,1.0,,-0.053033333333333335,94.44166666666666,-0.8421333333333333,4.149583333333333,
north_rustico,2024-03-07 08:00:00+00:00,0.2,1.0,,-0.0537,95.91439999999999,-0.6311333333333333,4.14875,
north_rustico,2024-03-07 09:00:00+00:00,0.8,1.0,,-0.020633333333333333,96.90366666666667,-0.45766666666666667,4.148166666666667,
north_rustico,2024-03-07 10:00:00+00:00,0.4,1.0,,-0.15873333333333334,97.35313333333333,-0.5319333333333334,4.148499999999999,
north_rustico,2024-03-07 11:00:00+00:00,1.0,4.233333333333333,,-0.24653333333333333,97.2367,-0.6362,4.1531666666666665,
north_rustico,2024-03-07 12:00:00+00:00,1.2000000000000002,19.8,,-0.24663333333333334,97.72,-0.5683,4.163333333333333,
north_rustico,2024-03-07 13:00:00+00:00,1.4000000000000001,31.9,,-0.23579999999999998,97.90863333333333,-0.5311,4.170916666666667,
north_rustico,2024-03-07 14:00:00+00:00,0.8,36.53333333333333,,-0.43966666666666665,98.19800000000001,-0.6943666666666667,4.176333333333333,
north_rustico,2024-03-07 15:00:00+00:00,0.4,38.733333333333334,,-0.5303333333333333,97.69986666666667,-0.8546666666666667,4.181416666666666,
north_rustico,2024-03-07 16:00:00+00:00,0.0,32.266666666666666,,-0.5881666666666666,97.43086666666666,-0.9500666666666666,4.1825833333333335,
north_rustico,2024-03-07 17:00:00+00:00,0.0,34.9,,-0.7269666666666666,96.91426666666666,-1.1611333333333334,4.182916666666666,
north_rustico,2024-03-07 18:00:00+00:00,0.0,36.266666666666666,,-0.8292,96.48223333333334,-1.3239333333333334,4.1851666666666665,
north_rustico,2024-03-07 19:00:00+00:00,0.0,41.7,,-1.3224333333333333,96.81316666666666,-1.7697333333333334,4.187833333333333,
north_rustico,2024-03-07 20:00:00+00:00,0.0,26.533333333333335,,-1.3824666666666665,96.91603333333335,-1.8151333333333333,4.186333333333334,
north_rustico,2024-03-07 21:00:00+00:00,0.0,10.166666666666666,,-1.5391666666666666,96.58973333333333,-2.0171333333333332,4.1795,
north_rustico,2024-03-07 22:00:00+00:00,0.0,1.0,,-1.8380333333333332,96.46663333333332,-2.3324,4.15375,
north_rustico,2024-03-07 23:00:00+00:00,0.0,1.0,,-1.8365666666666667,95.4744,-2.470566666666667,4.146916666666667,
north_rustico,2024-03-08 00:00:00+00:00,0.0,1.0,,-1.5840999999999998,94.55763333333333,-2.3492,4.145166666666666,
north_rustico,2024-03-08 01:00:00+00:00,0.0,1.0,,-1.5033333333333334,95.12496666666667,-2.1882,4.143166666666667,
north_rustico,2024-03-08 02:00:00+00:00,0.0,1.0,,-1.5448,95.77493333333334,-2.1372333333333335,4.14325,
north_rustico,2024-03-08 03:00:00+00:00,0.0,1.0,,-1.5583333333333333,95.28333333333333,-2.2205,4.138833333333333,
north_rustico,2024-03-08 04:00:00+00:00,0.0,1.0,,-1.5840666666666665,94.87046666666667,-2.3046333333333333,4.14375,
north_rustico,2024-03-08 05:00:00+00:00,0.0,1.0,,-1.399,94.62813333333334,-2.1548000000000003,4.1445,
north_rustico,2024-03-08 06:00:00+00:00,0.0,1.0,,-1.3561666666666667,95.17136666666667,-2.0347666666666666,4.1435,
north_rustico,2024-03-08 07:00:00+00:00,0.0,1.0,,-1.2989666666666666,95.16789999999999,-1.9785333333333335,4.143166666666667,
north_rustico,2024-03-08 08:00:00+00:00,0.0,1.0,,-1.1901666666666666,94.43693333333334,-1.9744666666666668,4.142,
north_rustico,2024-03-08 09:00:00+00:00,0.0,1.0,,-1.1874,93.898,-2.049166666666667,4.1435,
north_rustico,2024-03-08 10:00:00+00:00,0.0,1.8333333333333333,,-1.1795333333333333,93.05583333333334,-2.1632666666666664,4.143833333333333,
north_rustico,2024-03-08 11:00:00+00:00,0.0,21.9,,-0.9565666666666667,92.56053333333332,-2.0137666666666667,4.15825,
north_rustico,2024-03-08 12:00:00+00:00,0.0,80.06666666666666,,-0.6404666666666666,91.38629999999999,-1.8733666666666666,4.173333333333333,
north_rustico,2024-03-08 13:00:00+00:00,0.0,145.6,,-0.45316666666666666,89.37556666666666,-1.9895,4.181416666666666,
north_rustico,2024-03-08 14:00:00+00:00,0.0,261.6,,0.26676666666666665,86.54119999999999,-1.7156,4.185083333333334,
north_rustico,2024-03-08 15:00:00+00:00,0.0,392.6,,0.9467,83.52013333333333,-1.53,4.18325,
north_rustico,2024-03-08 16:00:00+00:00,0.0,310.76666666666665,,0.5078,84.28446666666667,-1.8367333333333336,4.184083333333334,
north_rustico,2024-03-08 17:00:00+00:00,0.2,280.1333333333333,,0.2833,84.47423333333333,-2.0269333333333335,4.18425,
north_rustico,2024-03-08 18:00:00+00:00,0.0,190.46666666666667,,-0.43393333333333334,86.49096666666667,-2.4137,4.184,
north_rustico,2024-03-08 19:00:00+00:00,0.0,120.43333333333334,,-1.0187,87.3607,-2.8549333333333333,4.1827499999999995,
north_rustico,2024-03-08 20:00:00+00:00,0.0,77.56666666666666,,-1.4868999999999999,87.58403333333334,-3.2827333333333333,4.182833333333334,
north_rustico,2024-03-08 21:00:00+00:00,0.0,22.933333333333334,,-2.0267,88.13453333333334,-3.731733333333333,4.1777500000000005,
north_rustico,2024-03-08 22:00:00+00:00,0.0,1.2333333333333334,,-2.432866666666667,88.42813333333334,-4.088333333333334,4.153333333333333,
north_rustico,2024-03-08 23:00:00+00:00,0.0,1.0,,-2.544433333333333,88.79206666666667,-4.1439,4.14525,
north_rustico,2024-03-09 00:00:00+00:00,0.0,1.0,,-2.5330333333333335,88.65769999999999,-4.1526000000000005,4.14125,
north_rustico,2024-03-09 01:00:00+00:00,0.0,1.0,,-2.5616,88.73946666666667,-4.168633333333333,4.140083333333333,
north_rustico,2024-03-09 02:00:00+00:00,0.0,1.0,,-2.4607,89.64066666666666,-3.934566666666667,4.13975,
north_rustico,2024-03-09 03:00:00+00:00,0.0,1.0,,-2.0096,89.13066666666667,-3.564533333333333,4.1386666666666665,
north_rustico,2024-03-09 04:00:00+00:00,0.0,1.0,,-1.8459333333333334,88.64413333333333,-3.4759333333333333,4.138166666666667,
north_rustico,2024-03-09 05:00:00+00:00,0.0,1.0,,-2.0160333333333336,88.9549,-3.597266666666667,4.138833333333333,
north_rustico,2024-03-09 06:00:00+00:00,0.0,1.0,,-2.0253666666666668,90.33136666666665,-3.4013,4.139916666666667,
north_rustico,2024-03-09 07:00:00+00:00,0.0,1.0,,-1.8801999999999999,89.7733,-3.3406000000000002,4.13875,
north_rustico,2024-03-09 08:00:00+00:00,0.0,1.0,,-1.9345666666666665,89.08606666666667,-3.4971,4.138916666666667,
north_rustico,2024-03-09 09:00:00+00:00,0.0,1.0,,-1.8658333333333335,88.57696666666668,-3.506066666666667,4.1385,
north_rustico,2024-03-09 10:00:00+00:00,0.0,3.7666666666666666,,-1.7750666666666668,87.30479999999999,-3.6093333333333333,4.139583333333333,
north_rustico,2024-03-09 11:00:00+00:00,0.0,50.13333333333333,,-1.4032666666666667,86.53226666666666,-3.3622666666666663,4.15275,
north_rustico,2024-03-09 12:00:00+00:00,0.0,196.13333333333333,,-0.1764666666666667,81.85413333333332,-2.9086333333333334,4.163666666666667,
north_rustico,2024-03-09 13:00:00+00:00,0.0,454.2,,2.6539333333333333,72.77406666666667,-1.7460666666666667,4.171916666666667,
north_rustico,2024-03-09 14:00:00+00:00,0.0,615.8666666666667,,2.2922000000000002,75.00070000000001,-1.6888,4.17725,
north_rustico,2024-03-09 15:00:00+00:00,0.0,669.3333333333334,,0.7607666666666667,79.80813333333334,-2.3286666666666664,4.1810833333333335,
north_rustico,2024-03-09 16:00:00+00:00,0.0,686.5333333333333,,4.449133333333333,66.7235,-1.2469333333333334,4.180666666666666,
north_rustico,2024-03-09 17:00:00+00:00,0.0,654.0333333333333,,6.306433333333334,58.26293333333333,-1.2852,4.181333333333334,
north_rustico,2024-03-09 18:00:00+00:00,0.0,522.7,,3.6127,68.3971,-1.6818666666666668,4.183,
north_rustico,2024-03-09 19:00:00+00:00,0.0,403.76666666666665,,6.0655,59.5797,-1.2053,4.1845,
north_rustico,2024-03-09 20:00:00+00:00,0.0,150.93333333333334,,1.6859,74.87809999999999,-2.3466,4.186583333333333,
north_rustico,2024-03-09 21:00:00+00:00,0.0,48.63333333333333,,-0.7606333333333333,84.60266666666666,-3.0321,4.18375,
north_rustico,2024-03-09 22:00:00+00:00,0.0,1.9,,-1.0500666666666667,86.60426666666667,-3.002866666666667,4.163250000000001,
north_rustico,2024-03-09 23:00:00+00:00,0.0,1.0,,-1.0194,87.3929,-2.851133333333333,4.149916666666667,
north_rustico,2024-03-10 00:00:00+00:00,0.0,1.0,,-1.3911,90.23396666666666,-2.7886,4.144666666666667,
north_rustico,2024-03-10 01:00:00+00:00,0.0,1.0,,-1.5291,91.73393333333334,-2.7031666666666667,4.141583333333333,
north_rustico,2024-03-10 02:00:00+00:00,0.0,1.0,,-1.5735,92.00489999999999,-2.7072999999999996,4.14075,
north_rustico,2024-03-10 03:00:00+00:00,0.0,1.0,,-1.8566,93.0558,-2.8358666666666665,4.138083333333333,
north_rustico,2024-03-10 04:00:00+00:00,0.0,1.0,,-2.0797,93.33836666666666,-3.0166,4.1385,
north_rustico,2024-03-10 05:00:00+00:00,0.0,1.0,,-2.242033333333333,93.49076666666666,-3.1561000000000003,4.1375,
north_rustico,2024-03-10 06:00:00+00:00,0.0,1.0,,-2.2876666666666665,94.30016666666667,-3.0858333333333334,4.13525,
north_rustico,2024-03-10 07:00:00+00:00,0.0,1.0,,-2.0674,93.5149,-2.9793666666666665,4.136083333333334,
north_rustico,2024-03-10 08:00:00+00:00,0.0,1.0,,-1.9353333333333333,93.36996666666667,-2.868733333333333,4.136416666666666,
north_rustico,2024-03-10 09:00:00+00:00,0.0,1.0,,-2.042466666666667,93.7529,-2.9202333333333335,4.13575,
north_rustico,2024-03-10 10:00:00+00:00,0.0,7.933333333333334,,-1.8995333333333335,91.8803,-3.0491333333333333,4.138,
north_rustico,2024-03-10 11:00:00+00:00,0.0,66.83333333333333,,-1.6106666666666667,90.0814,-3.0283,4.155666666666667,
north_rustico,2024-03-10 12:00:00+00:00,0.0,157.8,,-1.2789333333333335,87.70476666666667,-3.0593999999999997,4.16725,
north_rustico,2024-03-10 13:00:00+00:00,0.0,150.6,,-1.1032000000000002,86.08073333333333,-3.1362333333333337,4.173583333333333,
north_rustico,2024-03-10 14:00:00+00:00,0.0,146.53333333333333,,-0.7105666666666667,85.69553333333333,-2.8101,4.176916666666666,
north_rustico,2024-03-10 15:00:00+00:00,0.0,162.3,,-0.23366666666666666,84.17926666666668,-2.5817666666666668,4.17875,
north_rustico,2024-03-10 16:00:00+00:00,0.0,153.73333333333332,,0.24816666666666667,82.87753333333333,-2.3190000000000004,4.1825833333333335,
north_rustico,2024-03-10 17:00:00+00:00,0.0,136.46666666666667,,0.45566666666666666,82.61576666666666,-2.158333333333333,4.181416666666666,
north_rustico,2024-03-10 18:00:00+00:00,0.0,126.26666666666667,,0.5042333333333333,82.35186666666667,-2.1540666666666666,4.184916666666667,
north_rustico,2024-03-10 19:00:00+00:00,0.0,64.73333333333333,,0.5106333333333334,83.17190000000001,-2.013733333333333,4.185,
north_rustico,2024-03-10 20:00:00+00:00,0.0,28.033333333333335,,0.5892,83.68823333333333,-1.8528333333333333,4.1810833333333335,
north_rustico,2024-03-10 21:00:00+00:00,0.0,6.633333333333334,,0.49343333333333333,84.05563333333333,-1.8875333333333333,4.170083333333333,
north_rustico,2024-03-10 22:00:00+00:00,0.0,1.0,,0.4033666666666667,86.1571,-1.6428666666666667,4.152,
north_rustico,2024-03-10 23:00:00+00:00,0.0,1.0,,0.3774666666666667,90.7492,-0.9604,4.144666666666667,
north_rustico,2024-03-11 00:00:00+00:00,0.0,1.0,,0.32599999999999996,92.59729999999999,-0.7350666666666666,4.14325,
north_rustico,2024-03-11 01:00:00+00:00,0.0,1.0,,0.5421,92.2651,-0.5701,4.14075,
north_rustico,2024-03-11 02:00:00+00:00,0.0,1.0,,0.7292666666666666,92.17916666666666,-0.39743333333333336,4.138916666666667,
north_rustico,2024-03-11 03:00:00+00:00,0.0,1.0,,0.8757666666666667,92.7109,-0.1727,4.139666666666667,
north_rustico,2024-03-11 04:00:00+00:00,0.0,1.0,,1.0066666666666666,95.0236,0.2966666666666667,4.140583333333333,
north_rustico,2024-03-11 05:00:00+00:00,0.0,1.0,,1.4442333333333333,94.69303333333333,0.6842666666666666,4.139833333333333,
north_rustico,2024-03-11 06:00:00+00:00,0.0,1.0,,1.9140666666666666,94.0475,1.0564333333333333,4.139833333333333,
north_rustico,2024-03-11 07:00:00+00:00,0.2,1.0,,2.3236,92.2677,1.1977,4.1401666666666666,
north_rustico,2024-03-11 08:00:00+00:00,0.0,1.0,,2.2922000000000002,91.83676666666666,1.1015333333333333,4.142083333333333,
north_rustico,2024-03-11 09:00:00+00:00,0.0,1.0,,2.257833333333333,94.34813333333334,1.4426333333333332,4.140333333333333,
north_rustico,2024-03-11 10:00:00+00:00,0.0,2.066666666666667,,3.0164,95.88463333333333,2.4244666666666665,4.141583333333333,
north_rustico,2024-03-11 11:00:00+00:00,0.0,61.46666666666667,,3.0892666666666666,94.8893,2.3503666666666665,4.156,
north_rustico,2024-03-11 12:00:00+00:00,0.0,119.56666666666666,,2.6431666666666667,93.2999,1.6704333333333332,4.166416666666667,
north_rustico,2024-03-11 13:00:00+00:00,0.0,103.43333333333334,,2.568766666666667,94.28263333333332,1.7425666666666666,4.166833333333333,
north_rustico,2024-03-11 14:00:00+00:00,0.0,315.2,,3.9536666666666664,91.03096666666667,2.6179666666666668,4.17375,
north_rustico,2024-03-11 15:00:00+00:00,0.0,607.8666666666667,,4.5098666666666665,85.85923333333334,2.3521666666666667,4.177666666666666,
north_rustico,2024-03-11 16:00:00+00:00,0.0,499.2068965517241,,4.453366666666667,84.47593333333334,2.0675666666666666,4.179250000000001,
north_rustico,2024-03-11 17:00:00+00:00,0.0,387.3,,5.084733333333333,76.81816666666667,1.3468666666666667,4.180499999999999,
north_rustico,2024-03-11 18:00:00+00:00,0.0,210.56666666666666,,4.570666666666667,77.664,1.0095333333333334,4.180833333333333,
north_rustico,2024-03-11 19:00:00+00:00,0.0,172.5,,3.910766666666667,79.3372,0.6390999999999999,4.180583333333334,
north_rustico,2024-03-11 20:00:00+00:00,0.0,50.9,,1.9882333333333333,88.33076666666668,0.2598333333333333,4.1786666666666665,
north_rustico,2024-03-11 21:00:00+00:00,0.0,29.4,,1.2999333333333332,91.20643333333334,0.022766666666666668,4.177499999999999,
north_rustico,2024-03-11 22:00:00+00:00,0.0,1.6,,0.9988666666666667,92.33106666666666,-0.10683333333333334,4.157666666666667,
north_rustico,2024-03-11 23:00:00+00:00,0.0,1.0,,0.9553333333333334,92.30816666666666,-0.15360000000000001,4.147333333333333,
north_rustico,2024-03-12 00:00:00+00:00,0.0,1.0,,0.7006666666666667,93.07646666666666,-0.2924,4.140833333333333,
north_rustico,2024-03-12 01:00:00+00:00,0.0,1.0,,0.6126666666666666,94.43873333333333,-0.18033333333333335,4.13925,
north_rustico,2024-03-12 02:00:00+00:00,0.0,1.0,,0.6313333333333334,95.25416666666666,-0.04356666666666666,4.138583333333333,
north_rustico,2024-03-12 03:00:00+00:00,0.0,1.0,,0.43406666666666666,95.84953333333333,-0.15443333333333334,4.138,
north_rustico,2024-03-12 04:00:00+00:00,0.0,1.0,,0.19240000000000002,96.44856666666666,-0.3097333333333333,4.136083333333334,
north_rustico,2024-03-12 05:00:00+00:00,0.0,1.0,,-0.21513333333333332,97.07223333333333,-0.6283,4.136333333333334,
north_rustico,2024-03-12 06:00:00+00:00,0.0,1.0,,-1.2375,98.89043333333333,-1.3963666666666665,4.135083333333333,
north_rustico,2024-03-12 07:00:00+00:00,0.0,1.0,,-1.3368666666666666,99.2944,-1.4403333333333335,4.133916666666667,
north_rustico,2024-03-12 08:00:00+00:00,0.0,1.0,,-0.9585333333333333,99.5984,-1.0200333333333333,4.1339999999999995,
north_rustico,2024-03-12 09:00:00+00:00,0.0,1.0,,-0.7298666666666667,99.74843333333334,-0.7703666666666666,4.131666666666667,
north_rustico,2024-03-12 10:00:00+00:00,0.0,3.7333333333333334,,-0.8742,99.97833333333332,-0.8835999999999999,4.132916666666667,
north_rustico,2024-03-12 11:00:00+00:00,0.0,23.366666666666667,,-0.4331333333333333,100.0,-0.4387,4.14475,
north_rustico,2024-03-12 12:00:00+00:00,0.0,32.233333333333334,,-0.5769333333333333,100.0,-0.5826666666666667,4.153583333333334,
north_rustico,2024-03-12 13:00:00+00:00,0.0,95.7,,-0.6448666666666667,100.0,-0.6508666666666667,4.1611666666666665,
north_rustico,2024-03-12 14:00:00+00:00,0.0,151.36666666666667,,-0.5811333333333334,100.0,-0.5869666666666667,4.1658333333333335,
north_rustico,2024-03-12 15:00:00+00:00,0.2,201.53333333333333,,-0.4674333333333333,99.9992,-0.47323333333333334,4.172083333333333,
north_rustico,2024-03-12 16:00:00+00:00,0.0,192.13333333333333,,-0.37446666666666667,100.0,-0.38003333333333333,4.174416666666667,
north_rustico,2024-03-12 17:00:00+00:00,1.2000000000000002,260.2,,-0.0349,99.75916666666667,-0.07323333333333333,4.180499999999999,
north_rustico,2024-03-12 18:00:00+00:00,0.2,189.33333333333334,,0.0945,99.96686666666666,0.08516666666666667,4.18225,
north_rustico,2024-03-12 19:00:00+00:00,0.0,115.93333333333334,,0.07013333333333334,100.0,0.0653,4.183,
north_rustico,2024-03-12 20:00:00+00:00,0.0,55.2,,-0.0578,100.0,-0.0629,4.182166666666666,
north_rustico,2024-03-12 21:00:00+00:00,0.0,9.8,,-0.2366,100.0,-0.24206666666666665,4.171916666666667,
north_rustico,2024-03-12 22:00:00+00:00,0.0,1.2,,-0.25880000000000003,100.0,-0.26430000000000003,4.150083333333334,
north_rustico,2024-03-12 23:00:00+00:00,0.0,1.0,,-0.22653333333333334,100.0,-0.23206666666666667,4.140416666666666,
north_rustico,2024-03-13 00:00:00+00:00,0.0,1.0,,-0.15776666666666667,100.0,-0.16323333333333334,4.13775,
north_rustico,2024-03-13 01:00:00+00:00,0.0,1.0,,-0.11426666666666667,100.0,-0.11953333333333332,4.1354999999999995,
north_rustico,2024-03-13 02:00:00+00:00,0.0,1.0,,-0.10936666666666667,100.0,-0.1145,4.132750000000001,
north_rustico,2024-03-13 03:00:00+00:00,0.0,1.0,,-0.09523333333333334,100.0,-0.10026666666666667,4.132916666666667,
north_rustico,2024-03-13 04:00:00+00:00,0.0,1.0,,-0.09166666666666666,100.0,-0.0967,4.1335,
north_rustico,2024-03-13 05:00:00+00:00,0.0,1.0,,-0.06076666666666666,99.9607,-0.0712,4.1314166666666665,
north_rustico,2024-03-13 06:00:00+00:00,0.0,1.0,,-0.11356666666666666,99.74846666666667,-0.15333333333333332,4.131666666666667,
north_rustico,2024-03-13 07:00:00+00:00,0.0,1.0,,-0.1698,99.55973333333333,-0.23600000000000002,4.130916666666667,
north_rustico,2024-03-13 08:00:00+00:00,0.0,1.0,,-0.09933333333333333,98.9161,-0.2542333333333333,4.1314166666666665,
north_rustico,2024-03-13 09:00:00+00:00,0.0,1.0,,-0.08313333333333332,98.83716666666666,-0.24860000000000002,4.1315,
north_rustico,2024-03-13 10:00:00+00:00,0.0,3.6666666666666665,,-0.12853333333333333,99.33903333333333,-0.22496666666666665,4.13175,
north_rustico,2024-03-13 11:00:00+00:00,0.0,37.4,,-0.0157,99.25493333333334,-0.12363333333333333,4.144916666666666,
north_rustico,2024-03-13 12:00:00+00:00,0.0,80.7,,0.1131,99.05636666666668,-0.0223,4.158666666666666,
north_rustico,2024-03-13 13:00:00+00:00,0.0,138.6,,0.3797333333333333,98.62629999999999,0.18453333333333333,4.166833333333333,
north_rustico,2024-03-13 14:00:00+00:00,0.0,227.0,,0.8000666666666666,98.2645,0.5540333333333333,4.171583333333333,
north_rustico,2024-03-13 15:00:00+00:00,0.0,342.3,,1.6637,94.47013333333332,0.8661666666666666,4.1755,
north_rustico,2024-03-13 16:00:00+00:00,0.0,444.6333333333333,,2.510266666666667,88.5936,0.8178666666666667,4.179833333333334,
north_rustico,2024-03-13 17:00:00+00:00,0.0,280.5,,1.9197,89.79963333333333,0.41956666666666664,4.181166666666667,
north_rustico,2024-03-13 18:00:00+00:00,0.0,204.36666666666667,,1.4078333333333333,91.4438,0.16566666666666666,4.1825833333333335,
north_rustico,2024-03-13 19:00:00+00:00,0.0,146.3,,1.3270333333333333,91.06046666666666,0.027733333333333332,4.183833333333333,
north_rustico,2024-03-13 20:00:00+00:00,0.0,77.5,,0.9301999999999999,92.05659999999999,-0.21573333333333336,4.183333333333334,
north_rustico,2024-03-13 21:00:00+00:00,0.0,27.166666666666668,,0.6971333333333334,92.45726666666665,-0.3875,4.180583333333334,
north_rustico,2024-03-13 22:00:00+00:00,0.0,2.433333333333333,,0.4699,93.01013333333334,-0.5318666666666667,4.162166666666667,
north_rustico,2024-03-13 23:00:00+00:00,0.0,1.0,,0.20823333333333333,93.07246666666667,-0.7823333333333333,4.14625,
north_rustico,2024-03-14 00:00:00+00:00,0.0,1.0,,0.31026666666666664,91.68256666666666,-0.8865333333333333,4.139666666666667,
north_rustico,2024-03-14 01:00:00+00:00,0.0,1.0,,0.3718666666666667,91.15133333333333,-0.9052333333333333,4.135333333333333,
north_rustico,2024-03-14 02:00:00+00:00,0.0,1.0,,0.4578666666666667,89.96003333333333,-0.9995666666666666,4.132666666666666,
north_rustico,2024-03-14 03:00:00+00:00,0.0,1.0,,0.3560666666666667,90.15386666666667,-1.0705666666666667,4.1321666666666665,
north_rustico,2024-03-14 04:00:00+00:00,0.0,1.0,,0.24230000000000002,90.47463333333333,-1.135,4.129583333333334,
north_rustico,2024-03-14 05:00:00+00:00,0.0,1.0,,-0.1279,92.28343333333333,-1.2321,4.1290000000000004,
north_rustico,2024-03-14 06:00:00+00:00,0.0,1.0,,-0.23729999999999998,92.5771,-1.2974999999999999,4.127833333333334,
north_rustico,2024-03-14 07:00:00+00:00,0.0,1.0,,-0.3473333333333333,93.1766,-1.3187666666666666,4.128333333333333,
north_rustico,2024-03-14 08:00:00+00:00,0.0,1.0,,-0.4030333333333333,93.34316666666668,-1.35,4.12725,
north_rustico,2024-03-14 09:00:00+00:00,0.0,1.0,,-0.5432666666666666,94.11916666666666,-1.3765333333333334,4.1258333333333335,
north_rustico,2024-03-14 10:00:00+00:00,0.0,10.433333333333334,,-0.3058666666666667,94.0335,-1.153,4.1312500000000005,
north_rustico,2024-03-14 11:00:00+00:00,0.0,164.13333333333333,,2.0855333333333332,85.27163333333333,-0.15923333333333334,4.15625,
north_rustico,2024-03-14 12:00:00+00:00,0.0,335.03333333333336,,3.9958000000000005,77.47786666666666,0.41783333333333333,4.164166666666667,
north_rustico,2024-03-14 13:00:00+00:00,0.0,494.26666666666665,,4.456966666666667,76.29313333333333,0.6534,4.170416666666667,
north_rustico,2024-03-14 14:00:00+00:00,0.0,603.3333333333334,,4.3518,76.34583333333333,0.5617666666666666,4.1730833333333335,
north_rustico,2024-03-14 15:00:00+00:00,0.0,664.8,,4.880933333333333,74.49446666666667,0.7337,4.1777500000000005,
north_rustico,2024-03-14 16:00:00+00:00,0.0,462.6,,3.844266666666667,78.44573333333332,0.43943333333333334,4.176083333333334,
north_rustico,2024-03-14 17:00:00+00:00,0.0,396.76666666666665,,3.5131666666666663,80.01093333333333,0.39333333333333337,4.179,
north_rustico,2024-03-14 18:00:00+00:00,0.0,400.46666666666664,,4.3468,76.44256666666666,0.5721,4.180166666666667,
north_rustico,2024-03-14 19:00:00+00:00,0.0,380.1666666666667,,4.4562,75.58433333333333,0.5076333333333333,4.181416666666666,
north_rustico,2024-03-14 20:00:00+00:00,0.0,222.1,,5.041766666666667,73.75856666666667,0.7161333333333333,4.1819999999999995,
north_rustico,2024-03-14 21:00:00+00:00,0.0,68.13333333333334,,2.3107333333333333,83.71506666666667,-0.16299999999999998,4.18025,
north_rustico,2024-03-14 22:00:00+00:00,0.0,7.866666666666666,,0.7307,89.30983333333333,-0.8437333333333333,4.167666666666666,
north_rustico,2024-03-14 23:00:00+00:00,0.0,1.0,,0.16593333333333332,94.40383333333332,-0.63,4.1495,
north_rustico,2024-03-15 00:00:00+00:00,0.0,1.0,,0.22820000000000001,95.33413333333333,-0.4335333333333333,4.143,
north_rustico,2024-03-15 01:00:00+00:00,0.0,1.0,,0.19669999999999999,96.02956666666667,-0.36519999999999997,4.13775,
north_rustico,2024-03-15 02:00:00+00:00,0.0,1.0,,0.10943333333333333,96.42973333333333,-0.3951,4.13425,
north_rustico,2024-03-15 03:00:00+00:00,0.0,1.0,,0.10166666666666666,96.77686666666666,-0.3537,4.1315,
north_rustico,2024-03-15 04:00:00+00:00,0.0,1.0,,0.027066666666666666,97.15143333333334,-0.37496666666666667,4.130916666666667,
north_rustico,2024-03-15 05:00:00+00:00,0.0,1.0,,0.04016666666666667,97.29333333333334,-0.34199999999999997,4.128,
north_rustico,2024-03-15 06:00:00+00:00,0.0,1.0,,0.2459666666666667,97.34840000000001,-0.12866666666666665,4.127916666666667,
north_rustico,2024-03-15 07:00:00+00:00,0.0,1.0,,0.6398666666666667,96.96776666666666,0.21050000000000002,4.1265,
north_rustico,2024-03-15 08:00:00+00:00,0.0,1.0,,1.1369,95.4866,0.49363333333333337,4.127,
north_rustico,2024-03-15 09:00:00+00:00,0.0,1.0,,1.5607333333333335,94.482,0.769,4.1285,
north_rustico,2024-03-15 10:00:00+00:00,0.0,6.2,,1.8432,93.44096666666665,0.8965666666666667,4.128666666666667,
north_rustico,2024-03-15 11:00:00+00:00,0.0,58.733333333333334,,2.1728333333333336,91.90743333333333,0.9932666666666666,4.14525,
north_rustico,2024-03-15 12:00:00+00:00,0.0,132.06666666666666,,3.0736333333333334,87.99436666666666,1.2788,4.1555,
north_rustico,2024-03-15 13:00:00+00:00,0.0,189.53333333333333,215.0,3.9829999999999997,83.99319999999999,1.5255333333333332,4.2335714285714285,16.545454545454547
north_rustico,2024-03-15 14:00:00+00:00,0.0,252.9,208.0,4.286733333333333,83.32733333333334,1.714,4.30975,13.833333333333334
north_rustico,2024-03-15 15:00:00+00:00,0.0,266.56666666666666,184.0,5.058866666666666,80.13296666666666,1.9220333333333335,4.309916666666667,11.366666666666667
north_rustico,2024-03-15 16:00:00+00:00,0.0,345.8,201.0,6.333600000000001,75.72573333333334,2.3647333333333336,4.315,6.733333333333333
north_rustico,2024-03-15 17:00:00+00:00,0.0,327.5,41.0,7.012066666666667,74.24466666666667,2.745433333333333,4.301416666666666,9.633333333333333
north_rustico,2024-03-15 18:00:00+00:00,0.0,266.2,14.0,5.300566666666667,79.45053333333334,2.0376,4.310083333333334,11.766666666666667
north_rustico,2024-03-15 19:00:00+00:00,0.0,219.1,31.0,4.736533333333333,80.179,1.6118999999999999,4.312333333333333,11.6
north_rustico,2024-03-15 20:00:00+00:00,0.0,83.66666666666667,31.0,3.2230666666666665,85.51883333333333,1.0299,4.298333333333333,6.166666666666667
north_rustico,2024-03-15 21:00:00+00:00,0.0,27.966666666666665,28.0,2.5023,88.21996666666668,0.7521,4.294333333333333,6.666666666666667
north_rustico,2024-03-15 22:00:00+00:00,0.0,2.1333333333333333,24.0,1.6838666666666666,90.1721,0.24593333333333334,4.256583333333333,4.3
north_rustico,2024-03-15 23:00:00+00:00,0.0,1.0,6.0,1.7123666666666668,89.89116666666668,0.2308,4.232833333333333,1.9666666666666666
north_rustico,2024-03-16 00:00:00+00:00,0.0,1.0,122.0,1.5566333333333333,91.7593,0.3608,4.222416666666667,0.5666666666666667
north_rustico,2024-03-16 01:00:00+00:00,0.0,1.0,129.0,1.1682666666666668,93.2513,0.19756666666666664,4.214416666666667,1.8333333333333333
north_rustico,2024-03-16 02:00:00+00:00,0.0,1.0,272.0,-0.2537666666666667,94.86736666666667,-0.9809,4.208666666666667,0.7
north_rustico,2024-03-16 03:00:00+00:00,0.0,1.0,265.0,-0.8757333333333333,96.36066666666667,-1.3875,4.20325,2.3
north_rustico,2024-03-16 04:00:00+00:00,0.0,1.0,314.0,-0.9615666666666667,96.88256666666666,-1.3996,4.19775,2.7
north_rustico,2024-03-16 05:00:00+00:00,0.0,1.0,268.0,-1.7507666666666666,97.32233333333333,-2.1262333333333334,4.19375,1.9333333333333333
north_rustico,2024-03-16 06:00:00+00:00,0.0,1.0,274.0,-2.2132666666666667,97.80093333333333,-2.5219,4.188416666666666,1.9
north_rustico,2024-03-16 07:00:00+00:00,0.0,1.0,282.0,-2.1175333333333333,98.15863333333333,-2.3769,4.185666666666667,0.6666666666666666
north_rustico,2024-03-16 08:00:00+00:00,0.0,1.0,330.0,-1.5879,98.0047,-1.8688333333333333,4.182083333333334,4.2
north_rustico,2024-03-16 09:00:00+00:00,0.0,1.0,310.0,-1.6978,97.98656666666668,-1.9812333333333332,4.1786666666666665,1.3666666666666667
north_rustico,2024-03-16 10:00:00+00:00,0.0,6.833333333333333,330.0,-1.8894333333333333,98.8079,-2.0598666666666667,4.19625,3.7333333333333334
north_rustico,2024-03-16 11:00:00+00:00,0.0,67.53333333333333,330.0,-1.5321,99.09143333333333,-1.6634333333333333,4.295916666666667,4.566666666666666
north_rustico,2024-03-16 12:00:00+00:00,0.0,122.2,286.0,-0.14073333333333335,99.07836666666667,-0.27363333333333334,4.309083333333334,2.7666666666666666
north_rustico,2024-03-16 13:00:00+00:00,0.0,315.4,334.0,1.8781666666666665,91.36613333333334,0.6064333333333334,4.307916666666666,7.666666666666667
north_rustico,2024-03-16 14:00:00+00:00,0.0,615.6333333333333,302.0,4.5669666666666675,75.05636666666666,0.45383333333333337,4.31375,5.233333333333333
north_rustico,2024-03-16 15:00:00+00:00,0.0,700.6666666666666,105.0,5.6273,69.39503333333333,0.45263333333333333,4.3115,8.766666666666667
north_rustico,2024-03-16 16:00:00+00:00,0.0,721.4,24.0,6.453133333333333,66.81943333333334,0.7249666666666666,4.313583333333333,10.3
north_rustico,2024-03-16 17:00:00+00:00,0.0,672.9333333333333,58.0,4.8453,73.31296666666667,0.39693333333333336,4.315,10.066666666666666
north_rustico,2024-03-16 18:00:00+00:00,0.0,595.2666666666667,66.0,4.1939,78.47563333333332,0.7802,4.310333333333333,11.966666666666667
north_rustico,2024-03-16 19:00:00+00:00,0.0,381.03333333333336,60.0,4.460533333333333,72.67523333333334,-0.022666666666666665,4.31025,13.533333333333333
north_rustico,2024-03-16 20:00:00+00:00,0.0,177.3,73.0,4.052366666666667,75.51096666666668,0.11353333333333333,4.30875,7.966666666666667
north_rustico,2024-03-16 21:00:00+00:00,0.0,71.43333333333334,41.0,4.2604,75.55483333333333,0.26653333333333334,4.302083333333333,12.5
north_rustico,2024-03-16 22:00:00+00:00,0.0,3.7,138.0,3.381666666666667,79.5906,0.17729999999999999,4.27025,1.7666666666666666
north_rustico,2024-03-16 23:00:00+00:00,0.0,1.0,208.0,2.9957,72.92113333333333,-1.3827333333333334,4.242916666666667,12.966666666666667
north_rustico,2024-03-17 00:00:00+00:00,0.0,1.0,174.0,2.2148666666666665,75.47933333333334,-1.6671666666666667,4.2305,13.033333333333333
north_rustico,2024-03-17 01:00:00+00:00,0.0,1.0,188.0,1.7639333333333334,76.94796666666666,-1.8438666666666668,4.223833333333333,12.266666666666667
north_rustico,2024-03-17 02:00:00+00:00,0.0,1.0,167.0,1.6537666666666666,78.52250000000001,-1.6764666666666665,4.218583333333333,12.866666666666667
north_rustico,2024-03-17 03:00:00+00:00,0.0,1.0,153.0,1.8210333333333333,79.89243333333334,-1.2783333333333333,4.214083333333334,13.1
north_rustico,2024-03-17 04:00:00+00:00,0.2,1.0,177.0,1.6895,85.235,-0.5255333333333333,4.209083333333333,11.6
north_rustico,2024-03-17 05:00:00+00:00,0.0,1.0,171.0,1.8217666666666665,88.42886666666666,0.11326666666666667,4.20575,6.966666666666667
north_rustico,2024-03-17 06:00:00+00:00,0.0,1.0,164.0,1.9168999999999998,88.56576666666666,0.22763333333333333,4.203166666666667,6.366666666666666
north_rustico,2024-03-17 07:00:00+00:00,0.0,1.0,173.0,1.9055,87.5808,0.06233333333333334,4.200833333333334,10.166666666666666
north_rustico,2024-03-17 08:00:00+00:00,0.0,1.0,191.0,1.7237666666666667,90.3291,0.309,4.197916666666667,3.7666666666666666
north_rustico,2024-03-17 09:00:00+00:00,0.2,1.0,198.0,2.4530666666666665,89.2734,0.8665,4.195166666666666,7.166666666666667
north_rustico,2024-03-17 10:00:00+00:00,0.0,10.166666666666666,198.0,2.0791999999999997,91.1438,0.785,4.223,13.7
north_rustico,2024-03-17 11:00:00+00:00,0.0,71.36666666666666,170.0,2.1684666666666668,90.06216666666666,0.7085666666666667,4.30025,10.333333333333334
north_rustico,2024-03-17 12:00:00+00:00,0.0,108.0,166.0,2.583833333333333,89.77393333333333,1.0745,4.304916666666666,16.333333333333332
north_rustico,2024-03-17 13:00:00+00:00,0.0,260.53333333333336,171.0,4.000133333333333,84.54533333333333,1.6322,4.310583333333334,22.633333333333333
north_rustico,2024-03-17 14:00:00+00:00,0.0,287.8,171.0,4.232466666666666,81.7371,1.3916333333333335,4.313166666666667,29.466666666666665
north_rustico,2024-03-17 15:00:00+00:00,0.0,334.96666666666664,173.0,4.6414,78.52943333333333,1.2324666666666668,4.311083333333333,27.666666666666668
north_rustico,2024-03-17 16:00:00+00:00,0.0,272.23333333333335,161.0,4.594966666666666,74.9988,0.5509666666666667,4.307833333333334,33.766666666666666
north_rustico,2024-03-17 17:00:00+00:00,0.0,225.0,173.0,4.2975666666666665,77.51806666666667,0.7199666666666666,4.312916666666667,35.233333333333334
north_rustico,2024-03-17 18:00:00+00:00,0.0,234.73333333333332,157.0,4.9831666666666665,75.6986,1.0549666666666666,4.316166666666667,35.4
north_rustico,2024-03-17 19:00:00+00:00,0.0,220.4,161.0,5.496466666666667,73.63716666666666,1.1688333333333332,4.31525,39.06666666666667
north_rustico,2024-03-17 20:00:00+00:00,0.0,56.03333333333333,168.0,4.7694,77.3595,1.1485999999999998,4.301333333333333,35.06666666666667
north_rustico,2024-03-17 21:00:00+00:00,0.0,17.5,150.0,4.072266666666667,81.46653333333333,1.1843,4.295,25.466666666666665
north_rustico,2024-03-17 22:00:00+00:00,0.8,1.3333333333333333,131.0,2.8863,89.4564,1.3206,4.2588333333333335,27.533333333333335
north_rustico,2024-03-17 23:00:00+00:00,1.4000000000000001,1.0,118.0,1.5957000000000001,94.43463333333334,0.7954000000000001,4.23675,20.266666666666666
north_rustico,2024-03-18 00:00:00+00:00,0.2,1.0,105.0,0.8701000000000001,96.3587,0.3533,4.228916666666667,20.333333333333332
north_rustico,2024-03-18 01:00:00+00:00,0.2,1.0,121.0,0.8072,97.01333333333334,0.38416666666666666,4.221666666666667,25.666666666666668
north_rustico,2024-03-18 02:00:00+00:00,0.0,1.0,129.0,1.3549666666666667,96.19156666666666,0.8124666666666667,4.215583333333334,29.366666666666667
north_rustico,2024-03-18 03:00:00+00:00,0.0,1.0,133.0,1.8360333333333334,94.93033333333332,1.1088333333333333,4.2124999999999995,22.866666666666667
north_rustico,2024-03-18 04:00:00+00:00,0.0,1.0,160.0,2.1992666666666665,95.06126666666667,1.4897,4.209666666666666,16.3
north_rustico,2024-03-18 05:00:00+00:00,0.0,1.0,159.0,2.1562333333333332,96.0402,1.5898333333333334,4.20675,10.5
north_rustico,2024-03-18 06:00:00+00:00,0.0,1.0,180.0,2.105633333333333,96.8405,1.6551,4.205,11.5
north_rustico,2024-03-18 07:00:00+00:00,0.0,1.0,177.0,2.0384,97.10390000000001,1.6258333333333332,4.20275,9.7
north_rustico,2024-03-18 08:00:00+00:00,0.0,1.0,192.0,3.1636666666666664,93.84203333333333,2.2629666666666663,4.200666666666667,19.733333333333334
north_rustico,2024-03-18 09:00:00+00:00,0.0,1.0,233.0,2.7139,91.68333333333334,1.4969,4.198083333333334,24.433333333333334
north_rustico,2024-03-18 10:00:00+00:00,0.0,37.3,243.0,2.1535,90.9402,0.8282333333333334,4.2549166666666665,24.8
north_rustico,2024-03-18 11:00:00+00:00,0.0,188.23333333333332,243.0,3.040633333333333,87.63263333333333,1.1888666666666665,4.309916666666667,19.233333333333334
north_rustico,2024-03-18 12:00:00+00:00,0.0,361.6666666666667,234.0,4.1002,83.18313333333334,1.5050333333333332,4.311,25.966666666666665
north_rustico,2024-03-18 13:00:00+00:00,0.0,415.8333333333333,239.0,4.9003,81.25073333333333,1.9591666666666667,4.309666666666667,28.833333333333332
north_rustico,2024-03-18 14:00:00+00:00,0.0,472.76666666666665,220.0,5.548,77.57993333333334,1.9419666666666666,4.311166666666667,29.1
north_rustico,2024-03-18 15:00:00+00:00,0.0,590.2333333333333,223.0,6.184200000000001,73.60566666666666,1.8232333333333335,4.313583333333333,35.86666666666667
north_rustico,2024-03-18 16:00:00+00:00,0.0,319.03333333333336,230.0,5.979133333333333,74.7059,1.8261333333333334,4.3115,31.1
north_rustico,2024-03-18 17:00:00+00:00,0.0,462.23333333333335,223.0,6.7675,69.64193333333333,1.6101999999999999,4.3155833333333335,34.7
north_rustico,2024-03-18 18:00:00+00:00,0.0,460.43333333333334,241.0,6.7325333333333335,71.67783333333334,1.9812666666666667,4.314666666666667,33.166666666666664
north_rustico,2024-03-18 19:00:00+00:00,0.0,400.43333333333334,225.0,7.104333333333333,69.4748,1.8956333333333333,4.3155833333333335,31.266666666666666
north_rustico,2024-03-18 20:00:00+00:00,0.0,208.06666666666666,225.0,6.0327,72.15686666666667,1.4028999999999998,4.315666666666667,34.63333333333333
north_rustico,2024-03-18 21:00:00+00:00,0.0,61.8,233.0,5.699533333333333,71.3822,0.9250666666666666,4.302083333333333,26.433333333333334
north_rustico,2024-03-18 22:00:00+00:00,0.0,5.0,229.0,3.9059000000000004,84.20296666666667,1.4759666666666666,4.276166666666667,19.733333333333334
north_rustico,2024-03-18 23:00:00+00:00,0.0,1.0,234.0,3.1229333333333336,88.65526666666666,1.4327666666666665,4.244583333333334,14.533333333333333
north_rustico,2024-03-19 00:00:00+00:00,0.0,1.0,215.0,2.7904666666666667,88.74846666666667,1.1198666666666666,4.235083333333333,13.466666666666667
north_rustico,2024-03-19 01:00:00+00:00,0.0,1.0,232.0,2.6268000000000002,88.4037,0.9041333333333333,4.226500000000001,14.6
north_rustico,2024-03-19 02:00:00+00:00,0.0,1.0,225.0,2.426533333333333,87.25743333333334,0.5257333333333334,4.222416666666667,14.366666666666667
north_rustico,2024-03-19 03:00:00+00:00,0.0,1.0,244.0,1.7538333333333334,87.48573333333334,-0.10163333333333333,4.217333333333333,16.066666666666666
north_rustico,2024-03-19 04:00:00+00:00,0.0,1.0,236.0,1.1475333333333333,89.04886666666667,-0.4568333333333333,4.212166666666667,15.133333333333333
north_rustico,2024-03-19 05:00:00+00:00,0.0,1.0,253.0,0.6028333333333333,90.56023333333334,-0.7653,4.208583333333333,13.4
north_rustico,2024-03-19 06:00:00+00:00,0.0,1.0,230.0,0.008,92.0281,-1.1352,4.205666666666667,10.5
north_rustico,2024-03-19 07:00:00+00:00,0.0,1.0,234.0,-0.0843,92.58706666666667,-1.1440333333333332,4.202916666666667,13.7
north_rustico,2024-03-19 08:00:00+00:00,0.0,1.0,248.0,0.1945,92.08753333333334,-0.9413,4.2005,14.2
north_rustico,2024-03-19 09:00:00+00:00,0.0,1.0,246.0,0.25106666666666666,91.68339999999999,-0.9451,4.198416666666667,14.866666666666667
north_rustico,2024-03-19 10:00:00+00:00,0.0,8.8,244.0,0.19243333333333332,91.43163333333334,-1.0408333333333333,4.223583333333333,17.166666666666668
north_rustico,2024-03-19 11:00:00+00:00,0.0,74.63333333333334,250.0,0.33113333333333334,91.27453333333332,-0.9268666666666667,4.309333333333333,15.4
north_rustico,2024-03-19 12:00:00+00:00,0.0,129.9,250.0,0.5899,91.1476,-0.6894333333333333,4.311333333333334,15.633333333333333
north_rustico,2024-03-19 13:00:00+00:00,0.0,232.16666666666666,256.0,0.9817333333333333,89.47926666666667,-0.5550333333333334,4.305833333333333,17.266666666666666
north_rustico,2024-03-19 14:00:00+00:00,0.2,359.1666666666667,257.0,2.0734333333333335,87.10476666666666,0.1422,4.31375,15.633333333333333
north_rustico,2024-03-19 15:00:00+00:00,0.0,504.93333333333334,300.0,2.7282333333333337,82.85266666666666,0.10539999999999998,4.312666666666667,18.833333333333332
north_rustico,2024-03-19 16:00:00+00:00,0.0,478.3,324.0,1.633,84.09976666666667,-0.7711,4.322500000000001,17.866666666666667
north_rustico,2024-03-19 17:00:00+00:00,0.0,507.8666666666667,299.0,2.3586666666666667,79.99203333333334,-0.7395333333333334,4.31475,18.233333333333334
north_rustico,2024-03-19 18:00:00+00:00,0.0,541.6,307.0,3.759866666666667,73.80643333333335,-0.4870333333333334,4.319166666666667,17.0
north_rustico,2024-03-19 19:00:00+00:00,0.0,352.2,319.0,3.3580666666666668,72.93180000000001,-1.0378666666666667,4.315166666666667,14.433333333333334
north_rustico,2024-03-19 20:00:00+00:00,0.0,209.13333333333333,300.0,3.3267333333333338,72.15799999999999,-1.2165333333333335,4.319166666666667,11.4
north_rustico,2024-03-19 21:00:00+00:00,0.0,66.33333333333333,320.0,1.3948666666666665,79.6076,-1.7671666666666668,4.3068333333333335,9.866666666666667
north_rustico,2024-03-19 22:00:00+00:00,0.0,5.7,333.0,0.16293333333333332,86.60586666666667,-1.8083666666666667,4.2764999999999995,7.166666666666667
north_rustico,2024-03-19 23:00:00+00:00,0.0,1.0,268.0,-0.23583333333333334,89.4939,-1.7562666666666666,4.244083333333333,6.7
north_rustico,2024-03-20 00:00:00+00:00,0.0,1.0,271.0,-0.48673333333333335,87.84696666666667,-2.2585333333333333,4.231166666666667,6.466666666666667
north_rustico,2024-03-20 01:00:00+00:00,0.0,1.0,256.0,-0.7333999999999999,87.8648,-2.4994666666666663,4.222916666666666,7.533333333333333
north_rustico,2024-03-20 02:00:00+00:00,0.0,1.0,248.0,-1.1703666666666666,92.19483333333332,-2.2797666666666667,4.216666666666667,7.333333333333333
north_rustico,2024-03-20 03:00:00+00:00,0.0,1.0,211.0,-1.4863,93.73793333333333,-2.3693666666666666,4.210833333333333,6.033333333333333
north_rustico,2024-03-20 04:00:00+00:00,0.0,1.0,234.0,-1.6536,94.83840000000001,-2.3783000000000003,4.20775,7.533333333333333
north_rustico,2024-03-20 05:00:00+00:00,0.0,1.0,244.0,-0.9042666666666667,94.70983333333334,-1.6508666666666667,4.2035,11.9
north_rustico,2024-03-20 06:00:00+00:00,0.0,1.0,246.0,-1.005,95.10123333333333,-1.6952666666666665,4.20075,7.133333333333334
north_rustico,2024-03-20 07:00:00+00:00,0.0,1.0,248.0,-0.9122,95.32673333333334,-1.5706,4.1979999999999995,7.966666666666667
north_rustico,2024-03-20 08:00:00+00:00,0.0,1.0,250.0,-0.1208,94.5672,-0.8915333333333333,4.196,6.7
north_rustico,2024-03-20 09:00:00+00:00,0.0,1.0,222.0,0.16163333333333335,93.41380000000001,-0.7785333333333334,4.195666666666667,6.4
north_rustico,2024-03-20 10:00:00+00:00,0.0,6.466666666666667,230.0,0.35386666666666666,90.63036666666667,-1.0011999999999999,4.215166666666667,9.6
north_rustico,2024-03-20 11:00:00+00:00,0.0,69.23333333333333,197.0,0.5448666666666667,88.84110000000001,-1.0852666666666666,4.309083333333333,11.1
north_rustico,2024-03-20 12:00:00+00:00,0.0,261.1,215.0,1.2141333333333333,82.8045,-1.3899666666666666,4.3094166666666665,15.633333333333333
north_rustico,2024-03-20 13:00:00+00:00,0.0,500.03333333333336,230.0,2.3436,76.40343333333334,-1.3789333333333333,4.31025,18.433333333333334
north_rustico,2024-03-20 14:00:00+00:00,0.0,375.8,219.0,2.4831333333333334,72.3918,-1.9776333333333334,4.313,18.6
north_rustico,2024-03-20 15:00:00+00:00,0.0,597.7666666666667,246.0,3.260966666666667,68.8,-1.9186666666666667,4.319833333333333,21.433333333333334
north_rustico,2024-03-20 16:00:00+00:00,0.0,592.8333333333334,237.0,3.6569999999999996,63.61593333333334,-2.6,4.320083333333334,24.633333333333333
north_rustico,2024-03-20 17:00:00+00:00,0.0,561.7,248.0,4.281899999999999,58.919,-3.0477,4.316083333333333,18.1
north_rustico,2024-03-20 18:00:00+00:00,0.0,474.7,232.0,5.063266666666666,52.6079,-3.8457999999999997,4.31375,18.366666666666667
north_rustico,2024-03-20 19:00:00+00:00,0.0,436.8333333333333,174.0,5.630833333333333,52.54516666666667,-3.3201666666666667,4.318416666666667,21.333333333333332
north_rustico,2024-03-20 20:00:00+00:00,0.0,249.56666666666666,206.0,6.3286999999999995,45.941,-4.4637,4.31525,16.566666666666666
north_rustico,2024-03-20 21:00:00+00:00,0.0,90.56666666666666,183.0,5.633066666666666,51.271233333333335,-3.7104666666666666,4.3035,8.466666666666667
north_rustico,2024-03-20 22:00:00+00:00,0.0,6.5,119.0,3.9007666666666667,65.24073333333334,-2.0307,4.281166666666667,6.866666666666666
north_rustico,2024-03-20 23:00:00+00:00,0.0,1.0,126.0,2.943566666666667,68.59303333333334,-2.2619,4.2476666666666665,6.266666666666667
north_rustico,2024-03-21 00:00:00+00:00,0.0,1.0,110.0,2.7174666666666667,70.64959999999999,-2.0822666666666665,4.2355,11.866666666666667
north_rustico,2024-03-21 01:00:00+00:00,0.0,1.0,131.0,2.6882666666666664,73.54723333333332,-1.5631666666666668,4.2283333333333335,13.366666666666667
north_rustico,2024-03-21 02:00:00+00:00,0.0,1.0,154.0,2.699,74.68939999999999,-1.3508333333333333,4.222666666666666,16.633333333333333
north_rustico,2024-03-21 03:00:00+00:00,0.0,1.0,149.0,2.3543666666666665,81.1935,-0.5425,4.217083333333334,12.466666666666667
north_rustico,2024-03-21 04:00:00+00:00,0.0,1.0,115.0,2.6146666666666665,76.90413333333332,-1.0254,4.213583333333333,19.6
north_rustico,2024-03-21 05:00:00+00:00,0.0,1.0,128.0,2.679533333333333,81.00616666666666,-0.25043333333333334,4.210666666666667,23.666666666666668
north_rustico,2024-03-21 06:00:00+00:00,0.0,1.0,110.0,3.007233333333333,79.76386666666667,-0.14356666666666665,4.208333333333333,18.866666666666667
north_rustico,2024-03-21 07:00:00+00:00,0.0,1.0,119.0,2.8333,81.46956666666667,-0.0217,4.20625,25.666666666666668
north_rustico,2024-03-21 08:00:00+00:00,0.0,1.0,121.0,2.774,81.92020000000001,-0.0036999999999999997,4.2035833333333334,23.8
north_rustico,2024-03-21 09:00:00+00:00,0.0,1.0,119.0,2.8291,80.1773,-0.24596666666666664,4.200916666666667,27.766666666666666
north_rustico,2024-03-21 10:00:00+00:00,0.0,34.3,111.0,3.1794000000000002,80.23516666666666,0.1055,4.262083333333333,29.633333333333333
north_rustico,2024-03-21 11:00:00+00:00,0.0,49.63333333333333,112.0,3.4647,82.90296666666667,0.8376,4.3077499999999995,33.333333333333336
north_rustico,2024-03-21 12:00:00+00:00,0.4,24.1,121.0,3.5763000000000003,84.3043,1.1745333333333332,4.29925,36.733333333333334
north_rustico,2024-03-21 13:00:00+00:00,1.8,32.46666666666667,111.0,2.2899666666666665,92.47753333333334,1.1956666666666667,4.299416666666667,30.866666666666667
north_rustico,2024-03-21 14:00:00+00:00,2.6,52.833333333333336,117.0,1.4005666666666667,95.81666666666666,0.8033,4.3062499999999995,27.3
north_rustico,2024-03-21 15:00:00+00:00,0.6000000000000001,91.56666666666666,132.0,0.4670333333333333,97.43123333333332,0.1031,4.312666666666667,21.866666666666667
north_rustico,2024-03-21 16:00:00+00:00,0.2,451.1666666666667,187.0,0.8152,95.0886,0.10613333333333334,4.3145,17.1
north_rustico,2024-03-21 17:00:00+00:00,0.0,348.56666666666666,167.0,2.3085666666666667,82.8968,-0.3305,4.313916666666667,32.93333333333333
north_rustico,2024-03-21 18:00:00+00:00,0.0,523.5,199.0,2.4866,77.9635,-1.0810333333333333,4.313416666666667,35.9
north_rustico,2024-03-21 19:00:00+00:00,0.0,433.4,212.0,2.890533333333333,63.52386666666666,-3.347266666666667,4.31,52.266666666666666
north_rustico,2024-03-21 20:00:00+00:00,0.0,155.7,208.0,0.9353333333333332,71.49803333333332,-3.6402666666666668,4.31075,42.93333333333333
north_rustico,2024-03-21 21:00:00+00:00,0.0,64.36666666666666,198.0,0.4755333333333333,67.68453333333333,-4.804466666666667,4.30875,45.43333333333333
north_rustico,2024-03-21 22:00:00+00:00,0.0,5.5,208.0,-0.5167333333333334,74.1918,-4.557933333333334,4.2796666666666665,44.5
north_rustico,2024-03-21 23:00:00+00:00,0.0,1.0,209.0,-1.0722999999999998,77.13003333333333,-4.571533333333333,4.2435833333333335,49.766666666666666
north_rustico,2024-03-22 00:00:00+00:00,0.0,1.0,206.0,-1.1753,76.5197,-4.7794,4.230250000000001,47.266666666666666
north_rustico,2024-03-22 01:00:00+00:00,0.0,1.0,212.0,-1.8565333333333334,75.7206,-5.5786,4.221333333333333,44.766666666666666
north_rustico,2024-03-22 02:00:00+00:00,0.0,1.0,229.0,-2.203333333333333,71.79353333333333,-6.605366666666667,4.21575,47.43333333333333
north_rustico,2024-03-22 03:00:00+00:00,0.0,1.0,230.0,-2.5658666666666665,71.73033333333333,-6.9663666666666675,4.209333333333333,51.06666666666667
north_rustico,2024-03-22 04:00:00+00:00,0.0,1.0,229.0,-2.8496,72.50903333333333,-7.101,4.204166666666667,49.9
north_rustico,2024-03-22 05:00:00+00:00,0.0,1.0,236.0,-3.0619,70.67326666666666,-7.636633333333333,4.199833333333333,58.03333333333333
north_rustico,2024-03-22 06:00:00+00:00,0.0,1.0,237.0,-3.4873,74.02066666666666,-7.450933333333333,4.196833333333333,52.7
north_rustico,2024-03-22 07:00:00+00:00,0.0,1.0,234.0,-3.7605333333333335,73.61756666666666,-7.785066666666666,4.193333333333333,50.93333333333333
north_rustico,2024-03-22 08:00:00+00:00,0.0,1.0,241.0,-4.100633333333334,72.31976666666667,-8.343266666666667,4.191416666666666,53.03333333333333
north_rustico,2024-03-22 09:00:00+00:00,0.0,1.0,240.0,-4.956433333333334,78.7669,-8.0984,4.186833333333333,49.3
north_rustico,2024-03-22 10:00:00+00:00,0.0,6.333333333333333,234.0,-5.6765,84.87349999999999,-7.823333333333333,4.210999999999999,50.63333333333333
north_rustico,2024-03-22 11:00:00+00:00,0.0,72.3,240.0,-5.604966666666667,84.39413333333333,-7.826033333333333,4.301,47.333333333333336
north_rustico,2024-03-22 12:00:00+00:00,0.0,299.26666666666665,251.0,-4.799266666666667,77.59296666666665,-8.121166666666666,4.309916666666667,51.666666666666664
north_rustico,2024-03-22 13:00:00+00:00,0.0,495.6,250.0,-4.050033333333333,72.29593333333334,-8.2989,4.306666666666667,53.86666666666667
north_rustico,2024-03-22 14:00:00+00:00,0.0,538.6333333333333,244.0,-3.8455333333333335,70.90743333333333,-8.349499999999999,4.30525,56.9
north_rustico,2024-03-22 15:00:00+00:00,0.0,580.5172413793103,244.0,-3.1871333333333336,69.00783333333334,-8.0647,4.311083333333333,51.6
north_rustico,2024-03-22 16:00:00+00:00,0.0,686.3793103448276,250.0,-2.1561666666666666,66.71193333333333,-7.5124,4.311083333333333,54.7
north_rustico,2024-03-22 17:00:00+00:00,0.0,675.2,240.0,-1.2330333333333334,64.8513,-6.996666666666667,4.313666666666666,56.3
north_rustico,2024-03-22 18:00:00+00:00,0.0,585.2666666666667,247.0,-0.3652666666666667,62.3484,-6.6822,4.311916666666667,55.9
north_rustico,2024-03-22 19:00:00+00:00,0.0,468.6,248.0,0.20663333333333334,60.23253333333333,-6.591733333333334,4.315083333333333,56.4
north_rustico,2024-03-22 20:00:00+00:00,0.0,298.8,243.0,0.41333333333333333,58.33606666666666,-6.8107,4.312333333333333,55.46666666666667
north_rustico,2024-03-22 21:00:00+00:00,0.0,121.26666666666667,251.0,0.40826666666666667,57.16873333333333,-7.079166666666667,4.3075,50.46666666666667
north_rustico,2024-03-22 22:00:00+00:00,0.0,8.566666666666666,248.0,-0.5119,57.87316666666666,-7.7863,4.28275,49.1
north_rustico,2024-03-22 23:00:00+00:00,0.0,1.0,243.0,-1.339,57.878433333333334,-8.5625,4.240749999999999,50.96666666666667
north_rustico,2024-03-23 00:00:00+00:00,0.0,1.0,261.0,-1.9595333333333333,59.0534,-8.890600000000001,4.225416666666667,43.833333333333336
north_rustico,2024-03-23 01:00:00+00:00,0.0,1.0,260.0,-2.4585999999999997,56.79833333333333,-9.856300000000001,4.215416666666667,44.5
north_rustico,2024-03-23 02:00:00+00:00,0.0,1.0,261.0,-3.1657333333333333,56.692933333333336,-10.544133333333333,4.207,40.03333333333333
north_rustico,2024-03-23 03:00:00+00:00,0.0,1.0,263.0,-3.7161,56.729033333333334,-11.051566666666668,4.2015,41.233333333333334
north_rustico,2024-03-23 04:00:00+00:00,0.0,1.0,275.0,-4.2701,58.10706666666667,-11.274933333333333,4.194999999999999,36.06666666666667
north_rustico,2024-03-23 05:00:00+00:00,0.0,1.0,263.0,-4.7714,58.751,-11.611133333333333,4.18975,31.633333333333333
north_rustico,2024-03-23 06:00:00+00:00,0.0,1.0,271.0,-5.2897,59.289,-11.9847,4.187166666666667,30.366666666666667
north_rustico,2024-03-23 07:00:00+00:00,0.0,1.0,260.0,-5.6157,60.87076666666667,-11.967566666666666,4.183916666666667,26.533333333333335
north_rustico,2024-03-23 08:00:00+00:00,0.0,1.0,248.0,-5.8967,62.26473333333333,-11.952333333333334,4.1812499999999995,19.833333333333332
north_rustico,2024-03-23 09:00:00+00:00,0.0,1.0,250.0,-6.160466666666666,63.814,-11.897933333333333,4.179166666666666,21.233333333333334
north_rustico,2024-03-23 10:00:00+00:00,0.0,60.63333333333333,243.0,-6.198366666666667,64.51923333333333,-11.797933333333333,4.277,22.433333333333334
north_rustico,2024-03-23 11:00:00+00:00,0.0,232.9,253.0,-5.3305,62.34826666666667,-11.398133333333334,4.309583333333333,27.466666666666665
north_rustico,2024-03-23 12:00:00+00:00,0.0,351.46666666666664,260.0,-4.564033333333333,61.9731,-10.7457,4.307416666666667,25.0
north_rustico,2024-03-23 13:00:00+00:00,0.0,532.4,241.0,-3.5531333333333333,59.961133333333336,-10.202466666666668,4.30925,27.1
north_rustico,2024-03-23 14:00:00+00:00,0.0,385.3,227.0,-3.1163000000000003,56.713499999999996,-10.501566666666667,4.314166666666667,26.133333333333333
north_rustico,2024-03-23 15:00:00+00:00,0.0,280.0,243.0,-2.4665000000000004,49.099666666666664,-11.718066666666667,4.30875,22.866666666666667
north_rustico,2024-03-23 16:00:00+00:00,0.0,320.76666666666665,234.0,-1.3853666666666666,40.59556666666666,-13.071366666666668,4.31175,22.833333333333332
north_rustico,2024-03-23 17:00:00+00:00,0.0,182.36666666666667,222.0,-0.8699333333333333,36.263466666666666,-13.977066666666667,4.311083333333333,21.266666666666666
north_rustico,2024-03-23 18:00:00+00:00,0.0,122.9,240.0,-1.6236,53.750366666666665,-10.0656,4.313666666666667,21.366666666666667
north_rustico,2024-03-23 19:00:00+00:00,0.0,87.0,232.0,-3.1991666666666663,83.38183333333333,-5.641633333333333,4.3075833333333335,10.866666666666667
north_rustico,2024-03-23 20:00:00+00:00,0.0,49.9,160.0,-3.290033333333333,91.65603333333334,-4.461033333333333,4.3021666666666665,11.533333333333333
north_rustico,2024-03-23 21:00:00+00:00,0.0,18.133333333333333,152.0,-3.1964333333333332,94.3518,-3.9836,4.28425,10.133333333333333
north_rustico,2024-03-23 22:00:00+00:00,0.0,1.6666666666666667,107.0,-2.772366666666667,96.74043333333334,-3.2264666666666666,4.243666666666667,10.166666666666666
north_rustico,2024-03-23 23:00:00+00:00,0.0,1.0,98.0,-2.2376333333333336,97.5825,-2.5762333333333336,4.224333333333333,16.866666666666667
north_rustico,2024-03-24 00:00:00+00:00,0.0,1.0,83.0,-1.6929,97.47233333333334,-2.0475666666666665,4.2139999999999995,18.233333333333334
north_rustico,2024-03-24 01:00:00+00:00,0.0,1.0,90.0,-1.0615666666666668,93.42830000000001,-1.9949333333333332,4.206666666666667,18.0
north_rustico,2024-03-24 02:00:00+00:00,0.0,1.0,105.0,-0.32530000000000003,88.51876666666666,-1.9944,4.202333333333333,20.1
north_rustico,2024-03-24 03:00:00+00:00,0.0,1.0,105.0,1.0753666666666668,85.15333333333334,-1.1397333333333333,4.199416666666667,26.066666666666666
north_rustico,2024-03-24 04:00:00+00:00,1.4000000000000001,1.0,129.0,1.9690666666666667,89.00763333333333,0.3434666666666667,4.197166666666667,35.733333333333334
north_rustico,2024-03-24 05:00:00+00:00,0.8,1.0,132.0,2.8284333333333334,93.81230000000001,1.9310666666666667,4.1963333333333335,36.233333333333334
north_rustico,2024-03-24 06:00:00+00:00,0.4,1.0,133.0,4.1902333333333335,94.6112,3.4048666666666665,4.1955,42.9
north_rustico,2024-03-24 07:00:00+00:00,1.8,1.0,132.0,5.312799999999999,95.99396666666667,4.7295,4.195166666666666,47.86666666666667
north_rustico,2024-03-24 08:00:00+00:00,4.0,1.0,142.0,6.290133333333333,97.10893333333334,5.870266666666667,4.196416666666667,52.7
north_rustico,2024-03-24 09:00:00+00:00,6.0,1.0,133.0,7.2595,98.03866666666666,6.976833333333333,4.19825,54.43333333333333
north_rustico,2024-03-24 10:00:00+00:00,0.0,2.5,154.0,9.101133333333333,97.93683333333334,8.801566666666666,4.2035833333333334,50.4
north_rustico,2024-03-24 11:00:00+00:00,0.2,40.733333333333334,191.0,7.617666666666667,96.33196666666666,7.080633333333334,4.274333333333334,41.2
north_rustico,2024-03-24 12:00:00+00:00,0.0,108.2,268.0,0.6771999999999999,93.0261,-0.3237,4.313083333333333,44.1
north_rustico,2024-03-24 13:00:00+00:00,0.0,134.86666666666667,279.0,-0.7656333333333334,88.38426666666666,-2.4487333333333337,4.318583333333334,42.93333333333333
north_rustico,2024-03-24 14:00:00+00:00,0.0,292.1333333333333,281.0,-0.9343,83.93303333333333,-3.3131333333333335,4.319916666666667,41.4
north_rustico,2024-03-24 15:00:00+00:00,0.0,494.6,285.0,0.018733333333333334,77.31946666666666,-3.4780666666666664,4.313833333333333,35.233333333333334
north_rustico,2024-03-24 16:00:00+00:00,0.0,503.3,289.0,0.4769,74.10953333333333,-3.5991,4.312166666666667,29.766666666666666
north_rustico,2024-03-24 17:00:00+00:00,0.0,413.76666666666665,309.0,0.9816666666666667,71.3951,-3.6088333333333336,4.312583333333333,29.3
north_rustico,2024-03-24 18:00:00+00:00,0.0,371.1333333333333,300.0,1.0446666666666666,67.62013333333333,-4.2736,4.313833333333333,29.066666666666666
north_rustico,2024-03-24 19:00:00+00:00,0.0,287.43333333333334,295.0,0.9266666666666666,65.8179,-4.7454,4.313416666666667,29.8
north_rustico,2024-03-24 20:00:00+00:00,0.0,257.3,291.0,1.0954000000000002,62.406666666666666,-5.286133333333334,4.310583333333334,27.866666666666667
north_rustico,2024-03-24 21:00:00+00:00,0.0,98.7,306.0,0.5413666666666667,63.10943333333333,-5.663366666666667,4.311,24.233333333333334
north_rustico,2024-03-24 22:00:00+00:00,0.0,11.166666666666666,282.0,0.08516666666666667,65.23003333333334,-5.663333333333333,4.286833333333333,17.633333333333333
north_rustico,2024-03-24 23:00:00+00:00,0.0,1.0,285.0,-0.09573333333333332,67.55606666666667,-5.379933333333333,4.2450833333333335,13.6
north_rustico,2024-03-25 00:00:00+00:00,0.0,1.0,299.0,-0.23293333333333333,58.495400000000004,-7.393133333333334,4.229500000000001,21.4
north_rustico,2024-03-25 01:00:00+00:00,0.0,1.0,302.0,-0.37656666666666666,54.922333333333334,-8.3306,4.220666666666666,24.033333333333335
north_rustico,2024-03-25 02:00:00+00:00,0.0,1.0,305.0,-0.5519,55.70433333333334,-8.312966666666666,4.214583333333333,24.666666666666668
north_rustico,2024-03-25 03:00:00+00:00,0.0,1.0,326.0,-0.8399666666666666,56.4909,-8.403433333333334,4.208916666666666,21.7
north_rustico,2024-03-25 04:00:00+00:00,0.0,1.0,314.0,-1.0214333333333334,54.417833333333334,-9.0544,4.2026666666666666,21.633333333333333
north_rustico,2024-03-25 05:00:00+00:00,0.0,1.0,317.0,-1.2339333333333333,56.579766666666664,-8.752933333333333,4.198916666666666,15.733333333333333
north_rustico,2024-03-25 06:00:00+00:00,0.0,1.0,340.0,-1.3732666666666666,56.89273333333333,-8.814333333333334,4.19525,13.666666666666666
north_rustico,2024-03-25 07:00:00+00:00,0.0,1.0,330.0,-1.5019333333333333,60.3116,-8.189066666666667,4.1915000000000004,12.5
north_rustico,2024-03-25 08:00:00+00:00,0.0,1.0,3.0,-1.5926333333333331,59.50456666666666,-8.446366666666666,4.18875,11.833333333333334
north_rustico,2024-03-25 09:00:00+00:00,0.0,1.0,0.0,-1.6056,61.552,-8.028733333333333,4.184833333333334,11.166666666666666
north_rustico,2024-03-25 10:00:00+00:00,0.0,25.5,7.0,-1.3861666666666668,64.7654,-7.159766666666667,4.2585,11.0
north_rustico,2024-03-25 11:00:00+00:00,0.0,103.23333333333333,31.0,-0.6054333333333334,62.87893333333333,-6.799866666666667,4.305,15.133333333333333
north_rustico,2024-03-25 12:00:00+00:00,0.0,235.86666666666667,29.0,0.3774666666666667,58.6988,-6.771733333333333,4.314333333333333,16.1
north_rustico,2024-03-25 13:00:00+00:00,0.0,407.56666666666666,53.0,1.4378333333333333,57.376099999999994,-6.065966666666667,4.312583333333333,17.933333333333334
north_rustico,2024-03-25 14:00:00+00:00,0.0,505.8666666666667,48.0,1.5214333333333334,58.7528,-5.677133333333333,4.314416666666667,18.633333333333333
north_rustico,2024-03-25 15:00:00+00:00,0.0,568.0,62.0,0.47050000000000003,65.93599999999999,-5.156366666666667,4.314166666666667,22.433333333333334
north_rustico,2024-03-25 16:00:00+00:00,0.0,579.4,72.0,0.0566,64.42233333333334,-5.8556333333333335,4.315416666666667,21.833333333333332
north_rustico,2024-03-25 17:00:00+00:00,0.0,526.8666666666667,70.0,0.48336666666666667,60.26733333333333,-6.333466666666666,4.313833333333333,25.2
north_rustico,2024-03-25 18:00:00+00:00,0.0,450.23333333333335,72.0,0.9609666666666666,55.456300000000006,-6.968533333333334,4.313583333333333,27.133333333333333
north_rustico,2024-03-25 19:00:00+00:00,0.0,322.03333333333336,52.0,1.2090333333333334,55.197599999999994,-6.787566666666667,4.31,23.633333333333333
north_rustico,2024-03-25 20:00:00+00:00,0.0,187.96666666666667,35.0,0.6205333333333333,58.8538,-6.5047,4.311833333333333,18.666666666666668
north_rustico,2024-03-25 21:00:00+00:00,0.0,74.83333333333333,34.0,-0.4059666666666667,65.47053333333334,-6.0926,4.310333333333333,18.933333333333334
north_rustico,2024-03-25 22:00:00+00:00,0.0,7.8,49.0,-0.9270999999999999,68.8389,-5.927899999999999,4.281166666666667,22.866666666666667
north_rustico,2024-03-25 23:00:00+00:00,0.0,1.0,63.0,-0.8298666666666666,72.73299999999999,-5.111533333333333,4.239583333333333,26.133333333333333
north_rustico,2024-03-26 00:00:00+00:00,0.0,1.0,76.0,-0.7818666666666666,75.77613333333333,-4.523033333333333,4.226583333333333,23.466666666666665
north_rustico,2024-03-26 01:00:00+00:00,0.0,1.0,73.0,-0.7549666666666667,77.556,-4.187133333333334,4.218333333333333,23.1
north_rustico,2024-03-26 02:00:00+00:00,0.0,1.0,53.0,-0.9834999999999999,78.56873333333333,-4.2377,4.211083333333334,18.6
north_rustico,2024-03-26 03:00:00+00:00,0.0,1.0,55.0,-1.0207333333333333,81.04476666666666,-3.8615666666666666,4.206166666666667,19.5
north_rustico,2024-03-26 04:00:00+00:00,0.0,1.0,49.0,-0.9607333333333333,82.75586666666666,-3.5234333333333336,4.201666666666667,18.9
north_rustico,2024-03-26 05:00:00+00:00,0.0,1.0,55.0,-0.7541,81.83176666666667,-3.471233333333333,4.1972499999999995,22.233333333333334
north_rustico,2024-03-26 06:00:00+00:00,0.0,1.0,59.0,-0.5210333333333333,81.98356666666668,-3.2184666666666666,4.1931666666666665,25.466666666666665
north_rustico,2024-03-26 07:00:00+00:00,0.0,1.0,66.0,-0.5731666666666667,82.37466666666666,-3.205766666666667,4.192083333333334,21.766666666666666
north_rustico,2024-03-26 08:00:00+00:00,0.0,1.0,56.0,-0.7604333333333333,83.98783333333333,-3.129766666666667,4.19025,20.2
north_rustico,2024-03-26 09:00:00+00:00,0.0,1.0,55.0,-0.8370333333333334,85.32143333333333,-2.9933666666666667,4.187833333333333,22.233333333333334
north_rustico,2024-03-26 10:00:00+00:00,0.0,29.3,55.0,-0.6253666666666666,85.21640000000001,-2.8019666666666665,4.262333333333333,19.533333333333335
north_rustico,2024-03-26 11:00:00+00:00,0.0,150.06666666666666,56.0,0.2939333333333333,81.19193333333332,-2.5532,4.31325,21.366666666666667
north_rustico,2024-03-26 12:00:00+00:00,0.0,299.0,55.0,1.4664333333333335,79.13076666666666,-1.7586666666666666,4.311916666666667,21.733333333333334
north_rustico,2024-03-26 13:00:00+00:00,0.0,315.93333333333334,41.0,1.4385666666666665,79.4511,-1.7276333333333334,4.313166666666667,23.566666666666666
north_rustico,2024-03-26 14:00:00+00:00,0.0,477.6,55.0,1.9583333333333333,76.54516666666667,-1.7285666666666666,4.313416666666667,25.9
north_rustico,2024-03-26 15:00:00+00:00,0.0,370.23333333333335,52.0,1.7682666666666667,77.4954,-1.7439666666666667,4.318083333333333,24.333333333333332
north_rustico,2024-03-26 16:00:00+00:00,0.0,430.1,58.0,1.5750666666666668,77.3896,-1.9506333333333332,4.314333333333333,25.366666666666667
north_rustico,2024-03-26 17:00:00+00:00,0.0,317.8666666666667,52.0,2.049866666666667,78.05713333333333,-1.3726999999999998,4.316083333333333,20.333333333333332
north_rustico,2024-03-26 18:00:00+00:00,0.0,245.2,28.0,1.7731666666666668,81.07793333333333,-1.1249333333333333,4.3115,20.0
north_rustico,2024-03-26 19:00:00+00:00,0.0,327.93333333333334,53.0,2.0848,78.49706666666665,-1.2711000000000001,4.310083333333334,26.3
north_rustico,2024-03-26 20:00:00+00:00,0.0,78.06666666666666,67.0,1.3312333333333333,81.35940000000001,-1.5090333333333334,4.310083333333334,24.3
north_rustico,2024-03-26 21:00:00+00:00,0.0,20.333333333333332,52.0,1.0996333333333332,84.12353333333334,-1.2849,4.298333333333333,21.366666666666667
north_rustico,2024-03-26 22:00:00+00:00,1.4000000000000001,1.8333333333333333,53.0,0.5584,89.23186666666668,-1.0113999999999999,4.261666666666667,25.766666666666666
north_rustico,2024-03-26 23:00:00+00:00,1.2000000000000002,1.0,60.0,0.5656333333333333,89.20296666666667,-1.0083,4.23575,26.366666666666667
north_rustico,2024-03-27 00:00:00+00:00,1.0,1.0,59.0,0.5512,89.64519999999999,-0.9552666666666667,4.22475,26.066666666666666
north_rustico,2024-03-27 01:00:00+00:00,2.4000000000000004,1.0,59.0,0.35816666666666663,94.62816666666666,-0.4075666666666667,4.216,22.866666666666667
north_rustico,2024-03-27 02:00:00+00:00,1.4000000000000001,1.0,58.0,1.0303,97.37616666666666,0.6583666666666667,4.210916666666667,17.6
north_rustico,2024-03-27 03:00:00+00:00,1.8,1.0,81.0,2.0054666666666665,95.9021,1.4194333333333333,4.20675,13.866666666666667
north_rustico,2024-03-27 04:00:00+00:00,0.0,1.0,108.0,2.3579999999999997,94.97556666666667,1.6350333333333333,4.20325,10.933333333333334
north_rustico,2024-03-27 05:00:00+00:00,0.0,1.0,112.0,2.4673666666666665,94.1822,1.6270666666666667,4.2005,15.166666666666666
north_rustico,2024-03-27 06:00:00+00:00,0.0,1.0,138.0,2.5231333333333335,94.78126666666667,1.7710333333333332,4.19825,9.466666666666667
north_rustico,2024-03-27 07:00:00+00:00,0.0,1.0,154.0,2.7076,95.91936666666668,2.1215333333333333,4.19525,9.566666666666666
north_rustico,2024-03-27 08:00:00+00:00,0.0,1.0,102.0,2.3522333333333334,97.43503333333334,1.9867666666666668,4.194166666666667,7.166666666666667
north_rustico,2024-03-27 09:00:00+00:00,0.0,1.0,107.0,2.9198999999999997,97.77980000000001,2.6032,4.192583333333333,10.133333333333333
north_rustico,2024-03-27 10:00:00+00:00,0.0,11.933333333333334,131.0,3.5004,96.12143333333333,2.9415,4.230333333333333,13.033333333333333
north_rustico,2024-03-27 11:00:00+00:00,0.0,52.733333333333334,146.0,4.1874,94.60446666666667,3.4007,4.302499999999999,14.3
north_rustico,2024-03-27 12:00:00+00:00,0.0,126.13333333333334,159.0,4.943066666666667,93.25933333333334,3.9491333333333336,4.315916666666666,17.9
north_rustico,2024-03-27 13:00:00+00:00,0.2,148.8,167.0,5.6530000000000005,91.74866666666667,4.420866666666667,4.318583333333334,22.366666666666667
north_rustico,2024-03-27 14:00:00+00:00,0.0,199.93333333333334,150.0,6.5009,90.0238,4.987833333333333,4.323083333333333,19.6
north_rustico,2024-03-27 15:00:00+00:00,0.0,261.0,166.0,7.4789666666666665,88.7317,5.7472,4.319333333333334,22.966666666666665
north_rustico,2024-03-27 16:00:00+00:00,0.0,267.76666666666665,157.0,7.7156666666666665,89.05293333333334,6.033366666666667,4.3145,26.966666666666665
north_rustico,2024-03-27 17:00:00+00:00,0.0,216.03333333333333,157.0,7.878566666666667,89.82106666666667,6.318866666666667,4.316083333333333,23.2
north_rustico,2024-03-27 18:00:00+00:00,0.0,202.5,145.0,8.3133,90.30586666666666,6.827133333333333,4.3165000000000004,23.6
north_rustico,2024-03-27 19:00:00+00:00,0.0,74.83333333333333,149.0,8.258266666666668,91.7769,7.0081,4.3075833333333335,24.166666666666668
north_rustico,2024-03-27 20:00:00+00:00,0.0,68.53333333333333,156.0,8.661433333333333,92.36036666666668,7.5009,4.312083333333334,24.366666666666667
north_rustico,2024-03-27 21:00:00+00:00,0.0,25.933333333333334,166.0,8.8552,92.651,7.739133333333333,4.301166666666667,22.933333333333334
north_rustico,2024-03-27 22:00:00+00:00,0.0,3.8,153.0,8.525533333333334,93.324,7.517966666666666,4.275333333333333,18.7
north_rustico,2024-03-27 23:00:00+00:00,0.0,1.0,170.0,8.6515,94.51626666666667,7.829133333333333,4.2476666666666665,17.9
north_rustico,2024-03-28 00:00:00+00:00,0.0,1.0,168.0,8.769366666666667,96.24516666666666,8.213333333333333,4.237,19.0
north_rustico,2024-03-28 01:00:00+00:00,0.0,1.0,183.0,8.971766666666667,97.57916666666667,8.618166666666667,4.231166666666667,26.966666666666665
north_rustico,2024-03-28 02:00:00+00:00,0.0,1.0,164.0,9.2735,97.49916666666667,8.907266666666667,4.226333333333334,20.9
north_rustico,2024-03-28 03:00:00+00:00,0.0,1.0,168.0,9.49,96.57546666666667,8.982333333333335,4.222583333333334,21.466666666666665
north_rustico,2024-03-28 04:00:00+00:00,0.0,1.0,167.0,8.935333333333334,97.89586666666668,8.629866666666667,4.218583333333333,16.466666666666665
north_rustico,2024-03-28 05:00:00+00:00,0.0,1.0,168.0,8.910266666666667,97.73389999999999,8.580333333333334,4.215166666666667,14.4
north_rustico,2024-03-28 06:00:00+00:00,0.2,1.0,160.0,9.151133333333332,97.6554,8.809133333333333,4.212583333333334,14.233333333333333
north_rustico,2024-03-28 07:00:00+00:00,2.0,1.0,181.0,8.965300000000001,98.19343333333333,8.704566666666667,4.210166666666667,10.366666666666667
north_rustico,2024-03-28 08:00:00+00:00,4.4,1.0,156.0,9.4565,99.0591,9.326133333333333,4.20775,10.966666666666667
north_rustico,2024-03-28 09:00:00+00:00,3.2,1.0,198.0,11.002166666666666,98.55736666666667,10.7959,4.205916666666667,15.566666666666666
north_rustico,2024-03-28 10:00:00+00:00,1.4000000000000001,6.066666666666666,225.0,10.550366666666667,98.25829999999999,10.298633333333333,4.21875,5.166666666666667
north_rustico,2024-03-28 11:00:00+00:00,1.8,32.8,129.0,8.850233333333334,98.90053333333334,8.6961,4.2845,4.1
north_rustico,2024-03-28 12:00:00+00:00,1.2000000000000002,59.03333333333333,173.0,10.576033333333333,99.0032,10.437633333333334,4.300333333333334,4.066666666666666
north_rustico,2024-03-28 13:00:00+00:00,0.8,104.3,154.0,10.764733333333334,98.96213333333334,10.620299999999999,4.308916666666667,5.433333333333334
north_rustico,2024-03-28 14:00:00+00:00,1.4000000000000001,98.33333333333333,149.0,11.629933333333334,98.86486666666666,11.470733333333333,4.3068333333333335,5.4
north_rustico,2024-03-28 15:00:00+00:00,0.2,120.76666666666667,147.0,12.364866666666668,98.38056666666667,12.1311,4.315,11.166666666666666
north_rustico,2024-03-28 16:00:00+00:00,1.0,98.56666666666666,166.0,13.240566666666666,97.7415,12.906833333333333,4.306416666666666,13.066666666666666
north_rustico,2024-03-28 17:00:00+00:00,2.0,42.9,309.0,11.569166666666666,97.59609999999999,11.214833333333333,4.303916666666667,11.6
north_rustico,2024-03-28 18:00:00+00:00,1.4000000000000001,92.8,279.0,8.793066666666666,98.15273333333333,8.526333333333334,4.3115,3.8333333333333335
north_rustico,2024-03-28 19:00:00+00:00,0.6000000000000001,118.33333333333333,268.0,9.211166666666665,97.9468,8.913333333333332,4.309916666666667,2.2
north_rustico,2024-03-28 20:00:00+00:00,0.2,87.96666666666667,306.0,9.008266666666666,97.63526666666667,8.6637,4.307416666666667,8.733333333333333
north_rustico,2024-03-28 21:00:00+00:00,0.2,27.333333333333332,265.0,7.250966666666667,98.40356666666666,7.0226,4.301833333333334,2.3
north_rustico,2024-03-28 22:00:00+00:00,0.2,2.8333333333333335,268.0,7.634066666666667,98.83716666666668,7.470066666666667,4.272916666666666,2.6
north_rustico,2024-03-28 23:00:00+00:00,0.0,1.0,251.0,7.731933333333333,99.3713,7.6469000000000005,4.246416666666667,2.533333333333333
north_rustico,2024-03-29 00:00:00+00:00,0.6000000000000001,1.0,270.0,7.3187999999999995,99.30516666666668,7.223533333333333,4.236916666666667,2.466666666666667
north_rustico,2024-03-29 01:00:00+00:00,0.4,1.0,292.0,5.856066666666666,99.23493333333333,5.7496,4.230166666666666,5.3
north_rustico,2024-03-29 02:00:00+00:00,0.2,1.0,313.0,5.4507,99.33133333333333,5.357866666666666,4.2250000000000005,5.066666666666666
north_rustico,2024-03-29 03:00:00+00:00,0.2,1.0,350.0,5.1633000000000004,99.08586666666666,5.034800000000001,4.2205,4.033333333333333
north_rustico,2024-03-29 04:00:00+00:00,0.4,1.0,292.0,5.160466666666666,99.15963333333335,5.042633333333333,4.21625,2.9
north_rustico,2024-03-29 05:00:00+00:00,1.4000000000000001,1.0,334.0,3.308866666666667,99.12643333333334,3.1850666666666663,4.212916666666667,6.7
north_rustico,2024-03-29 06:00:00+00:00,2.4000000000000004,1.0,7.0,2.5753333333333335,99.38883333333334,2.4883,4.208833333333334,4.5
north_rustico,2024-03-29 07:00:00+00:00,2.2,1.0,38.0,2.876933333333333,99.62773333333332,2.8240333333333334,4.2050833333333335,2.6
north_rustico,2024-03-29 08:00:00+00:00,1.2000000000000002,1.0,31.0,3.1357666666666666,99.78576666666666,3.1054666666666666,4.20225,2.7666666666666666
north_rustico,2024-03-29 09:00:00+00:00,2.4000000000000004,1.0,289.0,3.518266666666667,99.96836666666667,3.5144666666666664,4.199916666666667,3.966666666666667
north_rustico,2024-03-29 10:00:00+00:00,0.4,7.6,331.0,3.4467333333333334,99.87783333333333,3.429933333333333,4.2244166666666665,1.4333333333333333
north_rustico,2024-03-29 11:00:00+00:00,0.8,39.166666666666664,351.0,3.6834333333333333,99.6569,3.6355333333333335,4.301083333333334,0.4
north_rustico,2024-03-29 12:00:00+00:00,0.2,106.83333333333333,351.0,4.264666666666667,98.80606666666667,4.095166666666667,4.3145,0.4666666666666667
north_rustico,2024-03-29 13:00:00+00:00,0.4,268.53333333333336,74.0,5.395700000000001,97.07706666666667,4.971733333333333,4.31575,1.2666666666666666
north_rustico,2024-03-29 14:00:00+00:00,0.0,223.0,98.0,7.2459333333333324,95.50173333333333,6.581166666666666,4.317666666666667,2.3333333333333335
north_rustico,2024-03-29 15:00:00+00:00,1.2000000000000002,128.26666666666668,18.0,7.3224,96.4948,6.8080333333333325,4.3175,2.533333333333333
north_rustico,2024-03-29 16:00:00+00:00,0.0,161.3,352.0,7.0887,95.86643333333333,6.479933333333333,4.31125,3.5
north_rustico,2024-03-29 17:00:00+00:00,0.4,212.5,0.0,8.627866666666668,93.94319999999999,7.716066666666666,4.316083333333333,3.1
north_rustico,2024-03-29 18:00:00+00:00,0.0,143.5,4.0,8.7351,94.36043333333333,7.8881,4.315083333333333,4.5
north_rustico,2024-03-29 19:00:00+00:00,2.2,60.03333333333333,0.0,7.362466666666666,97.14513333333333,6.945133333333334,4.308666666666666,2.7333333333333334
north_rustico,2024-03-29 20:00:00+00:00,1.6,66.6,49.0,4.800066666666667,97.26906666666667,4.4067,4.310083333333333,3.4
north_rustico,2024-03-29 21:00:00+00:00,0.2,68.16666666666667,81.0,4.943066666666667,97.71153333333334,4.614566666666666,4.3084999999999996,0.9666666666666667
north_rustico,2024-03-29 22:00:00+00:00,0.2,14.933333333333334,156.0,9.001066666666667,99.26446666666666,8.902833333333332,4.288083333333334,6.166666666666667
north_rustico,2024-03-29 23:00:00+00:00,0.0,1.0,105.0,11.304599999999999,97.95963333333334,11.005066666666666,4.251166666666666,15.3
north_rustico,2024-03-30 00:00:00+00:00,0.0,1.0,73.0,12.195366666666667,98.33443333333334,11.952066666666667,4.240916666666666,22.1
north_rustico,2024-03-30 01:00:00+00:00,0.0,1.0,129.0,12.218333333333334,96.0861,11.626366666666666,4.2345,22.233333333333334
north_rustico,2024-03-30 02:00:00+00:00,0.0,1.0,122.0,11.3776,90.96783333333333,9.9667,4.230250000000001,34.733333333333334
north_rustico,2024-03-30 03:00:00+00:00,0.0,1.0,121.0,8.634966666666665,87.3119,6.653666666666667,4.223833333333333,39.833333333333336
north_rustico,2024-03-30 04:00:00+00:00,0.0,1.0,132.0,6.627433333333333,88.86043333333333,4.926466666666667,4.218166666666666,41.0
north_rustico,2024-03-30 05:00:00+00:00,0.0,1.0,146.0,5.8274333333333335,90.30856666666666,4.367999999999999,4.214416666666667,38.86666666666667
north_rustico,2024-03-30 06:00:00+00:00,0.0,1.0,140.0,5.217666666666667,89.56606666666667,3.6471333333333336,4.210333333333334,42.0
north_rustico,2024-03-30 07:00:00+00:00,0.0,1.0,143.0,4.476933333333333,91.5319,3.2183333333333333,4.205333333333333,37.9
north_rustico,2024-03-30 08:00:00+00:00,0.0,1.0,145.0,4.143866666666667,96.3122,3.6111,4.202,23.533333333333335
north_rustico,2024-03-30 09:00:00+00:00,0.0,1.0333333333333334,161.0,4.6193,96.15283333333333,4.061766666666666,4.2005,24.6
north_rustico,2024-03-30 10:00:00+00:00,0.0,26.866666666666667,175.0,4.213233333333333,94.64323333333333,3.432466666666667,4.254583333333334,28.266666666666666
north_rustico,2024-03-30 11:00:00+00:00,0.0,77.86666666666666,197.0,3.6284,94.16593333333334,2.7790666666666666,4.3069999999999995,29.533333333333335
north_rustico,2024-03-30 12:00:00+00:00,0.0,134.73333333333332,220.0,3.4324333333333334,94.02526666666667,2.5631666666666666,4.3165000000000004,32.1
north_rustico,2024-03-30 13:00:00+00:00,0.0,296.03333333333336,216.0,3.729966666666667,91.85016666666667,2.5294666666666665,4.31675,35.766666666666666
north_rustico,2024-03-30 14:00:00+00:00,0.0,226.8,227.0,3.4624333333333337,92.5099,2.364933333333333,4.316833333333333,35.56666666666667
north_rustico,2024-03-30 15:00:00+00:00,0.0,218.56666666666666,233.0,3.4917666666666665,91.17816666666666,2.190233333333333,4.311,34.53333333333333
north_rustico,2024-03-30 16:00:00+00:00,0.0,268.5,225.0,3.558966666666667,88.14896666666667,1.7835666666666665,4.312416666666667,42.86666666666667
north_rustico,2024-03-30 17:00:00+00:00,0.0,249.53333333333333,227.0,3.1694,87.82476666666666,1.3478999999999999,4.314416666666667,43.666666666666664
north_rustico,2024-03-30 18:00:00+00:00,0.0,289.2,244.0,3.2000333333333333,85.0043,0.9148999999999999,4.316083333333333,42.96666666666667
north_rustico,2024-03-30 19:00:00+00:00,0.0,147.86666666666667,251.0,3.0527666666666664,76.65423333333334,-0.6445000000000001,4.312416666666667,47.333333333333336
north_rustico,2024-03-30 20:00:00+00:00,0.0,87.66666666666667,247.0,2.589566666666667,75.87036666666667,-1.2342000000000002,4.308916666666667,43.333333333333336
north_rustico,2024-03-30 21:00:00+00:00,0.0,44.0,260.0,2.0505666666666666,76.06153333333333,-1.7227999999999999,4.3068333333333335,38.3
north_rustico,2024-03-30 22:00:00+00:00,0.0,6.0,250.0,1.8269333333333333,76.52116666666667,-1.8581666666666665,4.279083333333333,34.9
north_rustico,2024-03-30 23:00:00+00:00,0.0,1.0,248.0,1.5743333333333331,75.33683333333333,-2.3144666666666667,4.242666666666667,38.1
north_rustico,2024-03-31 00:00:00+00:00,0.0,1.0,257.0,1.387,74.61496666666667,-2.6263333333333336,4.228000000000001,37.46666666666667
north_rustico,2024-03-31 01:00:00+00:00,0.0,1.0,257.0,1.1177,73.70393333333332,-3.0513,4.219666666666666,32.63333333333333
north_rustico,2024-03-31 02:00:00+00:00,0.0,1.0,260.0,0.9845666666666666,72.85593333333333,-3.335166666666667,4.213666666666667,30.166666666666668
north_rustico,2024-03-31 03:00:00+00:00,0.0,1.0,256.0,0.8494333333333334,71.5564,-3.7058666666666666,4.207916666666667,28.966666666666665
north_rustico,2024-03-31 04:00:00+00:00,0.0,1.0,263.0,0.4891666666666667,71.04003333333334,-4.1494333333333335,4.203833333333333,27.6
north_rustico,2024-03-31 05:00:00+00:00,0.0,1.0,248.0,0.11433333333333334,70.42886666666666,-4.624366666666666,4.200833333333333,27.8
north_rustico,2024-03-31 06:00:00+00:00,0.0,1.0,256.0,-0.10213333333333334,71.28396666666667,-4.674033333333333,4.196000000000001,28.733333333333334
north_rustico,2024-03-31 07:00:00+00:00,0.0,1.0,257.0,-0.6605000000000001,72.59326666666666,-4.971466666666667,4.192,24.066666666666666
north_rustico,2024-03-31 08:00:00+00:00,0.0,1.0,260.0,-0.9893,72.76276666666666,-5.258566666666667,4.189333333333333,19.833333333333332
north_rustico,2024-03-31 09:00:00+00:00,0.0,1.1666666666666667,260.0,-1.1566333333333332,72.3216,-5.500466666666667,4.188416666666667,22.266666666666666
north_rustico,2024-03-31 10:00:00+00:00,0.0,23.6,268.0,-1.2146000000000001,70.31826666666666,-5.9245,4.268,27.766666666666666
north_rustico,2024-03-31 11:00:00+00:00,0.0,110.73333333333333,265.0,-1.2168666666666668,68.38619999999999,-6.290166666666667,4.3115,29.066666666666666
north_rustico,2024-03-31 12:00:00+00:00,0.0,170.56666666666666,264.0,-1.1596,67.30463333333334,-6.444866666666667,4.309833333333334,27.8
north_rustico,2024-03-31 13:00:00+00:00,0.0,191.5,256.0,-0.9235666666666666,67.83843333333333,-6.114133333333333,4.31225,25.6
north_rustico,2024-03-31 14:00:00+00:00,0.0,270.5,261.0,-0.6848,66.73056666666666,-6.1015,4.31025,23.466666666666665
north_rustico,2024-03-31 15:00:00+00:00,0.0,407.06666666666666,253.0,0.038599999999999995,63.92126666666666,-5.9748,4.315166666666666,25.1
north_rustico,2024-03-31 16:00:00+00:00,0.0,343.23333333333335,246.0,0.4534333333333333,65.40153333333333,-5.2792666666666666,4.31,25.766666666666666
north_rustico,2024-03-31 17:00:00+00:00,0.0,373.03333333333336,248.0,1.1260666666666665,62.24276666666667,-5.2921000000000005,4.31125,24.866666666666667
north_rustico,2024-03-31 18:00:00+00:00,0.0,539.8333333333334,279.0,2.7662666666666667,57.0732,-4.8924666666666665,4.312166666666667,22.433333333333334
north_rustico,2024-03-31 19:00:00+00:00,0.0,389.96666666666664,279.0,4.2496,52.5719,-4.5864666666666665,4.315333333333333,21.5
north_rustico,2024-03-31 20:00:00+00:00,0.0,138.96666666666667,275.0,3.1908000000000003,61.2628,-3.6015333333333337,4.31175,12.866666666666667
north_rustico,2024-03-31 21:00:00+00:00,0.0,123.43333333333334,25.0,3.3095,64.79043333333333,-2.717,4.3125,8.1
north_rustico,2024-03-31 22:00:00+00:00,0.0,29.1,46.0,2.3186000000000004,68.56156666666668,-2.9628666666666663,4.29725,3.3
north_rustico,2024-03-31 23:00:00+00:00,0.0,1.0,56.0,-0.34890000000000004,77.5496,-3.7939333333333334,4.249916666666667,3.0
north_rustico,2024-04-01 00:00:00+00:00,0.0,1.0,334.0,0.48336666666666667,73.97786666666667,-3.6152666666666664,4.229833333333334,11.0
north_rustico,2024-04-01 01:00:00+00:00,0.0,1.0,320.0,0.5747666666666666,74.1601,-3.494266666666667,4.219166666666666,9.666666666666666
north_rustico,2024-04-01 02:00:00+00:00,0.0,1.0,293.0,0.7443666666666666,76.0695,-2.99,4.2115833333333335,8.9
