station,timestamp_utc,rain_mm,solar_radiation_w_m2,air_temperature_c,relative_humidity_pct,wind_direction_deg,dew_point_c,battery_v,wind_speed_ms,wind_gust_speed_max_kmh
north_rustico,2023-08-01 03:00:00+00:00,0.0,1.0,,,234.0,14.5745,4.281833333333333,,
north_rustico,2023-08-01 04:00:00+00:00,0.0,1.0,,,232.0,15.0,4.2805,,
north_rustico,2023-08-01 05:00:00+00:00,0.0,1.0,,,223.0,15.3565,4.2804166666666665,,
north_rustico,2023-08-01 06:00:00+00:00,0.0,1.0,,,222.0,15.519,4.279833333333333,,
north_rustico,2023-08-01 07:00:00+00:00,0.0,1.0,,,232.0,15.281,4.2781666666666665,,
north_rustico,2023-08-01 08:00:00+00:00,0.0,1.0,,,234.0,15.197500000000002,4.278583333333333,,
north_rustico,2023-08-01 09:00:00+00:00,0.0,13.0,,,241.0,15.3985,4.303,,
north_rustico,2023-08-01 10:00:00+00:00,0.0,128.5,,,246.0,15.552499999999998,4.308583333333334,,
north_rustico,2023-08-01 11:00:00+00:00,0.0,281.5,,,253.0,16.0625,4.313,,
north_rustico,2023-08-01 12:00:00+00:00,0.0,539.0,,,248.0,13.857,4.311916666666667,,
north_rustico,2023-08-01 13:00:00+00:00,0.0,788.5,,,267.0,12.617,4.308833333333333,,
north_rustico,2023-08-01 14:00:00+00:00,0.0,677.5,,,261.0,12.9795,4.3075,,
north_rustico,2023-08-01 15:00:00+00:00,0.0,874.5,,,248.0,10.8555,4.309333333333334,,
north_rustico,2023-08-01 16:00:00+00:00,0.0,579.0,,,272.0,10.948,4.300333333333334,,
north_rustico,2023-08-01 17:00:00+00:00,0.0,854.5,,,240.0,10.7045,4.3105,,
north_rustico,2023-08-01 18:00:00+00:00,0.0,500.0,,,260.0,9.958,4.310416666666667,,
north_rustico,2023-08-01 19:00:00+00:00,0.0,325.0,,,278.0,10.567499999999999,4.30975,,
north_rustico,2023-08-01 20:00:00+00:00,0.0,634.0,,,293.0,11.032499999999999,4.301166666666667,,
north_rustico,2023-08-01 21:00:00+00:00,0.0,236.5,,,312.0,10.566,4.304166666666666,,
north_rustico,2023-08-01 22:00:00+00:00,0.0,171.0,,,347.0,12.3195,4.3,,
north_rustico,2023-08-01 23:00:00+00:00,0.0,21.0,,,44.0,13.190999999999999,4.29925,,
north_rustico,2023-08-02 00:00:00+00:00,0.0,1.0,,,229.0,12.706499999999998,4.292833333333333,,
north_rustico,2023-08-02 01:00:00+00:00,0.0,1.0,,,226.0,12.206499999999998,4.289333333333333,,
north_rustico,2023-08-02 02:00:00+00:00,0.0,1.0,,,239.0,13.1825,4.286499999999999,,
north_rustico,2023-08-02 03:00:00+00:00,0.0,1.0,,,239.0,13.3325,4.281333333333333,,
north_rustico,2023-08-02 04:00:00+00:00,0.0,1.0,,,284.0,12.858,4.280166666666667,,
north_rustico,2023-08-02 05:00:00+00:00,0.0,1.0,,,232.0,12.178,4.279333333333334,,
north_rustico,2023-08-02 06:00:00+00:00,0.0,1.0,,,233.0,12.419,4.27775,,
north_rustico,2023-08-02 07:00:00+00:00,0.0,1.0,,,244.0,12.04,4.2772499999999996,,
north_rustico,2023-08-02 08:00:00+00:00,0.0,1.0,,,246.0,12.467500000000001,4.277666666666667,,
north_rustico,2023-08-02 09:00:00+00:00,0.0,39.5,,,243.0,13.02,4.30175,,
north_rustico,2023-08-02 10:00:00+00:00,0.0,186.0,,,248.0,13.5825,4.3115,,
north_rustico,2023-08-02 11:00:00+00:00,0.0,358.0,,,251.0,13.9725,4.311416666666667,,
north_rustico,2023-08-02 12:00:00+00:00,0.0,523.5,,,246.0,14.129,4.30975,,
north_rustico,2023-08-02 13:00:00+00:00,0.0,664.0,,,244.0,11.527000000000001,4.307166666666666,,
north_rustico,2023-08-02 14:00:00+00:00,0.0,775.0,,,253.0,10.6235,4.310666666666667,,
north_rustico,2023-08-02 15:00:00+00:00,0.0,882.0,,,247.0,11.199,4.3180000000000005,,
north_rustico,2023-08-02 16:00:00+00:00,0.0,897.5,,,247.0,10.6755,4.303833333333333,,
north_rustico,2023-08-02 17:00:00+00:00,0.0,842.5,,,258.0,10.278500000000001,4.309083333333334,,
north_rustico,2023-08-02 18:00:00+00:00,0.0,758.5,,,256.0,9.854500000000002,4.29975,,
north_rustico,2023-08-02 19:00:00+00:00,0.0,647.5,,,258.0,9.682,4.311083333333333,,
north_rustico,2023-08-02 20:00:00+00:00,0.0,458.5,,,263.0,10.315999999999999,4.305416666666667,,
north_rustico,2023-08-02 21:00:00+00:00,0.0,297.5,,,331.0,11.904,4.303,,
north_rustico,2023-08-02 22:00:00+00:00,0.0,163.5,,,31.0,12.5145,4.300166666666667,,
north_rustico,2023-08-02 23:00:00+00:00,0.0,24.5,,,53.0,13.664,4.2995,,
north_rustico,2023-08-03 00:00:00+00:00,0.0,1.0,,,213.0,13.956,4.293083333333334,,
north_rustico,2023-08-03 01:00:00+00:00,0.0,1.0,,,233.0,12.7655,4.2893333333333326,,
north_rustico,2023-08-03 02:00:00+00:00,0.0,1.0,,,205.0,12.508500000000002,4.286666666666666,,
north_rustico,2023-08-03 03:00:00+00:00,0.0,1.0,,,223.0,12.6585,4.28125,,
north_rustico,2023-08-03 04:00:00+00:00,0.0,1.0,,,248.0,12.591999999999999,4.279916666666667,,
north_rustico,2023-08-03 05:00:00+00:00,0.0,1.0,,,225.0,12.7515,4.279833333333333,,
north_rustico,2023-08-03 06:00:00+00:00,0.0,1.0,,,225.0,13.100000000000001,4.279,,
north_rustico,2023-08-03 07:00:00+00:00,0.0,1.0,,,227.0,13.253,4.27775,,
north_rustico,2023-08-03 08:00:00+00:00,0.0,1.0,,,239.0,13.282,4.278,,
north_rustico,2023-08-03 09:00:00+00:00,0.0,35.0,,,243.0,13.464500000000001,4.304416666666667,,
north_rustico,2023-08-03 10:00:00+00:00,0.0,164.0,,,243.0,13.909500000000001,4.307166666666666,,
north_rustico,2023-08-03 11:00:00+00:00,0.0,352.5,,,234.0,14.297,4.309666666666667,,
north_rustico,2023-08-03 12:00:00+00:00,0.0,516.5,,,223.0,14.126999999999999,4.309666666666667,,
north_rustico,2023-08-03 13:00:00+00:00,0.0,655.5,,,222.0,13.696,4.3060833333333335,,
north_rustico,2023-08-03 14:00:00+00:00,0.0,770.0,,,220.0,11.5465,4.30225,,
north_rustico,2023-08-03 15:00:00+00:00,0.0,988.0,,,225.0,9.856,4.317333333333333,,
north_rustico,2023-08-03 16:00:00+00:00,0.0,933.0,,,208.0,8.6555,4.301833333333334,,
north_rustico,2023-08-03 17:00:00+00:00,0.0,840.5,,,197.0,8.6375,4.312166666666667,,
north_rustico,2023-08-03 18:00:00+00:00,0.0,729.5,,,192.0,9.086,4.3053333333333335,,
north_rustico,2023-08-03 19:00:00+00:00,0.0,442.5,,,205.0,11.015,4.3021666666666665,,
north_rustico,2023-08-03 20:00:00+00:00,0.0,318.5,,,197.0,10.5665,4.31125,,
north_rustico,2023-08-03 21:00:00+00:00,0.0,175.0,,,159.0,11.251,4.300833333333333,,
north_rustico,2023-08-03 22:00:00+00:00,0.0,126.0,,,149.0,12.7415,4.30025,,
north_rustico,2023-08-03 23:00:00+00:00,0.0,16.5,,,177.0,13.064499999999999,4.29825,,
north_rustico,2023-08-04 00:00:00+00:00,0.0,1.0,,,206.0,13.245000000000001,4.292333333333333,,
north_rustico,2023-08-04 01:00:00+00:00,0.0,1.0,,,201.0,13.171,4.289083333333333,,
north_rustico,2023-08-04 02:00:00+00:00,0.0,1.0,,,184.0,13.2,4.286666666666666,,
north_rustico,2023-08-04 03:00:00+00:00,0.0,1.0,,,171.0,13.317,4.28175,,
north_rustico,2023-08-04 04:00:00+00:00,0.0,1.0,,,188.0,12.6955,4.279916666666667,,
north_rustico,2023-08-04 05:00:00+00:00,0.0,1.0,,,192.0,12.722000000000001,4.2795,,
north_rustico,2023-08-04 06:00:00+00:00,0.0,1.0,,,191.0,12.369,4.2781666666666665,,
north_rustico,2023-08-04 07:00:00+00:00,0.0,1.0,,,174.0,11.745000000000001,4.2772499999999996,,
north_rustico,2023-08-04 08:00:00+00:00,0.0,1.0,,,177.0,11.545,4.276750000000001,,
north_rustico,2023-08-04 09:00:00+00:00,0.0,20.0,,,191.0,11.936,4.30225,,
north_rustico,2023-08-04 10:00:00+00:00,0.0,157.5,,,185.0,12.9305,4.312333333333333,,
north_rustico,2023-08-04 11:00:00+00:00,0.0,291.5,,,175.0,13.5395,4.308666666666666,,
north_rustico,2023-08-04 12:00:00+00:00,0.0,512.5,,,170.0,12.8035,4.308083333333333,,
north_rustico,2023-08-04 13:00:00+00:00,0.0,538.5,,,175.0,13.903,4.308083333333333,,
north_rustico,2023-08-04 14:00:00+00:00,0.0,713.0,,,159.0,13.415,4.31025,,
north_rustico,2023-08-04 15:00:00+00:00,0.0,897.0,,,156.0,14.0405,4.316833333333333,,
north_rustico,2023-08-04 16:00:00+00:00,0.0,867.5,,,164.0,13.0935,4.302333333333333,,
north_rustico,2023-08-04 17:00:00+00:00,0.0,861.0,,,163.0,12.4985,4.31225,,
north_rustico,2023-08-04 18:00:00+00:00,0.0,822.5,,,167.0,13.38,4.3075833333333335,,
north_rustico,2023-08-04 19:00:00+00:00,0.0,452.0,,,163.0,13.229,4.302833333333333,,
north_rustico,2023-08-04 20:00:00+00:00,0.0,452.0,,,168.0,11.9315,4.308666666666666,,
north_rustico,2023-08-04 21:00:00+00:00,0.0,289.5,,,164.0,12.431000000000001,4.3035000000000005,,
north_rustico,2023-08-04 22:00:00+00:00,0.0,116.0,,,163.0,13.1595,4.300416666666667,,
north_rustico,2023-08-04 23:00:00+00:00,0.0,15.0,,,164.0,12.211500000000001,4.298666666666667,,
north_rustico,2023-08-05 00:00:00+00:00,0.0,1.0,,,192.0,11.8395,4.292333333333334,,
north_rustico,2023-08-05 01:00:00+00:00,0.0,1.0,,,205.0,13.2605,4.289083333333333,,
north_rustico,2023-08-05 02:00:00+00:00,0.0,1.0,,,208.0,13.762,4.286583333333333,,
north_rustico,2023-08-05 03:00:00+00:00,0.0,1.0,,,197.0,13.4235,4.281833333333333,,
north_rustico,2023-08-05 04:00:00+00:00,0.0,1.0,,,191.0,13.589500000000001,4.280083333333334,,
north_rustico,2023-08-05 05:00:00+00:00,0.0,1.0,,,164.0,13.9885,4.28025,,
north_rustico,2023-08-05 06:00:00+00:00,0.0,1.0,,,175.0,14.7225,4.279166666666667,,
north_rustico,2023-08-05 07:00:00+00:00,0.0,1.0,,,143.0,15.9295,4.278666666666666,,
north_rustico,2023-08-05 08:00:00+00:00,0.0,1.0,,,132.0,16.8855,4.278083333333333,,
north_rustico,2023-08-05 09:00:00+00:00,0.0,6.5,,,119.0,17.5565,4.295166666666667,,
north_rustico,2023-08-05 10:00:00+00:00,0.0,22.5,,,124.0,18.1455,4.301666666666667,,
north_rustico,2023-08-05 11:00:00+00:00,0.0,18.5,,,115.0,18.277,4.3005,,
north_rustico,2023-08-05 12:00:00+00:00,0.4,37.5,,,121.0,18.305,4.304583333333333,,
north_rustico,2023-08-05 13:00:00+00:00,0.2,198.5,,,125.0,18.240000000000002,4.31075,,
north_rustico,2023-08-05 14:00:00+00:00,0.0,213.5,,,131.0,17.569000000000003,4.31125,,
north_rustico,2023-08-05 15:00:00+00:00,0.0,375.0,,,122.0,17.1065,4.309083333333334,,
north_rustico,2023-08-05 16:00:00+00:00,0.0,713.5,,,126.0,17.25,4.305166666666667,,
north_rustico,2023-08-05 17:00:00+00:00,0.0,417.5,,,142.0,17.179499999999997,4.30825,,
north_rustico,2023-08-05 18:00:00+00:00,0.0,293.5,,,125.0,17.6065,4.305416666666667,,
north_rustico,2023-08-05 19:00:00+00:00,1.0,54.0,,,124.0,17.996000000000002,4.303416666666666,,
north_rustico,2023-08-05 20:00:00+00:00,5.0,5.5,,,133.0,18.258499999999998,4.2985,,
north_rustico,2023-08-05 21:00:00+00:00,0.2,42.0,,,156.0,18.462000000000003,4.305,,
north_rustico,2023-08-05 22:00:00+00:00,0.0,53.5,,,166.0,18.391,4.301166666666667,,
north_rustico,2023-08-05 23:00:00+00:00,0.0,42.5,,,175.0,18.435,4.299916666666667,,
north_rustico,2023-08-06 00:00:00+00:00,0.0,1.0,,,190.0,17.9815,4.292916666666667,,
north_rustico,2023-08-06 01:00:00+00:00,0.0,1.0,,,175.0,17.701999999999998,4.289666666666666,,
north_rustico,2023-08-06 02:00:00+00:00,0.0,1.0,,,171.0,17.7075,4.28775,,
north_rustico,2023-08-06 03:00:00+00:00,0.0,1.0,,,187.0,17.042,4.2825,,
north_rustico,2023-08-06 04:00:00+00:00,0.0,1.0,,,171.0,16.131,4.280833333333333,,
north_rustico,2023-08-06 05:00:00+00:00,0.0,1.0,,,232.0,15.9025,4.2804166666666665,,
north_rustico,2023-08-06 06:00:00+00:00,0.0,1.0,,,223.0,15.3315,4.279833333333333,,
north_rustico,2023-08-06 07:00:00+00:00,0.0,1.0,,,225.0,14.996,4.278666666666666,,
north_rustico,2023-08-06 08:00:00+00:00,0.0,1.0,,,219.0,15.0835,4.2775,,
north_rustico,2023-08-06 09:00:00+00:00,0.0,25.5,,,233.0,15.271,4.299083333333333,,
north_rustico,2023-08-06 10:00:00+00:00,0.0,95.5,,,220.0,15.5455,4.307833333333334,,
north_rustico,2023-08-06 11:00:00+00:00,0.2,232.0,,,218.0,15.557500000000001,4.31125,,
north_rustico,2023-08-06 12:00:00+00:00,0.0,362.5,,,226.0,15.787500000000001,4.30925,,
north_rustico,2023-08-06 13:00:00+00:00,0.0,342.0,,,233.0,15.8065,4.308583333333334,,
north_rustico,2023-08-06 14:00:00+00:00,0.0,839.0,,,226.0,15.774000000000001,4.307833333333334,,
north_rustico,2023-08-06 15:00:00+00:00,0.0,568.5,,,236.0,15.7365,4.304666666666667,,
north_rustico,2023-08-06 16:00:00+00:00,0.0,189.0,,,241.0,15.746500000000001,4.309,,
north_rustico,2023-08-06 17:00:00+00:00,0.0,854.0,,,258.0,15.736,4.307416666666667,,
north_rustico,2023-08-06 18:00:00+00:00,0.0,455.0,,,288.0,16.4295,4.30225,,
north_rustico,2023-08-06 19:00:00+00:00,0.0,378.0,,,3.0,16.463,4.311,,
north_rustico,2023-08-06 20:00:00+00:00,0.0,144.5,,,344.0,16.506999999999998,4.3015,,
north_rustico,2023-08-06 21:00:00+00:00,0.0,277.5,,,306.0,17.218,4.306333333333334,,
north_rustico,2023-08-06 22:00:00+00:00,0.0,121.5,,,352.0,17.086,4.29975,,
north_rustico,2023-08-06 23:00:00+00:00,0.0,11.0,,,350.0,16.6175,4.298333333333333,,
north_rustico,2023-08-07 00:00:00+00:00,0.0,1.0,,,310.0,16.363999999999997,4.292083333333333,,
north_rustico,2023-08-07 01:00:00+00:00,0.0,1.0,,,250.0,15.683,4.288916666666666,,
north_rustico,2023-08-07 02:00:00+00:00,0.0,1.0,,,286.0,16.049999999999997,4.286416666666667,,
north_rustico,2023-08-07 03:00:00+00:00,0.0,1.0,,,279.0,15.3615,4.281333333333333,,
north_rustico,2023-08-07 04:00:00+00:00,0.0,1.0,,,302.0,15.1695,4.279833333333333,,
north_rustico,2023-08-07 05:00:00+00:00,0.0,1.0,,,248.0,14.605,4.279416666666667,,
north_rustico,2023-08-07 06:00:00+00:00,0.0,1.0,,,282.0,15.647,4.278083333333333,,
north_rustico,2023-08-07 07:00:00+00:00,0.0,1.0,,,329.0,15.194500000000001,4.277833333333333,,
north_rustico,2023-08-07 08:00:00+00:00,0.0,1.0,,,261.0,15.359,4.277416666666666,,
north_rustico,2023-08-07 09:00:00+00:00,0.0,11.5,,,324.0,15.61,4.294583333333334,,
north_rustico,2023-08-07 10:00:00+00:00,0.0,112.0,,,316.0,15.3655,4.30925,,
north_rustico,2023-08-07 11:00:00+00:00,0.0,159.0,,,331.0,15.237,4.309333333333334,,
north_rustico,2023-08-07 12:00:00+00:00,0.0,202.0,,,348.0,14.4555,4.30875,,
north_rustico,2023-08-07 13:00:00+00:00,0.0,511.5,,,340.0,14.1665,4.3068333333333335,,
north_rustico,2023-08-07 14:00:00+00:00,0.0,485.0,,,337.0,14.100999999999999,4.307916666666666,,
north_rustico,2023-08-07 15:00:00+00:00,0.0,666.0,,,340.0,13.978,4.31625,,
north_rustico,2023-08-07 16:00:00+00:00,0.0,691.5,,,352.0,14.440000000000001,4.301916666666667,,
north_rustico,2023-08-07 17:00:00+00:00,0.0,426.5,,,348.0,14.5185,4.312166666666667,,
north_rustico,2023-08-07 18:00:00+00:00,0.0,338.0,,,345.0,14.5815,4.307083333333334,,
north_rustico,2023-08-07 19:00:00+00:00,0.0,434.0,,,337.0,14.802,4.302666666666667,,
north_rustico,2023-08-07 20:00:00+00:00,0.0,258.0,,,350.0,14.461,4.302916666666667,,
north_rustico,2023-08-07 21:00:00+00:00,0.0,127.5,,,347.0,14.3765,4.312583333333333,,
north_rustico,2023-08-07 22:00:00+00:00,0.0,57.0,,,351.0,14.557500000000001,4.300333333333334,,
north_rustico,2023-08-07 23:00:00+00:00,0.0,7.5,,,357.0,14.597999999999999,4.297,,
north_rustico,2023-08-08 00:00:00+00:00,0.0,1.0,,,350.0,15.001999999999999,4.291666666666667,,
north_rustico,2023-08-08 01:00:00+00:00,0.0,1.0,,,347.0,15.24,4.289166666666667,,
north_rustico,2023-08-08 02:00:00+00:00,0.0,1.0,,,338.0,15.141,4.28675,,
north_rustico,2023-08-08 03:00:00+00:00,0.0,1.0,,,358.0,14.465499999999999,4.2825,,
north_rustico,2023-08-08 04:00:00+00:00,0.0,1.0,,,22.0,14.8705,4.28125,,
north_rustico,2023-08-08 05:00:00+00:00,0.0,1.0,,,24.0,15.0195,4.281333333333333,,
north_rustico,2023-08-08 06:00:00+00:00,0.0,1.0,,,45.0,14.981,4.280583333333333,,
north_rustico,2023-08-08 07:00:00+00:00,0.0,1.0,,,49.0,14.794,4.280083333333334,,
north_rustico,2023-08-08 08:00:00+00:00,0.0,1.0,,,46.0,14.782499999999999,4.2796666666666665,,
north_rustico,2023-08-08 09:00:00+00:00,0.0,6.5,,,49.0,15.083,4.295333333333333,,
north_rustico,2023-08-08 10:00:00+00:00,0.0,35.0,,,60.0,15.481,4.304166666666666,,
north_rustico,2023-08-08 11:00:00+00:00,0.0,115.5,,,56.0,16.1515,4.306666666666667,,
north_rustico,2023-08-08 12:00:00+00:00,0.0,159.5,,,62.0,16.6475,4.3140833333333335,,
north_rustico,2023-08-08 13:00:00+00:00,0.0,243.0,,,70.0,16.505,4.309,,
north_rustico,2023-08-08 14:00:00+00:00,0.0,754.5,,,102.0,16.506,4.305166666666667,,
north_rustico,2023-08-08 15:00:00+00:00,0.0,315.5,,,100.0,16.915,4.313916666666667,,
north_rustico,2023-08-08 16:00:00+00:00,0.0,317.5,,,101.0,16.669,4.30025,,
north_rustico,2023-08-08 17:00:00+00:00,0.0,498.0,,,125.0,16.2705,4.3095,,
north_rustico,2023-08-08 18:00:00+00:00,0.0,285.0,,,122.0,15.8295,4.309333333333334,,
north_rustico,2023-08-08 19:00:00+00:00,0.0,341.0,,,119.0,15.592,4.302833333333333,,
north_rustico,2023-08-08 20:00:00+00:00,0.0,261.0,,,138.0,15.4045,4.308083333333333,,
north_rustico,2023-08-08 21:00:00+00:00,0.0,112.5,,,122.0,16.241,4.304416666666667,,
north_rustico,2023-08-08 22:00:00+00:00,0.0,22.0,,,108.0,15.902,4.29875,,
north_rustico,2023-08-08 23:00:00+00:00,0.0,2.0,,,110.0,16.596,4.296166666666667,,
north_rustico,2023-08-09 00:00:00+00:00,0.0,1.0,,,126.0,16.864,4.291333333333333,,
north_rustico,2023-08-09 01:00:00+00:00,0.0,1.0,,,119.0,17.0765,4.289083333333333,,
north_rustico,2023-08-09 02:00:00+00:00,0.0,1.0,,,122.0,17.208,4.287249999999999,,
north_rustico,2023-08-09 03:00:00+00:00,0.0,1.0,,,112.0,17.185000000000002,4.28275,,
north_rustico,2023-08-09 04:00:00+00:00,0.0,1.0,,,110.0,17.505,4.281666666666666,,
north_rustico,2023-08-09 05:00:00+00:00,0.0,1.0,,,104.0,17.499499999999998,4.281666666666666,,
north_rustico,2023-08-09 06:00:00+00:00,0.0,1.0,,,97.0,17.5925,4.280666666666666,,
north_rustico,2023-08-09 07:00:00+00:00,0.0,1.0,,,101.0,17.2785,4.28025,,
north_rustico,2023-08-09 08:00:00+00:00,0.0,1.0,,,102.0,17.424,4.28,,
north_rustico,2023-08-09 09:00:00+00:00,1.2,1.5,,,98.0,17.4365,4.278666666666667,,
north_rustico,2023-08-09 10:00:00+00:00,4.0,15.0,,,94.0,17.3655,4.3,,
north_rustico,2023-08-09 11:00:00+00:00,3.4,9.0,,,100.0,17.697000000000003,4.2995833333333335,,
north_rustico,2023-08-09 12:00:00+00:00,2.0,42.0,,,100.0,17.865499999999997,4.301083333333334,,
north_rustico,2023-08-09 13:00:00+00:00,0.2,82.5,,,104.0,17.893,4.3036666666666665,,
north_rustico,2023-08-09 14:00:00+00:00,1.4,91.5,,,112.0,17.886,4.307833333333334,,
north_rustico,2023-08-09 15:00:00+00:00,0.8,64.0,,,114.0,18.141,4.305166666666667,,
north_rustico,2023-08-09 16:00:00+00:00,0.4,95.5,,,110.0,18.662999999999997,4.3027500000000005,,
north_rustico,2023-08-09 17:00:00+00:00,0.0,131.0,,,115.0,18.942999999999998,4.3084999999999996,,
north_rustico,2023-08-09 18:00:00+00:00,0.0,143.5,,,117.0,19.038,4.306916666666667,,
north_rustico,2023-08-09 19:00:00+00:00,0.0,152.5,,,119.0,19.372,4.30925,,
north_rustico,2023-08-09 20:00:00+00:00,0.0,104.0,,,111.0,19.522,4.305833333333333,,
north_rustico,2023-08-09 21:00:00+00:00,0.0,64.0,,,117.0,19.57,4.31025,,
north_rustico,2023-08-09 22:00:00+00:00,0.0,42.5,,,150.0,19.502499999999998,4.2985,,
north_rustico,2023-08-09 23:00:00+00:00,0.0,6.0,,,160.0,19.5865,4.296,,
north_rustico,2023-08-10 00:00:00+00:00,0.2,1.0,,,222.0,19.1935,4.29125,,
north_rustico,2023-08-10 01:00:00+00:00,0.0,1.0,,,227.0,18.612499999999997,4.289,,
north_rustico,2023-08-10 02:00:00+00:00,0.0,1.0,,,208.0,18.222,4.286833333333333,,
north_rustico,2023-08-10 03:00:00+00:00,0.0,1.0,,,233.0,17.282,4.281916666666667,,
north_rustico,2023-08-10 04:00:00+00:00,0.0,1.0,,,227.0,17.031,4.28075,,
north_rustico,2023-08-10 05:00:00+00:00,0.0,1.0,,,227.0,16.837,4.280583333333333,,
north_rustico,2023-08-10 06:00:00+00:00,0.0,1.0,,,240.0,16.557499999999997,4.280083333333334,,
north_rustico,2023-08-10 07:00:00+00:00,0.0,1.0,,,230.0,16.343,4.278833333333333,,
north_rustico,2023-08-10 08:00:00+00:00,0.0,1.0,,,237.0,15.952,4.27775,,
north_rustico,2023-08-10 09:00:00+00:00,0.0,5.0,,,243.0,15.8005,4.290666666666667,,
north_rustico,2023-08-10 10:00:00+00:00,0.0,32.5,,,247.0,15.6995,4.300666666666667,,
north_rustico,2023-08-10 11:00:00+00:00,0.0,66.0,,,253.0,15.201,4.3077499999999995,,
north_rustico,2023-08-10 12:00:00+00:00,0.0,202.5,,,253.0,15.2835,4.30525,,
north_rustico,2023-08-10 13:00:00+00:00,0.0,265.0,,,258.0,15.273,4.313083333333333,,
north_rustico,2023-08-10 14:00:00+00:00,0.0,214.0,,,257.0,15.606,4.310083333333334,,
north_rustico,2023-08-10 15:00:00+00:00,0.0,190.5,,,258.0,15.973,4.3075833333333335,,
north_rustico,2023-08-10 16:00:00+00:00,0.0,742.5,,,279.0,15.895,4.308166666666667,,
north_rustico,2023-08-10 17:00:00+00:00,0.0,412.5,,,284.0,15.6325,4.306,,
north_rustico,2023-08-10 18:00:00+00:00,0.0,501.5,,,293.0,15.666,4.301333333333333,,
north_rustico,2023-08-10 19:00:00+00:00,0.0,305.0,,,286.0,15.309000000000001,4.31,,
north_rustico,2023-08-10 20:00:00+00:00,0.0,387.5,,,298.0,15.099499999999999,4.30975,,
north_rustico,2023-08-10 21:00:00+00:00,0.0,59.5,,,293.0,14.661999999999999,4.3053333333333335,,
north_rustico,2023-08-10 22:00:00+00:00,0.0,53.5,,,295.0,14.724,4.301083333333334,,
north_rustico,2023-08-10 23:00:00+00:00,0.0,6.0,,,299.0,14.5805,4.297416666666667,,
north_rustico,2023-08-11 00:00:00+00:00,0.0,1.0,,,321.0,14.237,4.291416666666667,,
north_rustico,2023-08-11 01:00:00+00:00,0.0,1.0,,,326.0,14.2045,4.288083333333334,,
north_rustico,2023-08-11 02:00:00+00:00,0.0,1.0,,,329.0,14.138,4.28625,,
north_rustico,2023-08-11 03:00:00+00:00,0.0,1.0,,,336.0,14.19,4.2804166666666665,,
north_rustico,2023-08-11 04:00:00+00:00,0.0,1.0,,,348.0,14.150500000000001,4.279083333333333,,
north_rustico,2023-08-11 05:00:00+00:00,0.0,1.0,,,348.0,14.059000000000001,4.279333333333334,,
north_rustico,2023-08-11 06:00:00+00:00,0.0,1.0,,,243.0,14.017,4.278833333333333,,
north_rustico,2023-08-11 07:00:00+00:00,0.0,1.0,,,314.0,14.064499999999999,4.277583333333333,,
north_rustico,2023-08-11 08:00:00+00:00,0.0,1.0,,,53.0,14.4085,4.277,,
north_rustico,2023-08-11 09:00:00+00:00,0.0,14.0,,,69.0,14.565000000000001,4.297666666666667,,
north_rustico,2023-08-11 10:00:00+00:00,0.0,35.0,,,88.0,14.457,4.303583333333333,,
north_rustico,2023-08-11 11:00:00+00:00,0.0,86.0,,,84.0,14.49,4.305416666666667,,
north_rustico,2023-08-11 12:00:00+00:00,0.0,88.5,,,100.0,14.799,4.306333333333334,,
north_rustico,2023-08-11 13:00:00+00:00,0.8,51.5,,,104.0,15.118,4.301666666666667,,
north_rustico,2023-08-11 14:00:00+00:00,1.7999999999999998,123.5,,,93.0,15.671,4.309583333333333,,
north_rustico,2023-08-11 15:00:00+00:00,4.8,63.0,,,104.0,16.4165,4.3109166666666665,,
north_rustico,2023-08-11 16:00:00+00:00,2.4,85.0,,,104.0,16.808500000000002,4.303,,
north_rustico,2023-08-11 17:00:00+00:00,2.2,48.0,,,97.0,17.2485,4.303583333333333,,
north_rustico,2023-08-11 18:00:00+00:00,3.1999999999999997,33.0,,,74.0,17.3395,4.30225,,
north_rustico,2023-08-11 19:00:00+00:00,4.8,12.5,,,74.0,17.7685,4.301416666666667,,
north_rustico,2023-08-11 20:00:00+00:00,3.4000000000000004,84.0,,,90.0,18.5285,4.3025,,
north_rustico,2023-08-11 21:00:00+00:00,2.8000000000000003,25.5,,,117.0,18.990499999999997,4.305166666666667,,
north_rustico,2023-08-11 22:00:00+00:00,1.0,32.0,,,163.0,19.249,4.3005,,
north_rustico,2023-08-11 23:00:00+00:00,0.0,2.5,,,215.0,18.5645,4.295916666666667,,
north_rustico,2023-08-12 00:00:00+00:00,0.0,1.0,,,226.0,17.848,4.29075,,
north_rustico,2023-08-12 01:00:00+00:00,0.0,1.0,,,234.0,16.9195,4.288333333333333,,
north_rustico,2023-08-12 02:00:00+00:00,0.0,1.0,,,237.0,16.205,4.28625,,
north_rustico,2023-08-12 03:00:00+00:00,0.0,1.0,,,244.0,15.8935,4.281083333333333,,
north_rustico,2023-08-12 04:00:00+00:00,0.0,1.0,,,244.0,15.3615,4.280166666666667,,
north_rustico,2023-08-12 05:00:00+00:00,0.0,1.0,,,250.0,14.9515,4.279333333333334,,
north_rustico,2023-08-12 06:00:00+00:00,0.0,1.0,,,254.0,14.951,4.278333333333333,,
north_rustico,2023-08-12 07:00:00+00:00,0.0,1.0,,,250.0,14.928,4.277833333333333,,
north_rustico,2023-08-12 08:00:00+00:00,0.0,1.0,,,263.0,14.6615,4.2772499999999996,,
north_rustico,2023-08-12 09:00:00+00:00,0.0,3.5,,,251.0,14.73,4.288250000000001,,
north_rustico,2023-08-12 10:00:00+00:00,0.0,130.0,,,257.0,14.625499999999999,4.3069999999999995,,
north_rustico,2023-08-12 11:00:00+00:00,0.0,135.5,,,253.0,14.423,4.3133333333333335,,
north_rustico,2023-08-12 12:00:00+00:00,0.0,212.0,,,251.0,14.733,4.306666666666667,,
north_rustico,2023-08-12 13:00:00+00:00,0.0,257.5,,,253.0,14.866499999999998,4.307416666666667,,
north_rustico,2023-08-12 14:00:00+00:00,0.0,539.5,,,285.0,15.591999999999999,4.307833333333334,,
north_rustico,2023-08-12 15:00:00+00:00,0.0,862.5,,,300.0,15.410499999999999,4.315833333333333,,
north_rustico,2023-08-12 16:00:00+00:00,0.0,361.5,,,289.0,15.798,4.301666666666667,,
north_rustico,2023-08-12 17:00:00+00:00,0.0,459.5,,,282.0,15.83,4.308083333333333,,
north_rustico,2023-08-12 18:00:00+00:00,0.0,320.5,,,306.0,16.2875,4.311416666666667,,
north_rustico,2023-08-12 19:00:00+00:00,0.0,169.5,,,338.0,16.009,4.305499999999999,,
north_rustico,2023-08-12 20:00:00+00:00,0.0,155.5,,,320.0,16.3875,4.3,,
north_rustico,2023-08-12 21:00:00+00:00,0.0,77.5,,,60.0,16.073999999999998,4.307833333333334,,
north_rustico,2023-08-12 22:00:00+00:00,0.0,48.0,,,66.0,16.588,4.299833333333333,,
north_rustico,2023-08-12 23:00:00+00:00,0.0,11.0,,,219.0,16.423,4.29875,,
north_rustico,2023-08-13 00:00:00+00:00,0.0,1.0,,,247.0,15.293,4.292,,
north_rustico,2023-08-13 01:00:00+00:00,0.0,1.0,,,241.0,14.9205,4.288749999999999,,
north_rustico,2023-08-13 02:00:00+00:00,0.0,1.0,,,244.0,14.991,4.28625,,
north_rustico,2023-08-13 03:00:00+00:00,0.0,1.0,,,206.0,14.364,4.280916666666666,,
north_rustico,2023-08-13 04:00:00+00:00,0.0,1.0,,,215.0,14.656,4.279333333333334,,
north_rustico,2023-08-13 05:00:00+00:00,0.0,1.0,,,253.0,14.933,4.279333333333334,,
north_rustico,2023-08-13 06:00:00+00:00,0.0,1.0,,,257.0,14.594000000000001,4.278333333333333,,
north_rustico,2023-08-13 07:00:00+00:00,0.0,1.0,,,199.0,14.549,4.277416666666666,,
north_rustico,2023-08-13 08:00:00+00:00,0.0,1.0,,,234.0,14.6365,4.277083333333334,,
north_rustico,2023-08-13 09:00:00+00:00,0.0,14.5,,,209.0,14.658000000000001,4.295333333333333,,
north_rustico,2023-08-13 10:00:00+00:00,0.0,98.0,,,139.0,15.0395,4.310583333333334,,
north_rustico,2023-08-13 11:00:00+00:00,0.0,313.5,,,152.0,15.795000000000002,4.312416666666667,,
north_rustico,2023-08-13 12:00:00+00:00,0.0,460.5,,,212.0,15.618,4.31,,
north_rustico,2023-08-13 13:00:00+00:00,0.0,622.5,,,191.0,15.025500000000001,4.306583333333333,,
north_rustico,2023-08-13 14:00:00+00:00,0.0,755.5,,,192.0,14.589500000000001,4.3069999999999995,,
north_rustico,2023-08-13 15:00:00+00:00,0.0,627.5,,,170.0,14.4115,4.309333333333334,,
north_rustico,2023-08-13 16:00:00+00:00,0.0,412.0,,,171.0,14.01,4.300916666666667,,
north_rustico,2023-08-13 17:00:00+00:00,0.0,295.0,,,173.0,16.026,4.3094166666666665,,
north_rustico,2023-08-13 18:00:00+00:00,0.0,352.0,,,167.0,16.711,4.306416666666666,,
north_rustico,2023-08-13 19:00:00+00:00,0.0,51.0,,,184.0,17.405,4.302,,
north_rustico,2023-08-13 20:00:00+00:00,0.0,33.0,,,230.0,18.368000000000002,4.299416666666667,,
north_rustico,2023-08-13 21:00:00+00:00,0.0,55.0,,,114.0,18.305,4.305499999999999,,
north_rustico,2023-08-13 22:00:00+00:00,2.0,17.5,,,170.0,18.356,4.2988333333333335,,
north_rustico,2023-08-13 23:00:00+00:00,0.4,2.5,,,163.0,18.7305,4.295083333333333,,
north_rustico,2023-08-14 00:00:00+00:00,0.4,1.0,,,166.0,18.922,4.290416666666666,,
north_rustico,2023-08-14 01:00:00+00:00,0.8,1.0,,,161.0,18.9315,4.2884166666666665,,
north_rustico,2023-08-14 02:00:00+00:00,0.0,1.0,,,170.0,18.9925,4.286666666666666,,
north_rustico,2023-08-14 03:00:00+00:00,0.0,1.0,,,166.0,19.0365,4.28325,,
north_rustico,2023-08-14 04:00:00+00:00,0.0,1.0,,,164.0,19.305500000000002,4.282166666666667,,
north_rustico,2023-08-14 05:00:00+00:00,2.2,1.0,,,178.0,19.436,4.282,,
north_rustico,2023-08-14 06:00:00+00:00,0.0,1.0,,,185.0,19.371,4.281,,
north_rustico,2023-08-14 07:00:00+00:00,0.0,1.0,,,173.0,19.148,4.2804166666666665,,
north_rustico,2023-08-14 08:00:00+00:00,0.0,1.0,,,163.0,18.868000000000002,4.2796666666666665,,
north_rustico,2023-08-14 09:00:00+00:00,0.0,2.0,,,184.0,18.4825,4.290166666666667,,
north_rustico,2023-08-14 10:00:00+00:00,0.0,62.5,,,199.0,18.7705,4.30975,,
north_rustico,2023-08-14 11:00:00+00:00,0.0,193.5,,,175.0,19.098,4.309833333333334,,
north_rustico,2023-08-14 12:00:00+00:00,0.0,182.5,,,180.0,19.305500000000002,4.30825,,
north_rustico,2023-08-14 13:00:00+00:00,0.0,220.5,,,226.0,18.988,4.311166666666667,,
north_rustico,2023-08-14 14:00:00+00:00,0.0,424.0,,,244.0,18.8325,4.305666666666666,,
north_rustico,2023-08-14 15:00:00+00:00,0.0,373.5,,,260.0,19.1075,4.31225,,
north_rustico,2023-08-14 16:00:00+00:00,0.0,779.5,,,310.0,18.9765,4.300666666666667,,
north_rustico,2023-08-14 17:00:00+00:00,0.0,311.0,,,313.0,19.005,4.31025,,
north_rustico,2023-08-14 18:00:00+00:00,0.0,424.0,,,284.0,18.273,4.3094166666666665,,
north_rustico,2023-08-14 19:00:00+00:00,0.0,389.0,,,306.0,18.166,4.304416666666667,,
north_rustico,2023-08-14 20:00:00+00:00,0.0,300.5,,,307.0,17.624499999999998,4.306166666666667,,
north_rustico,2023-08-14 21:00:00+00:00,0.0,208.0,,,303.0,17.3465,4.30875,,
north_rustico,2023-08-14 22:00:00+00:00,0.0,44.0,,,309.0,17.1695,4.299916666666667,,
north_rustico,2023-08-14 23:00:00+00:00,0.0,2.5,,,295.0,17.127499999999998,4.2956666666666665,,
north_rustico,2023-08-15 00:00:00+00:00,0.0,1.0,,,313.0,17.055,4.2909999999999995,,
north_rustico,2023-08-15 01:00:00+00:00,0.0,1.0,,,317.0,17.2535,4.288333333333333,,
north_rustico,2023-08-15 02:00:00+00:00,0.0,1.0,,,327.0,17.012500000000003,4.286666666666666,,
north_rustico,2023-08-15 03:00:00+00:00,0.0,1.0,,,347.0,16.659,4.282333333333333,,
north_rustico,2023-08-15 04:00:00+00:00,0.0,1.0,,,350.0,16.192,4.280833333333333,,
north_rustico,2023-08-15 05:00:00+00:00,0.0,1.0,,,1.0,15.772,4.280833333333333,,
north_rustico,2023-08-15 06:00:00+00:00,0.0,1.0,,,347.0,15.672,4.28,,
north_rustico,2023-08-15 07:00:00+00:00,0.0,1.0,,,358.0,15.7135,4.279,,
north_rustico,2023-08-15 08:00:00+00:00,0.0,1.0,,,352.0,15.5145,4.277833333333333,,
north_rustico,2023-08-15 09:00:00+00:00,0.0,4.0,,,348.0,15.536999999999999,4.281833333333333,,
north_rustico,2023-08-15 10:00:00+00:00,0.0,38.0,,,1.0,15.529499999999999,4.3029166666666665,,
north_rustico,2023-08-15 11:00:00+00:00,0.0,147.0,,,17.0,15.413,4.31025,,
north_rustico,2023-08-15 12:00:00+00:00,0.0,166.5,,,22.0,15.725999999999999,4.30875,,
north_rustico,2023-08-15 13:00:00+00:00,0.0,210.0,,,24.0,15.969000000000001,4.308833333333333,,
north_rustico,2023-08-15 14:00:00+00:00,0.0,263.5,,,25.0,15.8375,4.3101666666666665,,
north_rustico,2023-08-15 15:00:00+00:00,0.0,474.5,,,32.0,16.0395,4.3175,,
north_rustico,2023-08-15 16:00:00+00:00,0.0,536.0,,,42.0,15.663,4.30075,,
north_rustico,2023-08-15 17:00:00+00:00,0.0,477.0,,,56.0,15.466999999999999,4.30825,,
north_rustico,2023-08-15 18:00:00+00:00,0.0,397.5,,,52.0,15.3585,4.308833333333333,,
north_rustico,2023-08-15 19:00:00+00:00,0.0,234.5,,,49.0,15.7835,4.303166666666667,,
north_rustico,2023-08-15 20:00:00+00:00,0.0,160.0,,,55.0,15.3865,4.302583333333334,,
north_rustico,2023-08-15 21:00:00+00:00,0.0,168.5,,,56.0,15.9295,4.310833333333333,,
north_rustico,2023-08-15 22:00:00+00:00,0.0,74.0,,,51.0,15.902999999999999,4.301083333333334,,
north_rustico,2023-08-15 23:00:00+00:00,0.0,7.5,,,53.0,15.8915,4.2965,,
north_rustico,2023-08-16 00:00:00+00:00,0.0,1.0,,,56.0,16.0565,4.29125,,
north_rustico,2023-08-16 01:00:00+00:00,0.0,1.0,,,62.0,15.807500000000001,4.288916666666666,,
north_rustico,2023-08-16 02:00:00+00:00,0.0,1.0,,,66.0,15.833,4.287083333333333,,
north_rustico,2023-08-16 03:00:00+00:00,0.0,1.0,,,76.0,15.725999999999999,4.28275,,
north_rustico,2023-08-16 04:00:00+00:00,0.0,1.0,,,117.0,15.221499999999999,4.281166666666667,,
north_rustico,2023-08-16 05:00:00+00:00,0.0,1.0,,,150.0,14.905999999999999,4.280833333333333,,
north_rustico,2023-08-16 06:00:00+00:00,0.0,1.0,,,119.0,14.936,4.280166666666667,,
north_rustico,2023-08-16 07:00:00+00:00,0.0,1.0,,,111.0,14.876000000000001,4.279166666666667,,
north_rustico,2023-08-16 08:00:00+00:00,0.0,1.0,,,42.0,15.208,4.278083333333333,,
north_rustico,2023-08-16 09:00:00+00:00,0.0,4.5,,,59.0,14.5595,4.2885,,
north_rustico,2023-08-16 10:00:00+00:00,0.0,28.0,,,48.0,14.135,4.30375,,
north_rustico,2023-08-16 11:00:00+00:00,0.0,83.5,,,42.0,14.2255,4.303833333333333,,
north_rustico,2023-08-16 12:00:00+00:00,0.0,101.0,,,35.0,14.517,4.308333333333333,,
north_rustico,2023-08-16 13:00:00+00:00,0.0,181.0,,,48.0,14.3615,4.30675,,
north_rustico,2023-08-16 14:00:00+00:00,0.0,288.0,,,55.0,14.625499999999999,4.306166666666667,,
north_rustico,2023-08-16 15:00:00+00:00,0.0,313.0,,,52.0,14.865,4.316166666666667,,
north_rustico,2023-08-16 16:00:00+00:00,0.0,386.0,,,52.0,15.0655,4.304583333333333,,
north_rustico,2023-08-16 17:00:00+00:00,0.0,329.5,,,56.0,14.863,4.304833333333334,,
north_rustico,2023-08-16 18:00:00+00:00,0.0,326.5,,,53.0,14.661000000000001,4.308,,
north_rustico,2023-08-16 19:00:00+00:00,0.0,251.0,,,56.0,14.7845,4.30725,,
north_rustico,2023-08-16 20:00:00+00:00,0.0,113.5,,,55.0,15.161000000000001,4.30325,,
north_rustico,2023-08-16 21:00:00+00:00,0.0,80.0,,,60.0,15.189,4.305666666666666,,
north_rustico,2023-08-16 22:00:00+00:00,0.0,19.0,,,67.0,15.189499999999999,4.2980833333333335,,
north_rustico,2023-08-16 23:00:00+00:00,0.0,1.5,,,69.0,15.222999999999999,4.296083333333334,,
north_rustico,2023-08-17 00:00:00+00:00,0.0,1.0,,,77.0,15.489,4.29075,,
north_rustico,2023-08-17 01:00:00+00:00,0.0,1.0,,,101.0,15.117,4.288583333333333,,
north_rustico,2023-08-17 02:00:00+00:00,0.0,1.0,,,132.0,14.811499999999999,4.286416666666667,,
north_rustico,2023-08-17 03:00:00+00:00,0.0,1.0,,,159.0,14.047,4.280666666666666,,
north_rustico,2023-08-17 04:00:00+00:00,0.0,1.0,,,152.0,13.6115,4.2795,,
north_rustico,2023-08-17 05:00:00+00:00,0.0,1.0,,,250.0,12.7275,4.2785,,
north_rustico,2023-08-17 06:00:00+00:00,0.0,1.0,,,251.0,12.3145,4.277416666666666,,
north_rustico,2023-08-17 07:00:00+00:00,0.0,1.0,,,247.0,12.2755,4.276000000000001,,
north_rustico,2023-08-17 08:00:00+00:00,0.0,1.0,,,247.0,12.262,4.2748333333333335,,
north_rustico,2023-08-17 09:00:00+00:00,0.0,13.5,,,244.0,11.714500000000001,4.296083333333333,,
north_rustico,2023-08-17 10:00:00+00:00,0.0,147.0,,,248.0,12.9335,4.312583333333333,,
north_rustico,2023-08-17 11:00:00+00:00,0.0,308.5,,,190.0,15.350000000000001,4.308333333333334,,
north_rustico,2023-08-17 12:00:00+00:00,0.0,449.5,,,94.0,16.9965,4.3109166666666665,,
north_rustico,2023-08-17 13:00:00+00:00,0.0,629.0,,,125.0,17.2715,4.308333333333334,,
north_rustico,2023-08-17 14:00:00+00:00,0.0,742.5,,,90.0,17.099,4.304250000000001,,
north_rustico,2023-08-17 15:00:00+00:00,0.0,819.0,,,80.0,17.097,4.31475,,
north_rustico,2023-08-17 16:00:00+00:00,0.0,811.0,,,70.0,17.747999999999998,4.301583333333333,,
north_rustico,2023-08-17 17:00:00+00:00,0.0,806.0,,,62.0,17.9405,4.311583333333333,,
north_rustico,2023-08-17 18:00:00+00:00,0.0,699.0,,,62.0,18.2515,4.3068333333333335,,
north_rustico,2023-08-17 19:00:00+00:00,0.0,566.0,,,60.0,18.617,4.305583333333334,,
north_rustico,2023-08-17 20:00:00+00:00,0.0,418.5,,,56.0,18.6345,4.308083333333333,,
north_rustico,2023-08-17 21:00:00+00:00,0.0,253.5,,,53.0,18.741,4.301416666666667,,
north_rustico,2023-08-17 22:00:00+00:00,0.0,99.0,,,88.0,17.602,4.3,,
north_rustico,2023-08-17 23:00:00+00:00,0.0,7.5,,,154.0,17.653,4.29725,,
north_rustico,2023-08-18 00:00:00+00:00,0.0,1.0,,,156.0,17.39,4.292166666666667,,
north_rustico,2023-08-18 01:00:00+00:00,0.0,1.0,,,131.0,17.549999999999997,4.289499999999999,,
north_rustico,2023-08-18 02:00:00+00:00,0.0,1.0,,,171.0,17.064999999999998,4.287333333333334,,
north_rustico,2023-08-18 03:00:00+00:00,0.0,1.0,,,180.0,16.610999999999997,4.283083333333333,,
north_rustico,2023-08-18 04:00:00+00:00,0.0,1.0,,,187.0,16.283,4.281416666666666,,
north_rustico,2023-08-18 05:00:00+00:00,0.0,1.0,,,145.0,16.149,4.280833333333333,,
north_rustico,2023-08-18 06:00:00+00:00,0.0,1.0,,,149.0,16.2075,4.280166666666667,,
north_rustico,2023-08-18 07:00:00+00:00,0.0,1.0,,,108.0,16.1765,4.2795,,
north_rustico,2023-08-18 08:00:00+00:00,0.0,1.0,,,110.0,16.456,4.2785,,
north_rustico,2023-08-18 09:00:00+00:00,0.0,2.0,,,115.0,16.941499999999998,4.281916666666667,,
north_rustico,2023-08-18 10:00:00+00:00,0.0,21.0,,,104.0,17.130499999999998,4.300333333333334,,
north_rustico,2023-08-18 11:00:00+00:00,0.0,36.5,,,101.0,17.4545,4.301416666666667,,
north_rustico,2023-08-18 12:00:00+00:00,0.4,60.0,,,101.0,17.91,4.304666666666667,,
north_rustico,2023-08-18 13:00:00+00:00,0.0,146.5,,,101.0,18.332,4.3060833333333335,,
north_rustico,2023-08-18 14:00:00+00:00,0.0,191.0,,,104.0,18.813,4.30975,,
north_rustico,2023-08-18 15:00:00+00:00,0.0,157.5,,,102.0,19.1595,4.303916666666667,,
north_rustico,2023-08-18 16:00:00+00:00,2.2,172.0,,,100.0,19.551000000000002,4.31125,,
north_rustico,2023-08-18 17:00:00+00:00,0.4,94.5,,,101.0,19.7845,4.3025,,
north_rustico,2023-08-18 18:00:00+00:00,0.2,160.5,,,108.0,20.2795,4.303083333333333,,
north_rustico,2023-08-18 19:00:00+00:00,0.2,78.0,,,107.0,20.7725,4.3029166666666665,,
north_rustico,2023-08-18 20:00:00+00:00,0.0,155.5,,,149.0,21.500999999999998,4.310083333333334,,
north_rustico,2023-08-18 21:00:00+00:00,0.0,59.5,,,146.0,21.560000000000002,4.3036666666666665,,
north_rustico,2023-08-18 22:00:00+00:00,0.0,18.0,,,147.0,21.5985,4.298416666666667,,
north_rustico,2023-08-18 23:00:00+00:00,0.0,1.5,,,140.0,21.500999999999998,4.295333333333334,,
north_rustico,2023-08-19 00:00:00+00:00,0.0,1.0,,,139.0,21.689999999999998,4.291166666666666,,
north_rustico,2023-08-19 01:00:00+00:00,0.0,1.0,,,154.0,21.5565,4.289083333333333,,
north_rustico,2023-08-19 02:00:00+00:00,0.2,1.0,,,152.0,21.474,4.287083333333333,,
north_rustico,2023-08-19 03:00:00+00:00,0.4,1.0,,,157.0,21.211,4.283416666666667,,
north_rustico,2023-08-19 04:00:00+00:00,0.8,1.0,,,154.0,21.2315,4.282916666666667,,
north_rustico,2023-08-19 05:00:00+00:00,0.8,1.0,,,118.0,21.041,4.282166666666667,,
north_rustico,2023-08-19 06:00:00+00:00,3.6,1.0,,,44.0,20.8325,4.281333333333333,,
north_rustico,2023-08-19 07:00:00+00:00,0.2,1.0,,,157.0,21.269,4.280666666666666,,
north_rustico,2023-08-19 08:00:00+00:00,0.0,1.0,,,188.0,21.0255,4.280333333333334,,
north_rustico,2023-08-19 09:00:00+00:00,0.0,6.5,,,178.0,20.7185,4.289750000000001,,
north_rustico,2023-08-19 10:00:00+00:00,0.0,46.0,,,174.0,20.207,4.302416666666667,,
north_rustico,2023-08-19 11:00:00+00:00,0.0,299.5,,,170.0,20.408,4.30825,,
north_rustico,2023-08-19 12:00:00+00:00,0.0,227.5,,,174.0,20.442,4.31,,
north_rustico,2023-08-19 13:00:00+00:00,0.0,381.5,,,170.0,20.5315,4.31,,
north_rustico,2023-08-19 14:00:00+00:00,0.0,497.5,,,173.0,20.463,4.305916666666667,,
north_rustico,2023-08-19 15:00:00+00:00,0.0,647.5,,,191.0,20.265500000000003,4.310333333333333,,
north_rustico,2023-08-19 16:00:00+00:00,0.0,712.5,,,197.0,19.4465,4.299833333333333,,
north_rustico,2023-08-19 17:00:00+00:00,0.0,690.0,,,202.0,17.686999999999998,4.30975,,
north_rustico,2023-08-19 18:00:00+00:00,0.0,558.5,,,204.0,15.9255,4.307416666666667,,
north_rustico,2023-08-19 19:00:00+00:00,0.0,539.0,,,194.0,15.128499999999999,4.299666666666667,,
north_rustico,2023-08-19 20:00:00+00:00,0.0,450.5,,,191.0,15.729000000000001,4.310833333333334,,
north_rustico,2023-08-19 21:00:00+00:00,0.0,263.0,,,202.0,15.779499999999999,4.304,,
north_rustico,2023-08-19 22:00:00+00:00,0.0,97.0,,,204.0,15.9105,4.2995833333333335,,
north_rustico,2023-08-19 23:00:00+00:00,0.0,6.5,,,198.0,15.743,4.296083333333334,,
north_rustico,2023-08-20 00:00:00+00:00,0.0,1.0,,,211.0,15.702,4.290833333333333,,
north_rustico,2023-08-20 01:00:00+00:00,0.0,1.0,,,213.0,15.464,4.287916666666667,,
north_rustico,2023-08-20 02:00:00+00:00,0.0,1.0,,,181.0,15.4775,4.2855,,
north_rustico,2023-08-20 03:00:00+00:00,0.0,1.0,,,185.0,15.7135,4.280083333333333,,
north_rustico,2023-08-20 04:00:00+00:00,0.0,1.0,,,181.0,15.636,4.278833333333333,,
north_rustico,2023-08-20 05:00:00+00:00,0.0,1.0,,,195.0,15.4465,4.278666666666666,,
north_rustico,2023-08-20 06:00:00+00:00,0.0,1.0,,,184.0,15.3965,4.277833333333333,,
north_rustico,2023-08-20 07:00:00+00:00,0.0,1.0,,,183.0,15.471,4.277166666666667,,
north_rustico,2023-08-20 08:00:00+00:00,0.0,1.0,,,187.0,15.46,4.277,,
north_rustico,2023-08-20 09:00:00+00:00,0.0,7.0,,,178.0,15.3845,4.29025,,
north_rustico,2023-08-20 10:00:00+00:00,0.0,45.5,,,170.0,15.727,4.303249999999999,,
north_rustico,2023-08-20 11:00:00+00:00,0.0,226.0,,,168.0,16.2275,4.3145,,
north_rustico,2023-08-20 12:00:00+00:00,0.0,121.5,,,166.0,16.0865,4.30825,,
north_rustico,2023-08-20 13:00:00+00:00,0.0,210.5,,,183.0,16.0915,4.306333333333334,,
north_rustico,2023-08-20 14:00:00+00:00,0.0,501.5,,,191.0,16.299999999999997,4.307833333333334,,
north_rustico,2023-08-20 15:00:00+00:00,0.0,585.0,,,195.0,16.3285,4.316416666666666,,
north_rustico,2023-08-20 16:00:00+00:00,0.0,614.0,,,197.0,16.3085,4.301833333333334,,
north_rustico,2023-08-20 17:00:00+00:00,0.0,822.5,,,199.0,16.9105,4.308416666666667,,
north_rustico,2023-08-20 18:00:00+00:00,0.0,802.5,,,195.0,16.244500000000002,4.30875,,
north_rustico,2023-08-20 19:00:00+00:00,0.0,323.0,,,216.0,15.722999999999999,4.2988333333333335,,
north_rustico,2023-08-20 20:00:00+00:00,0.0,416.0,,,220.0,15.665,4.310333333333333,,
north_rustico,2023-08-20 21:00:00+00:00,0.0,253.0,,,223.0,16.0215,4.303583333333333,,
north_rustico,2023-08-20 22:00:00+00:00,0.0,85.0,,,225.0,16.141,4.299666666666667,,
north_rustico,2023-08-20 23:00:00+00:00,0.0,3.5,,,213.0,16.0995,4.296,,
north_rustico,2023-08-21 00:00:00+00:00,0.0,1.0,,,212.0,16.1555,4.29075,,
north_rustico,2023-08-21 01:00:00+00:00,0.0,1.0,,,219.0,16.087,4.28775,,
north_rustico,2023-08-21 02:00:00+00:00,0.0,1.0,,,213.0,16.046,4.28625,,
north_rustico,2023-08-21 03:00:00+00:00,0.0,1.0,,,209.0,15.9985,4.28125,,
north_rustico,2023-08-21 04:00:00+00:00,0.0,1.0,,,205.0,15.919,4.2804166666666665,,
north_rustico,2023-08-21 05:00:00+00:00,0.0,1.0,,,211.0,15.868,4.279916666666667,,
north_rustico,2023-08-21 06:00:00+00:00,0.0,1.0,,,227.0,16.039,4.279166666666667,,
north_rustico,2023-08-21 07:00:00+00:00,0.0,1.0,,,209.0,16.313,4.277833333333333,,
north_rustico,2023-08-21 08:00:00+00:00,0.0,1.0,,,188.0,16.3285,4.277666666666666,,
north_rustico,2023-08-21 09:00:00+00:00,0.0,4.0,,,190.0,16.435,4.28775,,
north_rustico,2023-08-21 10:00:00+00:00,0.0,24.0,,,181.0,16.503999999999998,4.30175,,
north_rustico,2023-08-21 11:00:00+00:00,0.0,37.0,,,183.0,16.643,4.30225,,
north_rustico,2023-08-21 12:00:00+00:00,0.0,100.5,,,204.0,16.5875,4.304916666666666,,
north_rustico,2023-08-21 13:00:00+00:00,0.0,73.5,,,209.0,16.693,4.306416666666666,,
north_rustico,2023-08-21 14:00:00+00:00,0.0,134.5,,,208.0,17.060000000000002,4.308666666666666,,
north_rustico,2023-08-21 15:00:00+00:00,0.0,93.0,,,219.0,17.2655,4.310333333333333,,
north_rustico,2023-08-21 16:00:00+00:00,1.6,106.0,,,219.0,17.6735,4.30675,,
north_rustico,2023-08-21 17:00:00+00:00,0.0,142.5,,,223.0,17.875500000000002,4.305166666666667,,
north_rustico,2023-08-21 18:00:00+00:00,0.0,128.5,,,223.0,18.169,4.305666666666666,,
north_rustico,2023-08-21 19:00:00+00:00,0.0,88.0,,,261.0,18.367,4.307416666666667,,
north_rustico,2023-08-21 20:00:00+00:00,0.0,148.5,,,263.0,17.3095,4.3045,,
north_rustico,2023-08-21 21:00:00+00:00,0.0,127.5,,,309.0,15.4825,4.311,,
north_rustico,2023-08-21 22:00:00+00:00,0.0,42.0,,,285.0,14.6945,4.3012500000000005,,
north_rustico,2023-08-21 23:00:00+00:00,0.0,2.0,,,258.0,14.7405,4.295916666666667,,
north_rustico,2023-08-22 00:00:00+00:00,0.0,1.0,,,282.0,14.651,4.29125,,
north_rustico,2023-08-22 01:00:00+00:00,0.0,1.0,,,279.0,14.348500000000001,4.288166666666666,,
north_rustico,2023-08-22 02:00:00+00:00,0.0,1.0,,,277.0,14.245000000000001,4.28625,,
north_rustico,2023-08-22 03:00:00+00:00,0.0,1.0,,,289.0,14.549,4.281333333333333,,
north_rustico,2023-08-22 04:00:00+00:00,0.0,1.0,,,282.0,15.100999999999999,4.28,,
north_rustico,2023-08-22 05:00:00+00:00,0.0,1.0,,,355.0,14.880500000000001,4.280083333333334,,
north_rustico,2023-08-22 06:00:00+00:00,0.0,1.0,,,22.0,13.408,4.279166666666667,,
north_rustico,2023-08-22 07:00:00+00:00,0.0,1.0,,,358.0,12.696,4.277916666666666,,
north_rustico,2023-08-22 08:00:00+00:00,0.0,1.0,,,253.0,12.043,4.2772499999999996,,
north_rustico,2023-08-22 09:00:00+00:00,0.0,2.5,,,264.0,11.764,4.2860000000000005,,
north_rustico,2023-08-22 10:00:00+00:00,0.0,47.5,,,274.0,11.229,4.306916666666667,,
north_rustico,2023-08-22 11:00:00+00:00,0.0,310.0,,,244.0,13.9665,4.3075833333333335,,
north_rustico,2023-08-22 12:00:00+00:00,0.0,461.5,,,265.0,13.1695,4.312416666666667,,
north_rustico,2023-08-22 13:00:00+00:00,0.0,605.5,,,268.0,11.777000000000001,4.3084999999999996,,
north_rustico,2023-08-22 14:00:00+00:00,0.0,625.5,,,271.0,12.5705,4.304250000000001,,
north_rustico,2023-08-22 15:00:00+00:00,0.0,550.5,,,327.0,12.4755,4.31225,,
north_rustico,2023-08-22 16:00:00+00:00,0.0,804.0,,,317.0,14.329,4.299833333333333,,
north_rustico,2023-08-22 17:00:00+00:00,0.0,767.5,,,330.0,14.6025,4.309916666666667,,
north_rustico,2023-08-22 18:00:00+00:00,0.0,768.5,,,326.0,14.3615,4.310583333333333,,
north_rustico,2023-08-22 19:00:00+00:00,0.0,567.0,,,333.0,13.1395,4.3020000000000005,,
north_rustico,2023-08-22 20:00:00+00:00,0.0,293.0,,,3.0,12.862,4.305499999999999,,
north_rustico,2023-08-22 21:00:00+00:00,0.0,109.5,,,18.0,12.311,4.308666666666666,,
north_rustico,2023-08-22 22:00:00+00:00,0.0,87.0,,,17.0,12.0275,4.301,,
north_rustico,2023-08-22 23:00:00+00:00,0.0,4.0,,,11.0,11.2025,4.295416666666667,,
north_rustico,2023-08-23 00:00:00+00:00,0.0,1.0,,,260.0,11.595500000000001,4.290333333333333,,
north_rustico,2023-08-23 01:00:00+00:00,0.0,1.0,,,237.0,10.986,4.286583333333333,,
north_rustico,2023-08-23 02:00:00+00:00,0.0,1.0,,,236.0,10.4895,4.283833333333333,,
north_rustico,2023-08-23 03:00:00+00:00,0.0,1.0,,,241.0,10.405000000000001,4.277583333333333,,
north_rustico,2023-08-23 04:00:00+00:00,0.0,1.0,,,230.0,10.1135,4.275833333333334,,
north_rustico,2023-08-23 05:00:00+00:00,0.0,1.0,,,237.0,9.6665,4.275666666666667,,
north_rustico,2023-08-23 06:00:00+00:00,0.0,1.0,,,244.0,9.227,4.2746666666666675,,
north_rustico,2023-08-23 07:00:00+00:00,0.0,1.0,,,240.0,9.220500000000001,4.273833333333333,,
north_rustico,2023-08-23 08:00:00+00:00,0.0,1.0,,,237.0,8.966999999999999,4.271916666666667,,
north_rustico,2023-08-23 09:00:00+00:00,0.0,10.0,,,240.0,9.035499999999999,4.284833333333333,,
north_rustico,2023-08-23 10:00:00+00:00,0.0,141.5,,,234.0,10.9535,4.31025,,
north_rustico,2023-08-23 11:00:00+00:00,0.0,300.0,,,275.0,12.9285,4.312,,
north_rustico,2023-08-23 12:00:00+00:00,0.0,468.0,,,264.0,13.174,4.310666666666667,,
north_rustico,2023-08-23 13:00:00+00:00,0.0,608.5,,,277.0,11.557500000000001,4.307916666666666,,
north_rustico,2023-08-23 14:00:00+00:00,0.0,492.0,,,267.0,11.32,4.309083333333334,,
north_rustico,2023-08-23 15:00:00+00:00,0.0,790.0,,,299.0,11.325,4.317666666666667,,
north_rustico,2023-08-23 16:00:00+00:00,0.0,478.0,,,292.0,10.692,4.303083333333333,,
north_rustico,2023-08-23 17:00:00+00:00,0.0,770.5,,,234.0,9.317,4.31075,,
north_rustico,2023-08-23 18:00:00+00:00,0.0,683.5,,,292.0,10.852,4.30475,,
north_rustico,2023-08-23 19:00:00+00:00,0.0,554.0,,,278.0,10.506,4.3036666666666665,,
north_rustico,2023-08-23 20:00:00+00:00,0.0,398.0,,,251.0,10.872499999999999,4.309916666666667,,
north_rustico,2023-08-23 21:00:00+00:00,0.0,81.0,,,248.0,10.9915,4.302166666666667,,
north_rustico,2023-08-23 22:00:00+00:00,0.0,32.5,,,188.0,12.192499999999999,4.299916666666667,,
north_rustico,2023-08-23 23:00:00+00:00,0.6,1.5,,,212.0,12.5185,4.2956666666666665,,
north_rustico,2023-08-24 00:00:00+00:00,0.4,1.0,,,185.0,12.9395,4.290083333333333,,
north_rustico,2023-08-24 01:00:00+00:00,0.0,1.0,,,230.0,13.2525,4.287249999999999,,
north_rustico,2023-08-24 02:00:00+00:00,0.0,1.0,,,244.0,13.0705,4.2844999999999995,,
north_rustico,2023-08-24 03:00:00+00:00,0.0,1.0,,,251.0,13.6145,4.278666666666667,,
north_rustico,2023-08-24 04:00:00+00:00,0.0,1.0,,,250.0,12.8975,4.277583333333333,,
north_rustico,2023-08-24 05:00:00+00:00,0.0,1.0,,,285.0,12.523499999999999,4.277916666666666,,
north_rustico,2023-08-24 06:00:00+00:00,0.0,1.0,,,286.0,12.833,4.2772499999999996,,
north_rustico,2023-08-24 07:00:00+00:00,0.0,1.0,,,275.0,12.638,4.2765,,
north_rustico,2023-08-24 08:00:00+00:00,0.0,1.0,,,236.0,11.431000000000001,4.275083333333334,,
north_rustico,2023-08-24 09:00:00+00:00,0.0,9.5,,,234.0,11.0105,4.290583333333333,,
north_rustico,2023-08-24 10:00:00+00:00,0.0,132.5,,,241.0,11.9815,4.3095,,
north_rustico,2023-08-24 11:00:00+00:00,0.0,295.5,,,239.0,14.741,4.308416666666667,,
north_rustico,2023-08-24 12:00:00+00:00,0.0,462.0,,,309.0,12.898499999999999,4.309333333333334,,
north_rustico,2023-08-24 13:00:00+00:00,0.0,609.5,,,312.0,10.998999999999999,4.310416666666667,,
north_rustico,2023-08-24 14:00:00+00:00,0.0,721.0,,,8.0,11.356000000000002,4.305916666666667,,
north_rustico,2023-08-24 15:00:00+00:00,0.0,789.0,,,18.0,12.680499999999999,4.316,,
north_rustico,2023-08-24 16:00:00+00:00,0.0,807.5,,,20.0,10.933499999999999,4.301583333333333,,
north_rustico,2023-08-24 17:00:00+00:00,0.0,772.0,,,22.0,11.7975,4.3101666666666665,,
north_rustico,2023-08-24 18:00:00+00:00,0.0,684.5,,,29.0,11.318,4.30875,,
north_rustico,2023-08-24 19:00:00+00:00,0.0,563.5,,,24.0,11.5105,4.300583333333333,,
north_rustico,2023-08-24 20:00:00+00:00,0.0,405.5,,,34.0,11.214,4.311,,
north_rustico,2023-08-24 21:00:00+00:00,0.0,233.5,,,45.0,11.336,4.303833333333333,,
north_rustico,2023-08-24 22:00:00+00:00,0.0,76.5,,,35.0,10.9205,4.299,,
north_rustico,2023-08-24 23:00:00+00:00,0.0,2.0,,,41.0,10.961,4.29475,,
north_rustico,2023-08-25 00:00:00+00:00,0.0,1.0,,,81.0,11.280000000000001,4.289833333333333,,
north_rustico,2023-08-25 01:00:00+00:00,0.0,1.0,,,181.0,10.928,4.286499999999999,,
north_rustico,2023-08-25 02:00:00+00:00,0.0,1.0,,,192.0,10.6445,4.284416666666666,,
north_rustico,2023-08-25 03:00:00+00:00,0.0,1.0,,,215.0,10.8665,4.278083333333334,,
north_rustico,2023-08-25 04:00:00+00:00,0.0,1.0,,,178.0,11.914,4.276916666666667,,
north_rustico,2023-08-25 05:00:00+00:00,0.0,1.0,,,181.0,12.199,4.277083333333334,,
north_rustico,2023-08-25 06:00:00+00:00,0.0,1.0,,,175.0,12.721499999999999,4.276833333333333,,
north_rustico,2023-08-25 07:00:00+00:00,0.0,1.0,,,188.0,13.125,4.276666666666666,,
north_rustico,2023-08-25 08:00:00+00:00,0.0,1.0,,,170.0,13.2365,4.2755,,
north_rustico,2023-08-25 09:00:00+00:00,0.0,6.0,,,190.0,13.093,4.28775,,
north_rustico,2023-08-25 10:00:00+00:00,0.0,81.5,,,152.0,13.939499999999999,4.308666666666666,,
north_rustico,2023-08-25 11:00:00+00:00,0.0,166.5,,,150.0,14.747499999999999,4.3101666666666665,,
north_rustico,2023-08-25 12:00:00+00:00,0.0,474.5,,,167.0,15.024000000000001,4.3069999999999995,,
north_rustico,2023-08-25 13:00:00+00:00,0.0,432.5,,,171.0,14.937,4.30975,,
north_rustico,2023-08-25 14:00:00+00:00,0.0,452.5,,,178.0,14.346499999999999,4.3075833333333335,,
north_rustico,2023-08-25 15:00:00+00:00,0.0,612.5,,,188.0,14.219999999999999,4.3187500000000005,,
north_rustico,2023-08-25 16:00:00+00:00,0.0,456.5,,,198.0,13.489,4.302416666666667,,
north_rustico,2023-08-25 17:00:00+00:00,0.0,627.0,,,183.0,13.779499999999999,4.30725,,
north_rustico,2023-08-25 18:00:00+00:00,0.0,319.5,,,208.0,13.7195,4.29975,,
north_rustico,2023-08-25 19:00:00+00:00,0.0,272.0,,,205.0,13.609000000000002,4.31075,,
north_rustico,2023-08-25 20:00:00+00:00,0.0,116.5,,,201.0,14.089500000000001,4.3025,,
north_rustico,2023-08-25 21:00:00+00:00,0.0,85.5,,,205.0,14.562000000000001,4.302166666666667,,
north_rustico,2023-08-25 22:00:00+00:00,0.0,38.0,,,167.0,15.5585,4.2988333333333335,,
north_rustico,2023-08-25 23:00:00+00:00,0.0,1.0,,,183.0,16.5305,4.293583333333333,,
north_rustico,2023-08-26 00:00:00+00:00,0.0,1.0,,,114.0,16.3945,4.289666666666666,,
north_rustico,2023-08-26 01:00:00+00:00,0.0,1.0,,,188.0,16.4695,4.2875,,
north_rustico,2023-08-26 02:00:00+00:00,0.0,1.0,,,173.0,16.9695,4.285749999999999,,
north_rustico,2023-08-26 03:00:00+00:00,0.0,1.0,,,171.0,15.146,4.280916666666666,,
north_rustico,2023-08-26 04:00:00+00:00,0.6000000000000001,1.0,,,183.0,14.9665,4.279833333333333,,
north_rustico,2023-08-26 05:00:00+00:00,0.0,1.0,,,138.0,15.5845,4.279333333333334,,
north_rustico,2023-08-26 06:00:00+00:00,0.0,1.0,,,133.0,16.618000000000002,4.278333333333333,,
north_rustico,2023-08-26 07:00:00+00:00,0.0,1.0,,,154.0,16.785,4.2781666666666665,,
north_rustico,2023-08-26 08:00:00+00:00,1.0,1.0,,,156.0,16.9615,4.27775,,
north_rustico,2023-08-26 09:00:00+00:00,1.4,1.0,,,146.0,16.9335,4.27675,,
north_rustico,2023-08-26 10:00:00+00:00,1.2000000000000002,4.5,,,152.0,16.7685,4.29475,,
north_rustico,2023-08-26 11:00:00+00:00,0.8,14.5,,,149.0,16.872,4.299916666666667,,
north_rustico,2023-08-26 12:00:00+00:00,3.4000000000000004,32.5,,,154.0,16.9635,4.301666666666667,,
north_rustico,2023-08-26 13:00:00+00:00,2.2,51.5,,,146.0,16.825,4.303916666666667,,
north_rustico,2023-08-26 14:00:00+00:00,1.2,53.0,,,140.0,17.2895,4.303583333333333,,
north_rustico,2023-08-26 15:00:00+00:00,2.8,67.5,,,147.0,17.596,4.302083333333333,,
north_rustico,2023-08-26 16:00:00+00:00,0.2,197.5,,,153.0,17.924999999999997,4.308,,
north_rustico,2023-08-26 17:00:00+00:00,0.8,123.5,,,153.0,17.8345,4.309166666666667,,
north_rustico,2023-08-26 18:00:00+00:00,0.0,157.5,,,153.0,17.7025,4.304583333333333,,
north_rustico,2023-08-26 19:00:00+00:00,0.6000000000000001,142.0,,,153.0,18.097,4.303916666666667,,
north_rustico,2023-08-26 20:00:00+00:00,0.4,74.5,,,156.0,18.312,4.3005,,
north_rustico,2023-08-26 21:00:00+00:00,0.8,25.5,,,163.0,18.3465,4.300916666666667,,
north_rustico,2023-08-26 22:00:00+00:00,0.0,7.5,,,175.0,18.1355,4.297833333333333,,
north_rustico,2023-08-26 23:00:00+00:00,2.2,1.0,,,170.0,18.0975,4.2915,,
north_rustico,2023-08-27 00:00:00+00:00,3.0,1.0,,,175.0,17.9285,4.2884166666666665,,
north_rustico,2023-08-27 01:00:00+00:00,0.0,1.0,,,177.0,18.087,4.286083333333333,,
north_rustico,2023-08-27 02:00:00+00:00,0.0,1.0,,,174.0,18.281,4.28425,,
north_rustico,2023-08-27 03:00:00+00:00,0.4,1.0,,,178.0,18.383000000000003,4.2804166666666665,,
north_rustico,2023-08-27 04:00:00+00:00,0.0,1.0,,,211.0,18.346,4.279833333333333,,
north_rustico,2023-08-27 05:00:00+00:00,0.0,1.0,,,237.0,18.244999999999997,4.279833333333333,,
north_rustico,2023-08-27 06:00:00+00:00,0.0,1.0,,,243.0,17.872500000000002,4.278666666666666,,
north_rustico,2023-08-27 07:00:00+00:00,0.0,1.0,,,350.0,16.9185,4.27775,,
north_rustico,2023-08-27 08:00:00+00:00,0.0,1.0,,,345.0,17.1755,4.277,,
north_rustico,2023-08-27 09:00:00+00:00,0.0,1.0,,,347.0,16.872500000000002,4.27475,,
north_rustico,2023-08-27 10:00:00+00:00,0.2,28.0,,,18.0,16.7185,4.299666666666667,,
north_rustico,2023-08-27 11:00:00+00:00,0.0,56.0,,,337.0,16.721,4.305166666666667,,
north_rustico,2023-08-27 12:00:00+00:00,0.0,115.0,,,331.0,16.694000000000003,4.30925,,
north_rustico,2023-08-27 13:00:00+00:00,0.0,166.0,,,0.0,16.515,4.31175,,
north_rustico,2023-08-27 14:00:00+00:00,0.0,230.0,,,341.0,16.33,4.3077499999999995,,
north_rustico,2023-08-27 15:00:00+00:00,0.0,273.5,,,329.0,16.2015,4.315416666666667,,
north_rustico,2023-08-27 16:00:00+00:00,0.0,264.0,,,357.0,16.2575,4.30475,,
north_rustico,2023-08-27 17:00:00+00:00,0.0,361.5,,,15.0,15.901,4.30375,,
north_rustico,2023-08-27 18:00:00+00:00,0.0,383.0,,,24.0,15.7705,4.308333333333334,,
north_rustico,2023-08-27 19:00:00+00:00,0.0,286.5,,,348.0,15.1445,4.31025,,
north_rustico,2023-08-27 20:00:00+00:00,0.0,181.5,,,316.0,15.458,4.304,,
north_rustico,2023-08-27 21:00:00+00:00,0.0,63.5,,,300.0,15.6225,4.299166666666667,,
north_rustico,2023-08-27 22:00:00+00:00,0.0,23.0,,,330.0,15.8515,4.299083333333333,,
north_rustico,2023-08-27 23:00:00+00:00,0.0,1.0,,,3.0,15.322,4.292583333333334,,
north_rustico,2023-08-28 00:00:00+00:00,0.0,1.0,,,327.0,14.865,4.288666666666667,,
north_rustico,2023-08-28 01:00:00+00:00,0.0,1.0,,,253.0,13.7035,4.285666666666667,,
north_rustico,2023-08-28 02:00:00+00:00,0.0,1.0,,,244.0,13.322,4.283083333333333,,
north_rustico,2023-08-28 03:00:00+00:00,0.0,1.0,,,233.0,12.810500000000001,4.277333333333333,,
north_rustico,2023-08-28 04:00:00+00:00,0.0,1.0,,,236.0,13.2405,4.2765,,
north_rustico,2023-08-28 05:00:00+00:00,0.0,1.0,,,232.0,13.389,4.2765,,
north_rustico,2023-08-28 06:00:00+00:00,0.0,1.0,,,237.0,14.707,4.275166666666667,,
north_rustico,2023-08-28 07:00:00+00:00,0.0,1.0,,,232.0,15.0345,4.275166666666667,,
north_rustico,2023-08-28 08:00:00+00:00,0.0,1.0,,,229.0,14.258,4.275166666666667,,
north_rustico,2023-08-28 09:00:00+00:00,0.0,4.0,,,237.0,13.4875,4.287166666666667,,
north_rustico,2023-08-28 10:00:00+00:00,0.0,112.5,,,243.0,13.651,4.312083333333334,,
north_rustico,2023-08-28 11:00:00+00:00,0.0,283.0,,,250.0,14.3615,4.308333333333334,,
north_rustico,2023-08-28 12:00:00+00:00,0.0,447.5,,,246.0,14.0655,4.309,,
north_rustico,2023-08-28 13:00:00+00:00,0.0,601.0,,,257.0,13.191500000000001,4.308666666666666,,
north_rustico,2023-08-28 14:00:00+00:00,0.0,713.0,,,241.0,10.739,4.3036666666666665,,
north_rustico,2023-08-28 15:00:00+00:00,0.0,770.0,,,251.0,10.078,4.317,,
north_rustico,2023-08-28 16:00:00+00:00,0.0,795.0,,,250.0,9.721,4.3,,
north_rustico,2023-08-28 17:00:00+00:00,0.0,756.5,,,261.0,9.4055,4.309916666666667,,
north_rustico,2023-08-28 18:00:00+00:00,0.0,672.5,,,234.0,9.254999999999999,4.3094166666666665,,
north_rustico,2023-08-28 19:00:00+00:00,0.0,546.0,,,260.0,10.013,4.298333333333333,,
north_rustico,2023-08-28 20:00:00+00:00,0.0,389.5,,,270.0,11.0645,4.309333333333334,,
north_rustico,2023-08-28 21:00:00+00:00,0.0,219.5,,,352.0,11.264,4.301583333333333,,
north_rustico,2023-08-28 22:00:00+00:00,0.0,63.5,,,46.0,12.849,4.29975,,
north_rustico,2023-08-28 23:00:00+00:00,0.0,1.5,,,190.0,13.254999999999999,4.294,,
north_rustico,2023-08-29 00:00:00+00:00,0.0,1.0,,,247.0,12.5185,4.289,,
north_rustico,2023-08-29 01:00:00+00:00,0.0,1.0,,,202.0,12.473500000000001,4.286083333333333,,
north_rustico,2023-08-29 02:00:00+00:00,0.0,1.0,,,243.0,12.3905,4.28375,,
north_rustico,2023-08-29 03:00:00+00:00,0.0,1.0,,,256.0,11.241,4.279083333333333,,
north_rustico,2023-08-29 04:00:00+00:00,0.0,1.0,,,236.0,11.811,4.277666666666666,,
north_rustico,2023-08-29 05:00:00+00:00,0.0,1.0,,,225.0,12.0135,4.2775,,
north_rustico,2023-08-29 06:00:00+00:00,0.0,1.0,,,239.0,12.0215,4.277,,
north_rustico,2023-08-29 07:00:00+00:00,0.0,1.0,,,227.0,12.4485,4.276000000000001,,
north_rustico,2023-08-29 08:00:00+00:00,0.0,1.0,,,232.0,13.3875,4.275,,
north_rustico,2023-08-29 09:00:00+00:00,0.0,3.5,,,226.0,14.1865,4.283,,
north_rustico,2023-08-29 10:00:00+00:00,0.0,61.0,,,229.0,14.782,4.309166666666667,,
north_rustico,2023-08-29 11:00:00+00:00,0.0,112.0,,,227.0,15.310500000000001,4.309,,
north_rustico,2023-08-29 12:00:00+00:00,0.0,305.0,,,226.0,15.959999999999999,4.310666666666667,,
north_rustico,2023-08-29 13:00:00+00:00,0.0,478.0,,,206.0,16.267,4.308333333333334,,
north_rustico,2023-08-29 14:00:00+00:00,0.0,639.5,,,178.0,16.4495,4.30775,,
north_rustico,2023-08-29 15:00:00+00:00,0.0,766.0,,,173.0,15.584,4.308166666666667,,
north_rustico,2023-08-29 16:00:00+00:00,0.0,752.5,,,175.0,14.4175,4.299333333333333,,
north_rustico,2023-08-29 17:00:00+00:00,0.0,478.0,,,171.0,14.4855,4.310333333333333,,
north_rustico,2023-08-29 18:00:00+00:00,0.0,600.5,,,167.0,15.283000000000001,4.3075833333333335,,
north_rustico,2023-08-29 19:00:00+00:00,0.0,392.0,,,174.0,15.529499999999999,4.303166666666667,,
north_rustico,2023-08-29 20:00:00+00:00,0.0,374.5,,,173.0,15.860499999999998,4.306166666666667,,
north_rustico,2023-08-29 21:00:00+00:00,0.0,212.5,,,178.0,16.163,4.302083333333333,,
north_rustico,2023-08-29 22:00:00+00:00,0.0,56.5,,,170.0,15.9515,4.2995833333333335,,
north_rustico,2023-08-29 23:00:00+00:00,0.0,1.5,,,168.0,16.215,4.29425,,
north_rustico,2023-08-30 00:00:00+00:00,0.0,1.0,,,177.0,16.0685,4.290166666666667,,
north_rustico,2023-08-30 01:00:00+00:00,0.0,1.0,,,166.0,16.0595,4.287416666666666,,
north_rustico,2023-08-30 02:00:00+00:00,0.0,1.0,,,202.0,16.0295,4.285083333333334,,
north_rustico,2023-08-30 03:00:00+00:00,0.0,1.0,,,202.0,16.116,4.280166666666667,,
north_rustico,2023-08-30 04:00:00+00:00,0.0,1.0,,,159.0,16.622999999999998,4.279166666666667,,
north_rustico,2023-08-30 05:00:00+00:00,0.0,1.0,,,168.0,17.104999999999997,4.2795,,
north_rustico,2023-08-30 06:00:00+00:00,0.0,1.0,,,156.0,17.279,4.278833333333333,,
north_rustico,2023-08-30 07:00:00+00:00,0.0,1.0,,,149.0,17.363,4.277916666666666,,
north_rustico,2023-08-30 08:00:00+00:00,0.0,1.0,,,152.0,17.878,4.277666666666666,,
north_rustico,2023-08-30 09:00:00+00:00,0.0,1.5,,,146.0,18.359,4.28125,,
north_rustico,2023-08-30 10:00:00+00:00,0.0,28.0,,,147.0,18.503,4.3012500000000005,,
north_rustico,2023-08-30 11:00:00+00:00,0.0,22.0,,,168.0,18.7515,4.301583333333333,,
north_rustico,2023-08-30 12:00:00+00:00,2.0,15.0,,,139.0,18.9645,4.300666666666667,,
north_rustico,2023-08-30 13:00:00+00:00,3.4,12.5,,,152.0,19.1845,4.3,,
north_rustico,2023-08-30 14:00:00+00:00,3.0,36.0,,,132.0,19.414,4.3015,,
north_rustico,2023-08-30 15:00:00+00:00,0.6000000000000001,122.0,,,125.0,19.746,4.3105,,
north_rustico,2023-08-30 16:00:00+00:00,0.0,422.5,,,140.0,20.964,4.30925,,
north_rustico,2023-08-30 17:00:00+00:00,0.0,241.5,,,167.0,21.0875,4.305666666666666,,
north_rustico,2023-08-30 18:00:00+00:00,0.0,321.5,,,171.0,20.7175,4.307333333333333,,
north_rustico,2023-08-30 19:00:00+00:00,0.0,166.0,,,145.0,20.906,4.303,,
north_rustico,2023-08-30 20:00:00+00:00,0.6,26.0,,,159.0,20.6665,4.299083333333333,,
north_rustico,2023-08-30 21:00:00+00:00,1.4,10.0,,,164.0,20.613500000000002,4.2985,,
north_rustico,2023-08-30 22:00:00+00:00,13.0,2.5,,,157.0,20.304000000000002,4.2964166666666666,,
north_rustico,2023-08-30 23:00:00+00:00,0.0,1.0,,,184.0,20.1215,4.29125,,
north_rustico,2023-08-31 00:00:00+00:00,0.0,1.0,,,188.0,19.857999999999997,4.288166666666666,,
north_rustico,2023-08-31 01:00:00+00:00,0.0,1.0,,,220.0,19.438000000000002,4.286333333333332,,
north_rustico,2023-08-31 02:00:00+00:00,0.0,1.0,,,202.0,19.235999999999997,4.284166666666667,,
north_rustico,2023-08-31 03:00:00+00:00,0.0,1.0,,,216.0,18.631999999999998,4.2804166666666665,,
north_rustico,2023-08-31 04:00:00+00:00,0.0,1.0,,,253.0,17.245,4.279833333333333,,
north_rustico,2023-08-31 05:00:00+00:00,0.0,1.0,,,272.0,16.5905,4.278833333333333,,
north_rustico,2023-08-31 06:00:00+00:00,0.0,1.0,,,244.0,16.186,4.277583333333333,,
north_rustico,2023-08-31 07:00:00+00:00,0.0,1.0,,,237.0,16.269,4.276583333333334,,
north_rustico,2023-08-31 08:00:00+00:00,0.0,1.0,,,257.0,16.140500000000003,4.275666666666667,,
north_rustico,2023-08-31 09:00:00+00:00,0.0,1.5,,,241.0,15.7485,4.277833333333334,,
north_rustico,2023-08-31 10:00:00+00:00,0.0,12.5,,,264.0,15.0895,4.2995833333333335,,
north_rustico,2023-08-31 11:00:00+00:00,0.0,50.0,,,272.0,14.285,4.302333333333333,,
north_rustico,2023-08-31 12:00:00+00:00,0.0,105.0,,,295.0,13.9605,4.308,,
north_rustico,2023-08-31 13:00:00+00:00,0.0,181.0,,,282.0,13.288499999999999,4.30775,,
north_rustico,2023-08-31 14:00:00+00:00,0.0,217.0,,,284.0,12.833,4.307166666666666,,
north_rustico,2023-08-31 15:00:00+00:00,0.0,218.0,,,279.0,12.8735,4.313,,
north_rustico,2023-08-31 16:00:00+00:00,1.6,142.0,,,292.0,13.183,4.307333333333333,,
north_rustico,2023-08-31 17:00:00+00:00,0.4,274.5,,,309.0,12.9185,4.307666666666667,,
north_rustico,2023-08-31 18:00:00+00:00,1.0,184.0,,,329.0,12.4185,4.305916666666667,,
north_rustico,2023-08-31 19:00:00+00:00,0.0,151.0,,,314.0,11.486,4.305583333333334,,
north_rustico,2023-08-31 20:00:00+00:00,0.0,109.0,,,319.0,10.712,4.306,,
north_rustico,2023-08-31 21:00:00+00:00,0.0,103.5,,,326.0,9.551,4.310833333333334,,
north_rustico,2023-08-31 22:00:00+00:00,0.0,51.0,,,326.0,8.584499999999998,4.30075,,
north_rustico,2023-08-31 23:00:00+00:00,0.0,1.0,,,321.0,7.2955,4.293333333333334,,
north_rustico,2023-09-01 00:00:00+00:00,0.0,1.0,,,327.0,7.7115,4.28825,,
north_rustico,2023-09-01 01:00:00+00:00,0.0,1.0,,,321.0,8.125,4.28525,,
north_rustico,2023-09-01 02:00:00+00:00,0.0,1.0,,,300.0,9.057500000000001,4.283083333333334,,
