station,timestamp_utc,rain_mm,solar_radiation_w_m2,wind_gust_speed_kmh,wind_direction_deg,air_temperature_c,relative_humidity_pct,dew_point_c,battery_v,wind_gust_speed_max_kmh,wind_speed_ms
north_rustico,2023-09-01 03:00:00+00:00,0.0,1.0,,,9.1935,92.39750000000001,8.0335,4.276083333333333,,
north_rustico,2023-09-01 04:00:00+00:00,0.0,1.0,,,8.721499999999999,93.15450000000001,7.6855,4.274166666666667,,
north_rustico,2023-09-01 05:00:00+00:00,0.0,1.0,,,8.6575,94.098,7.769500000000001,4.2735,,
north_rustico,2023-09-01 06:00:00+00:00,0.0,1.0,,,9.461500000000001,92.09649999999999,8.251999999999999,4.272,,
north_rustico,2023-09-01 07:00:00+00:00,0.0,1.0,,,10.877,89.16399999999999,9.175,4.271583333333333,,
north_rustico,2023-09-01 08:00:00+00:00,0.0,1.0,,,11.584499999999998,88.1445,9.702,4.271333333333334,,
north_rustico,2023-09-01 09:00:00+00:00,0.0,2.5,,,11.231,91.15299999999999,9.8535,4.281916666666667,,
north_rustico,2023-09-01 10:00:00+00:00,0.0,105.0,,,12.6145,88.439,10.763,4.310333333333333,,
north_rustico,2023-09-01 11:00:00+00:00,0.0,277.5,,,15.627500000000001,79.4125,12.093499999999999,4.3060833333333335,,
north_rustico,2023-09-01 12:00:00+00:00,0.0,443.5,,,17.804499999999997,65.773,11.296,4.313083333333333,,
north_rustico,2023-09-01 13:00:00+00:00,0.0,588.0,,,17.9335,62.861000000000004,10.7695,4.309916666666667,,
north_rustico,2023-09-01 14:00:00+00:00,0.0,697.0,,,18.3945,57.8905,9.938500000000001,4.3101666666666665,,
north_rustico,2023-09-01 15:00:00+00:00,0.0,757.5,,,19.2735,54.3,9.835999999999999,4.304166666666666,,
north_rustico,2023-09-01 16:00:00+00:00,0.0,763.0,,,19.1665,51.056,8.628,4.309666666666667,,
north_rustico,2023-09-01 17:00:00+00:00,0.0,713.5,,,19.7245,44.0785,7.1690000000000005,4.307,,
north_rustico,2023-09-01 18:00:00+00:00,0.0,621.5,,,20.4215,47.7455,8.9805,4.300833333333333,,
north_rustico,2023-09-01 19:00:00+00:00,0.0,487.0,,,21.3545,45.712999999999994,9.1845,4.309833333333334,,
north_rustico,2023-09-01 20:00:00+00:00,0.0,318.0,,,20.4535,46.708,8.684999999999999,4.30725,,
north_rustico,2023-09-01 21:00:00+00:00,0.0,155.0,,,19.617,50.036500000000004,8.9245,4.303,,
north_rustico,2023-09-01 22:00:00+00:00,0.0,37.0,,,17.483,57.544,8.9925,4.299333333333333,,
north_rustico,2023-09-01 23:00:00+00:00,0.0,1.0,,,14.8985,72.76849999999999,10.0705,4.293083333333333,,
north_rustico,2023-09-02 00:00:00+00:00,0.0,1.0,,,14.234,69.916,8.836500000000001,4.2885,,
north_rustico,2023-09-02 01:00:00+00:00,0.0,1.0,,,13.687000000000001,72.2255,8.7845,4.285666666666667,,
north_rustico,2023-09-02 02:00:00+00:00,0.0,1.0,,,13.869,81.41999999999999,10.756,4.283416666666667,,
north_rustico,2023-09-02 03:00:00+00:00,0.0,1.0,,,14.3625,84.101,11.727,4.277833333333334,,
north_rustico,2023-09-02 04:00:00+00:00,0.0,1.0,,,14.062000000000001,87.439,12.023,4.277,,
north_rustico,2023-09-02 05:00:00+00:00,0.0,1.0,,,14.18,89.243,12.4505,4.276916666666667,,
north_rustico,2023-09-02 06:00:00+00:00,0.0,1.0,,,14.1695,90.981,12.7345,4.276666666666666,,
north_rustico,2023-09-02 07:00:00+00:00,0.0,1.0,,,14.384,91.2,12.9835,4.276000000000001,,
north_rustico,2023-09-02 08:00:00+00:00,0.0,1.0,,,14.1585,91.8625,12.871,4.274916666666667,,
north_rustico,2023-09-02 09:00:00+00:00,0.0,2.0,,,14.212,90.8035,12.747,4.2804166666666665,,
north_rustico,2023-09-02 10:00:00+00:00,0.0,72.0,,,14.8235,88.0445,12.877500000000001,4.308666666666666,,
north_rustico,2023-09-02 11:00:00+00:00,0.0,198.5,,,16.346,83.914,13.6375,4.309833333333334,,
north_rustico,2023-09-02 12:00:00+00:00,0.0,317.5,,,17.397,79.05850000000001,13.748,4.31325,,
north_rustico,2023-09-02 13:00:00+00:00,0.0,527.5,,,18.534,74.032,13.8255,4.3068333333333335,,
north_rustico,2023-09-02 14:00:00+00:00,0.0,639.5,,,20.25,66.8655,13.91,4.304416666666667,,
north_rustico,2023-09-02 15:00:00+00:00,0.0,721.5,,,21.1185,61.0685,13.319500000000001,4.311833333333333,,
north_rustico,2023-09-02 16:00:00+00:00,0.0,732.0,,,22.598,57.9835,13.93,4.299916666666667,,
north_rustico,2023-09-02 17:00:00+00:00,0.0,705.5,,,23.0805,55.1135,13.6005,4.308916666666667,,
north_rustico,2023-09-02 18:00:00+00:00,0.0,605.5,,,23.424,59.8795,15.205,4.306666666666667,,
north_rustico,2023-09-02 19:00:00+00:00,0.0,454.5,,,23.573999999999998,58.033,14.859,4.29975,,
north_rustico,2023-09-02 20:00:00+00:00,0.0,291.0,,,23.177500000000002,55.2675,13.729,4.308583333333334,,
north_rustico,2023-09-02 21:00:00+00:00,0.0,162.5,,,21.8045,53.057,11.816500000000001,4.303166666666667,,
north_rustico,2023-09-02 22:00:00+00:00,0.0,36.0,,,20.8075,57.5075,12.122,4.298916666666667,,
north_rustico,2023-09-02 23:00:00+00:00,0.0,1.0,,,19.6495,63.203,12.475,4.2924999999999995,,
north_rustico,2023-09-03 00:00:00+00:00,0.0,1.0,,,18.909,64.85050000000001,12.165,4.289499999999999,,
north_rustico,2023-09-03 01:00:00+00:00,0.0,1.0,,,17.8475,69.833,12.282499999999999,4.287333333333334,,
north_rustico,2023-09-03 02:00:00+00:00,0.0,1.0,,,17.5475,69.7475,11.976500000000001,4.28525,,
north_rustico,2023-09-03 03:00:00+00:00,0.0,1.0,,,16.936,73.07,12.093,4.2796666666666665,,
north_rustico,2023-09-03 04:00:00+00:00,0.0,1.0,,,16.485500000000002,76.6975,12.3965,4.27825,,
north_rustico,2023-09-03 05:00:00+00:00,0.0,1.0,,,15.927999999999999,81.3375,12.747499999999999,4.277916666666666,,
north_rustico,2023-09-03 06:00:00+00:00,0.0,1.0,,,15.3275,86.8995,13.175,4.277083333333334,,
north_rustico,2023-09-03 07:00:00+00:00,0.0,1.0,,,15.3275,89.184,13.5735,4.276666666666666,,
north_rustico,2023-09-03 08:00:00+00:00,0.0,1.0,,,15.242,90.7775,13.761500000000002,4.275,,
north_rustico,2023-09-03 09:00:00+00:00,0.0,1.5,,,15.349,91.4385,13.98,4.279416666666667,,
north_rustico,2023-09-03 10:00:00+00:00,0.0,80.5,,,15.928,90.6865,14.424,4.309166666666667,,
north_rustico,2023-09-03 11:00:00+00:00,0.0,253.5,,,17.215,86.77199999999999,15.010000000000002,4.315916666666666,,
north_rustico,2023-09-03 12:00:00+00:00,0.0,415.0,,,18.2335,84.4645,15.591000000000001,4.306416666666666,,
north_rustico,2023-09-03 13:00:00+00:00,0.0,550.5,,,18.9845,82.3245,15.9245,4.3075,,
north_rustico,2023-09-03 14:00:00+00:00,0.0,657.0,,,19.799,80.5715,16.3825,4.307083333333334,,
north_rustico,2023-09-03 15:00:00+00:00,0.0,774.0,,,20.239,79.315,16.5635,4.315833333333333,,
north_rustico,2023-09-03 16:00:00+00:00,0.0,765.0,,,21.0435,77.10900000000001,16.9,4.301083333333334,,
north_rustico,2023-09-03 17:00:00+00:00,0.0,696.0,,,21.826,74.4685,17.1045,4.309583333333333,,
north_rustico,2023-09-03 18:00:00+00:00,0.0,605.5,,,22.683999999999997,71.483,17.2845,4.307083333333334,,
north_rustico,2023-09-03 19:00:00+00:00,0.0,473.5,,,22.6195,71.77600000000001,17.288,4.300416666666667,,
north_rustico,2023-09-03 20:00:00+00:00,0.0,322.5,,,22.630499999999998,70.648,17.047,4.309666666666667,,
north_rustico,2023-09-03 21:00:00+00:00,0.0,163.5,,,22.7055,69.7255,16.912,4.302083333333333,,
north_rustico,2023-09-03 22:00:00+00:00,0.0,32.5,,,21.375999999999998,74.451,16.663,4.297583333333333,,
north_rustico,2023-09-03 23:00:00+00:00,0.0,1.0,,,20.239,77.862,16.273,4.292833333333333,,
north_rustico,2023-09-04 00:00:00+00:00,0.0,1.0,,,20.185499999999998,76.5815,15.9595,4.288833333333333,,
north_rustico,2023-09-04 01:00:00+00:00,0.0,1.0,,,19.8315,79.726,16.245,4.286583333333334,,
north_rustico,2023-09-04 02:00:00+00:00,0.0,1.0,,,18.77,84.9635,16.207,4.285166666666666,,
north_rustico,2023-09-04 03:00:00+00:00,0.0,1.0,,,17.890500000000003,89.35050000000001,16.133499999999998,4.280166666666667,,
north_rustico,2023-09-04 04:00:00+00:00,0.0,1.0,,,17.5365,91.40700000000001,16.1415,4.279,,
north_rustico,2023-09-04 05:00:00+00:00,0.0,1.0,,,17.408,92.3725,16.1785,4.2781666666666665,,
north_rustico,2023-09-04 06:00:00+00:00,0.0,1.0,,,16.9685,93.1565,15.875,4.27775,,
north_rustico,2023-09-04 07:00:00+00:00,0.0,1.0,,,16.378500000000003,95.07249999999999,15.6075,4.277,,
north_rustico,2023-09-04 08:00:00+00:00,0.0,1.0,,,16.142,95.875,15.503499999999999,4.275666666666667,,
north_rustico,2023-09-04 09:00:00+00:00,0.0,1.0,,,16.046,96.3465,15.484,4.275916666666667,,
north_rustico,2023-09-04 10:00:00+00:00,0.0,39.5,,,15.928,96.75200000000001,15.432500000000001,4.305,,
north_rustico,2023-09-04 11:00:00+00:00,0.0,93.5,,,16.4,95.655,15.724,4.31,,
north_rustico,2023-09-04 12:00:00+00:00,0.0,210.5,,,17.429499999999997,93.434,16.379,4.3101666666666665,,
north_rustico,2023-09-04 13:00:00+00:00,0.0,376.0,,,19.435000000000002,85.618,16.971,4.305583333333334,,
north_rustico,2023-09-04 14:00:00+00:00,0.0,402.5,,,20.5825,83.1425,17.637,4.306916666666667,,
north_rustico,2023-09-04 15:00:00+00:00,0.0,380.5,,,20.764499999999998,82.533,17.7035,4.312625,,
north_rustico,2023-09-04 16:00:00+00:00,0.0,458.0,,,20.3355,84.396,17.639499999999998,4.3245000000000005,,
north_rustico,2023-09-04 17:00:00+00:00,0.0,658.5,,,21.29,79.616,17.646,4.314,,
north_rustico,2023-09-04 18:00:00+00:00,0.0,439.0,,,22.6415,77.3945,18.508000000000003,4.313583333333333,,
north_rustico,2023-09-04 19:00:00+00:00,0.0,379.0,,,23.4995,72.7245,18.342,4.30975,,
north_rustico,2023-09-04 20:00:00+00:00,0.0,308.0,,,22.802,75.382,18.2285,4.3065,,
north_rustico,2023-09-04 21:00:00+00:00,0.0,148.5,,,21.783499999999997,80.2915,18.259500000000003,4.301916666666666,,
north_rustico,2023-09-04 22:00:00+00:00,0.0,40.5,,,21.247,82.044,18.051000000000002,4.3015,,
north_rustico,2023-09-04 23:00:00+00:00,0.0,1.0,,,18.813000000000002,91.5815,17.435000000000002,4.293166666666667,,
north_rustico,2023-09-05 00:00:00+00:00,0.0,1.0,,,18.5985,91.96549999999999,17.2895,4.28825,,
north_rustico,2023-09-05 01:00:00+00:00,0.0,1.0,,,18.244,93.473,17.195500000000003,4.286,,
north_rustico,2023-09-05 02:00:00+00:00,0.0,1.0,,,17.8045,95.485,17.0955,4.2835833333333335,,
north_rustico,2023-09-05 03:00:00+00:00,0.0,1.0,,,16.8935,96.231,16.3095,4.281333333333333,,
north_rustico,2023-09-05 04:00:00+00:00,0.0,1.0,,,17.3975,93.354,16.334000000000003,4.262333333333333,,
north_rustico,2023-09-05 05:00:00+00:00,0.0,1.0,,,17.5905,92.457,16.374,4.2615,,
north_rustico,2023-09-05 06:00:00+00:00,0.0,1.0,,,17.5155,87.852,15.498999999999999,4.264333333333333,,
north_rustico,2023-09-05 07:00:00+00:00,0.0,1.0,,,17.311,87.92099999999999,15.3105,4.26525,,
north_rustico,2023-09-05 08:00:00+00:00,0.0,1.0,,,17.043,86.9985,14.882,4.26575,,
north_rustico,2023-09-05 09:00:00+00:00,0.0,2.0,,,17.0325,84.232,14.370000000000001,4.273666666666666,,
north_rustico,2023-09-05 10:00:00+00:00,0.0,85.0,,,18.502000000000002,76.0565,14.217,4.30825,,
north_rustico,2023-09-05 11:00:00+00:00,0.0,270.0,,,21.0215,64.34349999999999,14.05,4.320250000000001,,
north_rustico,2023-09-05 12:00:00+00:00,0.0,444.0,,,21.698,59.805,13.556999999999999,4.315,,
north_rustico,2023-09-05 13:00:00+00:00,0.0,557.0,,,21.5045,67.2765,15.198,4.314583333333333,,
north_rustico,2023-09-05 14:00:00+00:00,0.0,634.5,,,21.2365,71.227,15.838000000000001,4.310416666666667,,
north_rustico,2023-09-05 15:00:00+00:00,0.0,664.5,,,21.7835,72.9665,16.743000000000002,4.311166666666667,,
north_rustico,2023-09-05 16:00:00+00:00,0.0,718.0,,,21.997999999999998,74.48349999999999,17.274500000000003,4.304916666666666,,
north_rustico,2023-09-05 17:00:00+00:00,0.0,640.5,,,21.6545,76.6095,17.389499999999998,4.309083333333334,,
north_rustico,2023-09-05 18:00:00+00:00,0.0,627.5,,,22.2445,75.5855,17.746499999999997,4.308916666666667,,
north_rustico,2023-09-05 19:00:00+00:00,0.0,405.5,,,22.341,75.28550000000001,17.777,4.3101666666666665,,
north_rustico,2023-09-05 20:00:00+00:00,0.0,299.5,,,22.008499999999998,76.875,17.787,4.307083333333334,,
north_rustico,2023-09-05 21:00:00+00:00,0.0,132.0,,,21.1185,79.747,17.503,4.29925,,
north_rustico,2023-09-05 22:00:00+00:00,0.0,16.5,,,19.198999999999998,87.55000000000001,17.0945,4.298,,
north_rustico,2023-09-05 23:00:00+00:00,0.0,1.0,,,18.545,91.4765,17.152,4.2909999999999995,,
north_rustico,2023-09-06 00:00:00+00:00,0.0,1.0,,,18.4585,92.115,17.177,4.287249999999999,,
north_rustico,2023-09-06 01:00:00+00:00,0.0,1.0,,,18.3945,92.269,17.14,4.28525,,
north_rustico,2023-09-06 02:00:00+00:00,0.0,1.0,,,18.362499999999997,93.022,17.2365,4.283333333333334,,
north_rustico,2023-09-06 03:00:00+00:00,0.0,1.0,,,18.534,93.70949999999999,17.5235,4.282333333333334,,
north_rustico,2023-09-06 04:00:00+00:00,0.0,1.0,,,18.502,94.062,17.551000000000002,4.278416666666666,,
north_rustico,2023-09-06 05:00:00+00:00,0.0,1.0,,,18.502000000000002,94.944,17.698999999999998,4.2775,,
north_rustico,2023-09-06 06:00:00+00:00,0.0,1.0,,,18.3945,95.8715,17.7465,4.277666666666666,,
north_rustico,2023-09-06 07:00:00+00:00,0.0,1.0,,,18.0405,97.7875,17.708,4.277,,
north_rustico,2023-09-06 08:00:00+00:00,0.0,1.0,,,17.8045,98.79400000000001,17.6355,4.276166666666667,,
north_rustico,2023-09-06 09:00:00+00:00,0.0,1.0,,,17.5365,99.31,17.4495,4.27625,,
north_rustico,2023-09-06 10:00:00+00:00,0.0,15.5,,,17.5795,99.6465,17.5465,4.298416666666667,,
north_rustico,2023-09-06 11:00:00+00:00,0.0,69.0,,,17.794,99.7175,17.7725,4.305833333333333,,
north_rustico,2023-09-06 12:00:00+00:00,0.0,187.0,,,18.362499999999997,98.5225,18.149,4.311166666666667,,
north_rustico,2023-09-06 13:00:00+00:00,0.0,216.0,,,19.038,94.28399999999999,18.1215,4.3075833333333335,,
north_rustico,2023-09-06 14:00:00+00:00,0.0,167.5,,,19.274,93.245,18.179000000000002,4.306666666666667,,
north_rustico,2023-09-06 15:00:00+00:00,0.0,185.5,,,19.3595,92.8785,18.201500000000003,4.306166666666667,,
north_rustico,2023-09-06 16:00:00+00:00,0.0,259.5,,,19.3275,93.78649999999999,18.325,4.31125,,
north_rustico,2023-09-06 17:00:00+00:00,0.0,341.5,,,19.938499999999998,91.517,18.54,4.3075,,
north_rustico,2023-09-06 18:00:00+00:00,0.0,324.5,,,19.317,93.8595,18.326999999999998,4.305083333333333,,
north_rustico,2023-09-06 19:00:00+00:00,0.0,213.0,,,19.4025,93.90899999999999,18.42,4.3035000000000005,,
north_rustico,2023-09-06 20:00:00+00:00,0.0,139.0,,,19.177,94.717,18.3335,4.303,,
north_rustico,2023-09-06 21:00:00+00:00,0.0,47.5,,,18.576999999999998,96.693,18.064500000000002,4.30025,,
north_rustico,2023-09-06 22:00:00+00:00,0.0,11.5,,,18.244500000000002,97.7125,17.9,4.2964166666666666,,
north_rustico,2023-09-06 23:00:00+00:00,0.0,1.0,,,18.308500000000002,98.2495,18.0515,4.288333333333333,,
north_rustico,2023-09-07 00:00:00+00:00,0.0,1.0,,,18.534,97.713,18.189,4.2861666666666665,,
north_rustico,2023-09-07 01:00:00+00:00,0.0,1.0,,,18.5875,97.2515,18.167,4.284999999999999,,
north_rustico,2023-09-07 02:00:00+00:00,0.0,1.0,,,18.630499999999998,97.179,18.198,4.283333333333334,,
north_rustico,2023-09-07 03:00:00+00:00,0.0,1.0,,,18.319000000000003,97.633,17.9615,4.282166666666667,,
north_rustico,2023-09-07 04:00:00+00:00,0.0,1.0,,,17.826,98.333,17.582500000000003,4.278333333333333,,
north_rustico,2023-09-07 05:00:00+00:00,0.0,1.0,,,17.805,99.1155,17.6875,4.276916666666667,,
north_rustico,2023-09-07 06:00:00+00:00,0.0,1.0,,,18.2225,99.084,18.1,4.2772499999999996,,
north_rustico,2023-09-07 07:00:00+00:00,0.0,1.0,,,17.750999999999998,98.8945,17.598,4.277333333333334,,
north_rustico,2023-09-07 08:00:00+00:00,0.0,1.0,,,17.4615,99.548,17.413,4.276000000000001,,
north_rustico,2023-09-07 09:00:00+00:00,0.0,1.5,,,17.483,99.66749999999999,17.453000000000003,4.27725,,
north_rustico,2023-09-07 10:00:00+00:00,0.0,19.5,,,17.4615,99.61,17.4225,4.302083333333333,,
north_rustico,2023-09-07 11:00:00+00:00,0.0,60.0,,,17.633000000000003,99.428,17.564999999999998,4.301583333333333,,
north_rustico,2023-09-07 12:00:00+00:00,0.0,94.5,,,18.383499999999998,97.5435,18.0105,4.305416666666667,,
north_rustico,2023-09-07 13:00:00+00:00,0.0,232.5,,,19.0595,94.632,18.2015,4.309583333333333,,
north_rustico,2023-09-07 14:00:00+00:00,0.0,482.5,,,19.3165,91.60149999999999,17.9375,4.308083333333333,,
north_rustico,2023-09-07 15:00:00+00:00,0.0,239.0,,,18.6625,94.1155,17.7185,4.3068333333333335,,
north_rustico,2023-09-07 16:00:00+00:00,0.0,211.5,,,18.223,96.2225,17.634,4.3133333333333335,,
north_rustico,2023-09-07 17:00:00+00:00,0.0,264.5,,,18.384,95.52199999999999,17.6785,4.306,,
north_rustico,2023-09-07 18:00:00+00:00,0.0,225.0,,,18.6735,94.13300000000001,17.7315,4.305583333333334,,
north_rustico,2023-09-07 19:00:00+00:00,0.0,140.0,,,18.2445,95.867,17.596,4.305666666666666,,
north_rustico,2023-09-07 20:00:00+00:00,0.0,74.5,,,17.8265,98.12549999999999,17.549,4.3029166666666665,,
north_rustico,2023-09-07 21:00:00+00:00,0.0,34.5,,,17.676,99.3045,17.5885,4.300166666666667,,
north_rustico,2023-09-07 22:00:00+00:00,0.0,5.0,,,17.365,99.9865,17.3855,4.294083333333333,,
north_rustico,2023-09-07 23:00:00+00:00,0.0,1.0,,,17.365000000000002,100.0,17.387999999999998,4.28675,,
north_rustico,2023-09-08 00:00:00+00:00,0.0,1.0,,,17.397,100.0,17.42,4.2855,,
north_rustico,2023-09-08 01:00:00+00:00,0.0,1.0,,,17.59,100.0,17.613500000000002,4.28375,,
north_rustico,2023-09-08 02:00:00+00:00,0.0,1.0,,,17.569,100.0,17.592,4.283083333333334,,
north_rustico,2023-09-08 03:00:00+00:00,0.0,1.0,,,17.451,100.0,17.474,4.281666666666666,,
north_rustico,2023-09-08 04:00:00+00:00,0.0,1.0,,,17.279,100.0,17.302,4.278,,
north_rustico,2023-09-08 05:00:00+00:00,0.0,1.0,,,16.9255,100.0,16.947499999999998,4.276583333333334,,
north_rustico,2023-09-08 06:00:00+00:00,0.0,1.0,,,16.689,100.0,16.711,4.277,,
north_rustico,2023-09-08 07:00:00+00:00,0.0,1.0,,,16.646500000000003,100.0,16.6685,4.276166666666667,,
north_rustico,2023-09-08 08:00:00+00:00,0.0,1.0,,,16.195999999999998,100.0,16.217,4.275166666666667,,
north_rustico,2023-09-08 09:00:00+00:00,0.0,2.0,,,16.4535,100.0,16.4745,4.2781666666666665,,
north_rustico,2023-09-08 10:00:00+00:00,0.0,61.5,,,16.259999999999998,100.0,16.2815,4.303249999999999,,
north_rustico,2023-09-08 11:00:00+00:00,0.0,102.5,,,17.451,100.0,17.4735,4.31125,,
north_rustico,2023-09-08 12:00:00+00:00,0.0,148.0,,,18.866500000000002,97.61850000000001,18.505499999999998,4.311416666666667,,
north_rustico,2023-09-08 13:00:00+00:00,0.0,157.5,,,19.573999999999998,96.241,18.983,4.305833333333333,,
north_rustico,2023-09-08 14:00:00+00:00,0.0,212.0,,,21.172,92.1585,19.872999999999998,4.3060833333333335,,
north_rustico,2023-09-08 15:00:00+00:00,0.0,405.5,,,22.598,88.611,20.6485,4.305166666666667,,
north_rustico,2023-09-08 16:00:00+00:00,0.0,589.5,,,24.014,84.43700000000001,21.244999999999997,4.304166666666666,,
north_rustico,2023-09-08 17:00:00+00:00,0.0,679.0,,,26.180500000000002,76.70750000000001,21.7855,4.306416666666666,,
north_rustico,2023-09-08 18:00:00+00:00,0.0,559.0,,,28.679000000000002,67.44,22.0775,4.2975,,
north_rustico,2023-09-08 19:00:00+00:00,0.0,428.5,,,29.515,62.355000000000004,21.5835,4.307666666666667,,
north_rustico,2023-09-08 20:00:00+00:00,0.0,120.5,,,28.700499999999998,66.4805,21.8595,4.30225,,
north_rustico,2023-09-08 21:00:00+00:00,0.0,121.0,,,24.3035,76.759,19.933,4.300083333333333,,
north_rustico,2023-09-08 22:00:00+00:00,0.0,10.0,,,20.195999999999998,90.727,18.654,4.294666666666667,,
north_rustico,2023-09-08 23:00:00+00:00,0.0,1.0,,,20.282,91.9525,18.956,4.288333333333333,,
north_rustico,2023-09-09 00:00:00+00:00,0.0,1.0,,,20.0355,92.63,18.8295,4.2861666666666665,,
north_rustico,2023-09-09 01:00:00+00:00,0.0,1.0,,,20.3995,91.988,19.079,4.2843333333333335,,
north_rustico,2023-09-09 02:00:00+00:00,0.0,1.0,,,21.2255,91.7205,19.848,4.283166666666667,,
north_rustico,2023-09-09 03:00:00+00:00,0.0,1.0,,,22.931,88.38550000000001,20.935,4.282166666666667,,
north_rustico,2023-09-09 04:00:00+00:00,0.0,1.0,,,22.899,91.064,21.39,4.279583333333333,,
north_rustico,2023-09-09 05:00:00+00:00,0.0,1.0,,,22.6305,92.6865,21.4135,4.279333333333334,,
north_rustico,2023-09-09 06:00:00+00:00,0.0,1.0,,,22.6625,92.6215,21.433999999999997,4.279166666666667,,
north_rustico,2023-09-09 07:00:00+00:00,0.0,1.0,,,22.1905,93.485,21.117,4.278833333333333,,
north_rustico,2023-09-09 08:00:00+00:00,0.0,1.0,,,21.8585,94.753,21.0065,4.278,,
north_rustico,2023-09-09 09:00:00+00:00,0.0,2.0,,,21.987000000000002,94.314,21.058500000000002,4.280916666666666,,
north_rustico,2023-09-09 10:00:00+00:00,0.0,39.5,,,22.223,93.12299999999999,21.086,4.304166666666666,,
north_rustico,2023-09-09 11:00:00+00:00,0.0,94.5,,,23.038,92.0085,21.697499999999998,4.309666666666667,,
north_rustico,2023-09-09 12:00:00+00:00,0.0,145.0,,,23.2955,91.53649999999999,21.868,4.305916666666667,,
north_rustico,2023-09-09 13:00:00+00:00,0.0,137.5,,,23.424,90.189,21.747,4.307083333333334,,
north_rustico,2023-09-09 14:00:00+00:00,0.0,516.5,,,24.174500000000002,83.8935,21.2965,4.308333333333334,,
north_rustico,2023-09-09 15:00:00+00:00,0.0,319.0,,,24.582500000000003,78.905,20.698999999999998,4.305916666666667,,
north_rustico,2023-09-09 16:00:00+00:00,0.0,837.0,,,26.094,71.7105,20.591,4.304,,
north_rustico,2023-09-09 17:00:00+00:00,0.0,651.5,,,27.274,66.1395,20.421,4.308833333333333,,
north_rustico,2023-09-09 18:00:00+00:00,0.0,415.5,,,27.134500000000003,73.2245,21.9485,4.303,,
north_rustico,2023-09-09 19:00:00+00:00,0.0,440.5,,,26.5125,76.6115,22.092,4.301833333333334,,
north_rustico,2023-09-09 20:00:00+00:00,0.0,264.0,,,25.655,79.8435,21.9405,4.307666666666667,,
north_rustico,2023-09-09 21:00:00+00:00,0.0,108.5,,,25.011000000000003,80.2945,21.4065,4.29875,,
north_rustico,2023-09-09 22:00:00+00:00,0.0,2.5,,,23.863500000000002,83.64099999999999,20.951999999999998,4.2945,,
north_rustico,2023-09-09 23:00:00+00:00,0.0,1.0,,,23.0595,87.60650000000001,20.9155,4.288666666666667,,
north_rustico,2023-09-10 00:00:00+00:00,0.0,1.0,,,22.459,90.148,20.7905,4.286499999999999,,
north_rustico,2023-09-10 01:00:00+00:00,0.0,1.0,,,22.3625,90.4455,20.7485,4.285333333333333,,
north_rustico,2023-09-10 02:00:00+00:00,0.0,1.0,,,22.019,90.9665,20.503,4.283666666666666,,
north_rustico,2023-09-10 03:00:00+00:00,0.0,1.0,,,21.612000000000002,91.82650000000001,20.2515,4.28275,,
north_rustico,2023-09-10 04:00:00+00:00,0.0,1.0,,,21.247,93.018,20.0985,4.279333333333333,,
north_rustico,2023-09-10 05:00:00+00:00,0.0,1.0,,,20.796999999999997,93.718,19.7725,4.27825,,
north_rustico,2023-09-10 06:00:00+00:00,0.0,1.0,,,19.96,90.244,18.3365,4.278,,
north_rustico,2023-09-10 07:00:00+00:00,0.0,1.0,,,18.8555,92.231,17.5895,4.277666666666666,,
north_rustico,2023-09-10 08:00:00+00:00,0.0,1.0,,,17.987000000000002,93.9515,17.021,4.276666666666666,,
north_rustico,2023-09-10 09:00:00+00:00,0.0,2.0,,,17.526,94.206,16.6055,4.281416666666667,,
north_rustico,2023-09-10 10:00:00+00:00,0.0,77.0,,,17.579500000000003,92.9145,16.4395,4.3133333333333335,,
north_rustico,2023-09-10 11:00:00+00:00,0.0,270.0,,,19.048499999999997,88.4405,17.113,4.3094166666666665,,
north_rustico,2023-09-10 12:00:00+00:00,0.0,460.5,,,20.625,82.637,17.586,4.313166666666667,,
north_rustico,2023-09-10 13:00:00+00:00,0.0,684.5,,,20.8825,79.0565,17.137,4.3060833333333335,,
north_rustico,2023-09-10 14:00:00+00:00,0.0,662.5,,,21.944000000000003,75.46199999999999,17.4295,4.3055,,
north_rustico,2023-09-10 15:00:00+00:00,0.0,686.5,,,23.167,72.42,17.951999999999998,4.3075833333333335,,
north_rustico,2023-09-10 16:00:00+00:00,0.0,462.0,,,23.285,71.3865,17.837,4.3145,,
north_rustico,2023-09-10 17:00:00+00:00,0.0,680.0,,,22.319499999999998,76.51050000000001,18.011499999999998,4.30225,,
north_rustico,2023-09-10 18:00:00+00:00,0.0,419.0,,,21.750999999999998,78.447,17.823,4.308333333333334,,
north_rustico,2023-09-10 19:00:00+00:00,0.0,134.0,,,20.560499999999998,82.0135,17.406,4.308416666666667,,
north_rustico,2023-09-10 20:00:00+00:00,0.0,175.5,,,21.365000000000002,80.54650000000001,17.872999999999998,4.3035000000000005,,
north_rustico,2023-09-10 21:00:00+00:00,0.0,114.0,,,20.057,85.8085,17.630000000000003,4.3029166666666665,,
north_rustico,2023-09-10 22:00:00+00:00,0.0,9.5,,,19.703,89.685,17.9825,4.294,,
north_rustico,2023-09-10 23:00:00+00:00,0.0,1.0,,,19.853,89.017,18.012999999999998,4.288833333333333,,
north_rustico,2023-09-11 00:00:00+00:00,0.0,1.0,,,19.7675,87.84549999999999,17.716,4.286666666666666,,
north_rustico,2023-09-11 01:00:00+00:00,0.0,1.0,,,19.049,90.588,17.496,4.2855,,
north_rustico,2023-09-11 02:00:00+00:00,0.0,1.0,,,18.802,92.2675,17.543,4.28375,,
north_rustico,2023-09-11 03:00:00+00:00,0.0,1.0,,,18.437,93.7345,17.431,4.282666666666667,,
north_rustico,2023-09-11 04:00:00+00:00,0.0,1.0,,,18.4265,94.2695,17.511000000000003,4.2795,,
north_rustico,2023-09-11 05:00:00+00:00,1.8,1.0,,,18.405,94.64699999999999,17.552,4.278,,
north_rustico,2023-09-11 06:00:00+00:00,0.0,1.0,,,18.716,93.67699999999999,17.698,4.277916666666666,,
north_rustico,2023-09-11 07:00:00+00:00,0.2,1.0,,,18.7805,94.426,17.889499999999998,4.2775,,
north_rustico,2023-09-11 08:00:00+00:00,3.4,1.0,,,18.362499999999997,97.342,17.957,4.276666666666666,,
north_rustico,2023-09-11 09:00:00+00:00,0.6,1.0,,,18.502000000000002,97.28999999999999,18.088,4.276833333333333,,
north_rustico,2023-09-11 10:00:00+00:00,0.2,12.5,,,18.802,96.392,18.238500000000002,4.290666666666667,,
north_rustico,2023-09-11 11:00:00+00:00,0.0,71.5,,,18.588,94.36699999999999,17.686999999999998,4.303833333333333,,
north_rustico,2023-09-11 12:00:00+00:00,0.0,81.5,,,18.6625,94.0185,17.703,4.303416666666666,,
north_rustico,2023-09-11 13:00:00+00:00,0.0,109.0,,,19.027500000000003,93.77850000000001,18.0255,4.308166666666667,,
north_rustico,2023-09-11 14:00:00+00:00,0.0,128.5,,,19.317,94.19550000000001,18.384,4.3115,,
north_rustico,2023-09-11 15:00:00+00:00,0.0,131.5,,,19.756500000000003,94.738,18.912999999999997,4.306916666666667,,
north_rustico,2023-09-11 16:00:00+00:00,0.0,199.0,,,20.293,93.6405,19.259,4.303333333333334,,
north_rustico,2023-09-11 17:00:00+00:00,0.0,340.0,,,21.225499999999997,90.173,19.573,4.3084999999999996,,
north_rustico,2023-09-11 18:00:00+00:00,0.0,101.5,,,19.8955,94.033,18.9315,4.303416666666667,,
north_rustico,2023-09-11 19:00:00+00:00,0.0,86.0,,,19.3385,94.732,18.4955,4.3035000000000005,,
north_rustico,2023-09-11 20:00:00+00:00,0.0,34.0,,,18.8555,96.4005,18.293999999999997,4.300583333333333,,
north_rustico,2023-09-11 21:00:00+00:00,0.0,10.5,,,18.695,97.6465,18.3385,4.299083333333333,,
north_rustico,2023-09-11 22:00:00+00:00,0.0,1.0,,,18.5445,97.9305,18.235,4.291666666666667,,
north_rustico,2023-09-11 23:00:00+00:00,0.0,1.0,,,18.3515,97.6675,17.999499999999998,4.286083333333333,,
north_rustico,2023-09-12 00:00:00+00:00,0.0,1.0,,,18.4805,96.6805,17.9665,4.284666666666666,,
north_rustico,2023-09-12 01:00:00+00:00,0.0,1.0,,,18.5125,97.00999999999999,18.052500000000002,4.283333333333334,,
north_rustico,2023-09-12 02:00:00+00:00,0.0,1.0,,,18.137,98.7735,17.9645,4.281833333333333,,
north_rustico,2023-09-12 03:00:00+00:00,0.0,1.0,,,17.8265,99.53450000000001,17.7755,4.280833333333333,,
north_rustico,2023-09-12 04:00:00+00:00,0.0,1.0,,,17.708,99.4,17.636000000000003,4.277666666666667,,
north_rustico,2023-09-12 05:00:00+00:00,0.0,1.0,,,17.687,99.3475,17.606,4.276583333333334,,
north_rustico,2023-09-12 06:00:00+00:00,0.0,1.0,,,17.5365,99.45599999999999,17.473,4.276833333333333,,
north_rustico,2023-09-12 07:00:00+00:00,0.0,1.0,,,17.526,99.5925,17.484,4.2755,,
north_rustico,2023-09-12 08:00:00+00:00,0.0,1.0,,,17.439999999999998,99.465,17.378,4.275250000000001,,
north_rustico,2023-09-12 09:00:00+00:00,0.0,1.0,,,17.365000000000002,99.17150000000001,17.256,4.2746666666666675,,
north_rustico,2023-09-12 10:00:00+00:00,0.0,10.5,,,17.5365,98.23,17.2765,4.29475,,
north_rustico,2023-09-12 11:00:00+00:00,0.0,38.5,,,17.7725,97.2565,17.3545,4.302916666666667,,
north_rustico,2023-09-12 12:00:00+00:00,0.0,55.5,,,17.697499999999998,97.34049999999999,17.2935,4.302583333333334,,
north_rustico,2023-09-12 13:00:00+00:00,0.0,86.5,,,17.9765,96.6055,17.45,4.308,,
north_rustico,2023-09-12 14:00:00+00:00,0.0,124.0,,,18.244,95.83349999999999,17.591,4.304416666666667,,
north_rustico,2023-09-12 15:00:00+00:00,0.0,181.5,,,18.459000000000003,93.971,17.4925,4.30975,,
north_rustico,2023-09-12 16:00:00+00:00,0.0,343.5,,,19.1455,91.1985,17.698500000000003,4.3135,,
north_rustico,2023-09-12 17:00:00+00:00,0.0,224.5,,,19.36,90.205,17.736,4.305916666666667,,
north_rustico,2023-09-12 18:00:00+00:00,0.0,257.5,,,19.381,90.79650000000001,17.860500000000002,4.304666666666667,,
north_rustico,2023-09-12 19:00:00+00:00,0.0,162.0,,,18.9845,90.6015,17.4345,4.309083333333334,,
north_rustico,2023-09-12 20:00:00+00:00,0.0,112.5,,,18.4375,91.6435,17.072499999999998,4.305666666666666,,
north_rustico,2023-09-12 21:00:00+00:00,0.0,40.0,,,17.837,95.475,17.125500000000002,4.299416666666667,,
north_rustico,2023-09-12 22:00:00+00:00,0.0,2.5,,,17.354,97.5265,16.9805,4.294083333333334,,
north_rustico,2023-09-12 23:00:00+00:00,0.0,1.0,,,17.097,97.918,16.7865,4.286833333333333,,
north_rustico,2023-09-13 00:00:00+00:00,0.0,1.0,,,17.236,97.5095,16.860500000000002,4.285916666666666,,
north_rustico,2023-09-13 01:00:00+00:00,0.0,1.0,,,17.097,98.394,16.863500000000002,4.283416666666667,,
north_rustico,2023-09-13 02:00:00+00:00,0.0,1.0,,,17.064999999999998,98.9145,16.9145,4.282166666666667,,
north_rustico,2023-09-13 03:00:00+00:00,0.0,1.0,,,17.129,99.095,17.0075,4.280666666666666,,
north_rustico,2023-09-13 04:00:00+00:00,0.0,1.0,,,17.14,99.2645,17.0455,4.277666666666667,,
north_rustico,2023-09-13 05:00:00+00:00,0.0,1.0,,,17.022,99.71799999999999,16.999499999999998,4.276666666666666,,
north_rustico,2023-09-13 06:00:00+00:00,0.0,1.0,,,16.9465,99.904,16.9535,4.276833333333333,,
north_rustico,2023-09-13 07:00:00+00:00,0.0,1.0,,,16.8285,100.0,16.8505,4.2763333333333335,,
north_rustico,2023-09-13 08:00:00+00:00,0.0,1.0,,,16.9685,100.0,16.990499999999997,4.275166666666667,,
north_rustico,2023-09-13 09:00:00+00:00,0.0,1.0,,,17.161,100.0,17.184,4.275333333333333,,
north_rustico,2023-09-13 10:00:00+00:00,0.0,15.0,,,17.494,99.9795,17.5135,4.298416666666667,,
north_rustico,2023-09-13 11:00:00+00:00,0.0,59.5,,,17.966,98.1765,17.6955,4.303833333333333,,
north_rustico,2023-09-13 12:00:00+00:00,0.0,75.5,,,18.2765,98.1185,17.997500000000002,4.30125,,
north_rustico,2023-09-13 13:00:00+00:00,0.0,87.5,,,18.673499999999997,98.27799999999999,18.4205,4.30625,,
north_rustico,2023-09-13 14:00:00+00:00,0.0,128.5,,,19.338,96.57300000000001,18.8035,4.305166666666667,,
north_rustico,2023-09-13 15:00:00+00:00,0.0,199.5,,,20.4965,92.8485,19.323,4.3053333333333335,,
north_rustico,2023-09-13 16:00:00+00:00,0.0,244.0,,,21.750999999999998,89.5805,19.988,4.313416666666667,,
north_rustico,2023-09-13 17:00:00+00:00,0.0,278.0,,,22.191,87.783,20.0945,4.303,,
north_rustico,2023-09-13 18:00:00+00:00,0.0,216.0,,,22.341,87.85050000000001,20.255,4.303083333333333,,
north_rustico,2023-09-13 19:00:00+00:00,0.0,246.5,,,23.317,84.176,20.520000000000003,4.308916666666667,,
north_rustico,2023-09-13 20:00:00+00:00,0.0,123.5,,,22.963,85.694,20.463500000000003,4.301166666666667,,
north_rustico,2023-09-13 21:00:00+00:00,0.2,13.5,,,22.491,87.946,20.42,4.298166666666667,,
north_rustico,2023-09-13 22:00:00+00:00,7.2,1.5,,,20.700499999999998,97.87299999999999,20.378500000000003,4.292333333333334,,
north_rustico,2023-09-13 23:00:00+00:00,11.600000000000001,1.0,,,20.636,98.5275,20.423000000000002,4.287,,
north_rustico,2023-09-14 00:00:00+00:00,1.6,1.0,,,20.764499999999998,97.4995,20.380499999999998,4.285916666666666,,
north_rustico,2023-09-14 01:00:00+00:00,0.0,1.0,,,20.775,96.147,20.1655,4.284083333333333,,
north_rustico,2023-09-14 02:00:00+00:00,0.0,1.0,,,20.625,94.6525,19.762999999999998,4.283166666666667,,
north_rustico,2023-09-14 03:00:00+00:00,0.0,1.0,,,20.174500000000002,95.2375,19.414,4.281833333333333,,
north_rustico,2023-09-14 04:00:00+00:00,0.0,1.0,,,19.96,96.21199999999999,19.363999999999997,4.2781666666666665,,
north_rustico,2023-09-14 05:00:00+00:00,0.0,1.0,,,19.8745,96.305,19.293999999999997,4.2772499999999996,,
north_rustico,2023-09-14 06:00:00+00:00,0.0,1.0,,,19.6705,97.113,19.225,4.2772499999999996,,
north_rustico,2023-09-14 07:00:00+00:00,0.0,1.0,,,19.928,97.275,19.509,4.277166666666667,,
north_rustico,2023-09-14 08:00:00+00:00,0.0,1.0,,,20.0565,97.1885,19.623,4.2765,,
north_rustico,2023-09-14 09:00:00+00:00,0.0,1.5,,,20.325,96.0845,19.706000000000003,4.277666666666667,,
north_rustico,2023-09-14 10:00:00+00:00,0.0,44.0,,,20.4535,95.3155,19.7045,4.306416666666666,,
north_rustico,2023-09-14 11:00:00+00:00,0.0,301.0,,,21.064999999999998,93.431,19.9895,4.310666666666667,,
north_rustico,2023-09-14 12:00:00+00:00,0.0,203.5,,,21.987000000000002,89.79849999999999,20.259,4.30725,,
north_rustico,2023-09-14 13:00:00+00:00,0.0,162.0,,,22.5445,87.1545,20.325499999999998,4.306583333333333,,
north_rustico,2023-09-14 14:00:00+00:00,0.0,245.0,,,22.930999999999997,86.1425,20.514499999999998,4.306916666666667,,
north_rustico,2023-09-14 15:00:00+00:00,0.0,803.0,,,24.3995,78.7815,20.4965,4.3075833333333335,,
north_rustico,2023-09-14 16:00:00+00:00,0.0,230.0,,,24.3035,77.59299999999999,20.1615,4.317166666666666,,
north_rustico,2023-09-14 17:00:00+00:00,0.0,224.0,,,23.177500000000002,85.19900000000001,20.579,4.301833333333334,,
north_rustico,2023-09-14 18:00:00+00:00,1.4,39.5,,,21.7295,94.1605,20.7745,4.300416666666667,,
north_rustico,2023-09-14 19:00:00+00:00,22.4,7.0,,,20.6465,97.497,20.262,4.29775,,
north_rustico,2023-09-14 20:00:00+00:00,7.4,6.5,,,19.735,95.74350000000001,19.061,4.298166666666667,,
north_rustico,2023-09-14 21:00:00+00:00,1.6,8.5,,,19.413,95.82300000000001,18.753999999999998,4.298416666666667,,
north_rustico,2023-09-14 22:00:00+00:00,0.0,2.0,,,19.156,96.8155,18.662,4.291666666666667,,
north_rustico,2023-09-14 23:00:00+00:00,0.0,1.0,,,19.0915,97.4765,18.707,4.2855,,
north_rustico,2023-09-15 00:00:00+00:00,0.0,1.0,,,19.36,97.2465,18.936500000000002,4.283916666666666,,
north_rustico,2023-09-15 01:00:00+00:00,0.0,1.0,,,19.884999999999998,94.30799999999999,18.968,4.28325,,
north_rustico,2023-09-15 02:00:00+00:00,0.0,1.0,,,19.402500000000003,93.6365,18.3735,4.282333333333334,,
north_rustico,2023-09-15 03:00:00+00:00,0.0,1.0,,,18.909,94.8255,18.0845,4.281,,
north_rustico,2023-09-15 04:00:00+00:00,0.0,1.0,,,18.7055,94.98599999999999,17.909,4.2775,,
north_rustico,2023-09-15 05:00:00+00:00,0.0,1.0,,,18.287,91.95400000000001,16.979,4.2763333333333335,,
north_rustico,2023-09-15 06:00:00+00:00,0.0,1.0,,,17.439999999999998,93.43350000000001,16.390500000000003,4.2763333333333335,,
north_rustico,2023-09-15 07:00:00+00:00,0.0,1.0,,,16.657,92.7025,15.49,4.275166666666667,,
north_rustico,2023-09-15 08:00:00+00:00,0.0,1.0,,,15.9815,93.7315,14.991499999999998,4.274416666666666,,
north_rustico,2023-09-15 09:00:00+00:00,0.0,1.0,,,15.2415,92.7085,14.086500000000001,4.2755833333333335,,
north_rustico,2023-09-15 10:00:00+00:00,0.0,31.5,,,14.705,92.0515,13.445,4.312916666666667,,
north_rustico,2023-09-15 11:00:00+00:00,0.0,105.0,,,15.338000000000001,89.73750000000001,13.6795,4.3101666666666665,,
north_rustico,2023-09-15 12:00:00+00:00,0.0,117.5,,,15.3275,91.187,13.9155,4.306666666666667,,
north_rustico,2023-09-15 13:00:00+00:00,0.0,326.0,,,16.5285,87.16499999999999,14.405000000000001,4.31,,
north_rustico,2023-09-15 14:00:00+00:00,0.0,658.0,,,17.793999999999997,81.37450000000001,14.576,4.3116666666666665,,
north_rustico,2023-09-15 15:00:00+00:00,0.0,826.5,,,19.6065,74.5435,14.978,4.306416666666666,,
north_rustico,2023-09-15 16:00:00+00:00,0.0,752.0,,,20.2495,74.1935,15.526499999999999,4.302166666666667,,
north_rustico,2023-09-15 17:00:00+00:00,0.0,612.5,,,21.236,70.3715,15.648499999999999,4.311083333333333,,
north_rustico,2023-09-15 18:00:00+00:00,0.0,541.5,,,21.075499999999998,70.8955,15.609,4.307916666666666,,
north_rustico,2023-09-15 19:00:00+00:00,0.0,380.0,,,20.636,72.6635,15.5695,4.3068333333333335,,
north_rustico,2023-09-15 20:00:00+00:00,0.0,226.0,,,20.035,74.4875,15.381499999999999,4.299166666666667,,
north_rustico,2023-09-15 21:00:00+00:00,0.0,63.0,,,17.676000000000002,83.6,14.8845,4.30325,,
north_rustico,2023-09-15 22:00:00+00:00,0.0,2.0,,,17.118499999999997,84.83500000000001,14.5645,4.29225,,
north_rustico,2023-09-15 23:00:00+00:00,0.0,1.0,,,16.8395,85.81049999999999,14.469000000000001,4.285833333333333,,
north_rustico,2023-09-16 00:00:00+00:00,0.0,1.0,,,17.043,86.6815,14.8255,4.284583333333333,,
north_rustico,2023-09-16 01:00:00+00:00,0.0,1.0,,,17.450499999999998,87.715,15.4115,4.2828333333333335,,
north_rustico,2023-09-16 02:00:00+00:00,0.0,1.0,,,17.687,87.468,15.599499999999999,4.28125,,
north_rustico,2023-09-16 03:00:00+00:00,0.0,1.0,,,17.8475,88.4015,15.9245,4.280583333333333,,
north_rustico,2023-09-16 04:00:00+00:00,0.0,1.0,,,17.793999999999997,90.48949999999999,16.237000000000002,4.276916666666667,,
north_rustico,2023-09-16 05:00:00+00:00,0.0,1.0,,,17.740499999999997,91.0595,16.283499999999997,4.27575,,
north_rustico,2023-09-16 06:00:00+00:00,0.0,1.0,,,18.1375,90.088,16.5075,4.2763333333333335,,
north_rustico,2023-09-16 07:00:00+00:00,0.2,1.0,,,18.1265,87.868,16.1035,4.275666666666667,,
north_rustico,2023-09-16 08:00:00+00:00,0.4,1.0,,,18.0945,89.86949999999999,16.426499999999997,4.2755,,
north_rustico,2023-09-16 09:00:00+00:00,7.0,1.0,,,17.386,95.6165,16.698999999999998,4.2748333333333335,,
north_rustico,2023-09-16 10:00:00+00:00,0.8,6.0,,,17.869,97.075,17.421,4.284166666666667,,
north_rustico,2023-09-16 11:00:00+00:00,0.4,24.0,,,18.2015,96.1845,17.6065,4.3,,
north_rustico,2023-09-16 12:00:00+00:00,0.2,37.5,,,18.8875,95.7235,18.214,4.303833333333333,,
north_rustico,2023-09-16 13:00:00+00:00,0.0,71.0,,,19.402500000000003,96.033,18.778,4.307416666666667,,
north_rustico,2023-09-16 14:00:00+00:00,0.0,106.5,,,19.628,96.4915,19.079,4.302666666666666,,
north_rustico,2023-09-16 15:00:00+00:00,1.6,343.0,,,20.496499999999997,96.113,19.880000000000003,4.306583333333333,,
north_rustico,2023-09-16 16:00:00+00:00,0.0,185.0,,,21.354,93.16499999999999,20.231,4.303,,
north_rustico,2023-09-16 17:00:00+00:00,0.0,278.5,,,23.038,86.285,20.6465,4.3069999999999995,,
north_rustico,2023-09-16 18:00:00+00:00,0.0,211.5,,,23.563499999999998,78.7465,19.677999999999997,4.3084999999999996,,
north_rustico,2023-09-16 19:00:00+00:00,0.0,186.0,,,21.569,81.652,18.2935,4.309666666666667,,
north_rustico,2023-09-16 20:00:00+00:00,0.0,200.5,,,20.5605,84.122,17.8035,4.299333333333333,,
north_rustico,2023-09-16 21:00:00+00:00,0.0,15.0,,,20.2175,81.9525,17.0515,4.29925,,
north_rustico,2023-09-16 22:00:00+00:00,0.0,1.0,,,19.231,82.8075,16.250500000000002,4.290416666666666,,
north_rustico,2023-09-16 23:00:00+00:00,0.0,1.0,,,18.609,83.872,15.848,4.284999999999999,,
north_rustico,2023-09-17 00:00:00+00:00,0.0,1.0,,,18.116,84.8545,15.545,4.28375,,
north_rustico,2023-09-17 01:00:00+00:00,0.0,1.0,,,17.7725,85.877,15.398,4.2825,,
north_rustico,2023-09-17 02:00:00+00:00,0.0,1.0,,,17.601,86.53200000000001,15.347000000000001,4.281083333333333,,
north_rustico,2023-09-17 03:00:00+00:00,0.0,1.0,,,17.526,87.548,15.455,4.280083333333334,,
north_rustico,2023-09-17 04:00:00+00:00,0.0,1.0,,,17.226,88.669,15.358,4.2757499999999995,,
north_rustico,2023-09-17 05:00:00+00:00,0.0,1.0,,,16.9575,89.8415,15.2955,4.275166666666667,,
north_rustico,2023-09-17 06:00:00+00:00,0.0,1.0,,,16.239,94.152,15.317,4.275,,
north_rustico,2023-09-17 07:00:00+00:00,0.2,1.0,,,16.174500000000002,95.60499999999999,15.491,4.27425,,
north_rustico,2023-09-17 08:00:00+00:00,1.4,1.0,,,16.0995,97.5685,15.735,4.2735,,
north_rustico,2023-09-17 09:00:00+00:00,1.2000000000000002,1.0,,,16.3355,97.071,15.89,4.273333333333333,,
north_rustico,2023-09-17 10:00:00+00:00,0.6000000000000001,21.0,,,16.1425,97.083,15.6995,4.295416666666667,,
north_rustico,2023-09-17 11:00:00+00:00,0.0,86.0,,,16.9145,95.1495,16.1535,4.305833333333333,,
north_rustico,2023-09-17 12:00:00+00:00,0.0,165.5,,,17.322,93.082,16.2135,4.309,,
north_rustico,2023-09-17 13:00:00+00:00,0.2,116.0,,,17.2475,94.256,16.3345,4.311916666666667,,
north_rustico,2023-09-17 14:00:00+00:00,0.4,102.5,,,16.968,95.874,16.326500000000003,4.305000000000001,,
north_rustico,2023-09-17 15:00:00+00:00,0.2,217.0,,,17.14,94.06649999999999,16.195999999999998,4.305666666666666,,
north_rustico,2023-09-17 16:00:00+00:00,0.0,515.0,,,17.933500000000002,88.90549999999999,16.0945,4.312666666666667,,
north_rustico,2023-09-17 17:00:00+00:00,0.0,272.5,,,19.0595,83.938,16.301499999999997,4.3075833333333335,,
north_rustico,2023-09-17 18:00:00+00:00,0.0,155.0,,,19.509999999999998,81.628,16.3045,4.304583333333333,,
north_rustico,2023-09-17 19:00:00+00:00,0.0,341.5,,,20.207,78.45949999999999,16.361,4.304666666666667,,
north_rustico,2023-09-17 20:00:00+00:00,0.0,72.5,,,20.3035,78.576,16.4785,4.3012500000000005,,
north_rustico,2023-09-17 21:00:00+00:00,0.0,26.5,,,19.8315,81.2585,16.5475,4.30025,,
north_rustico,2023-09-17 22:00:00+00:00,0.0,2.0,,,18.963,82.88,16.0075,4.293083333333334,,
north_rustico,2023-09-17 23:00:00+00:00,0.0,1.0,,,18.448,85.05600000000001,15.910499999999999,4.28625,,
north_rustico,2023-09-18 00:00:00+00:00,0.0,1.0,,,18.6625,83.6995,15.8685,4.284833333333333,,
north_rustico,2023-09-18 01:00:00+00:00,0.0,1.0,,,17.5475,86.7995,15.3405,4.28325,,
north_rustico,2023-09-18 02:00:00+00:00,0.0,1.0,,,16.7215,89.85849999999999,15.067499999999999,4.28175,,
north_rustico,2023-09-18 03:00:00+00:00,0.0,1.0,,,16.6035,93.305,15.538,4.280083333333334,,
north_rustico,2023-09-18 04:00:00+00:00,0.0,1.0,,,16.4,91.8785,15.0955,4.2755,,
north_rustico,2023-09-18 05:00:00+00:00,0.0,1.0,,,16.003,89.768,14.341999999999999,4.27425,,
north_rustico,2023-09-18 06:00:00+00:00,0.0,1.0,,,15.756499999999999,88.398,13.861,4.2746666666666675,,
north_rustico,2023-09-18 07:00:00+00:00,0.0,1.0,,,15.1985,90.903,13.7405,4.2740833333333335,,
north_rustico,2023-09-18 08:00:00+00:00,0.0,1.0,,,15.251999999999999,90.203,13.6745,4.272666666666667,,
north_rustico,2023-09-18 09:00:00+00:00,0.0,1.0,,,15.3275,89.993,13.713000000000001,4.274583333333333,,
north_rustico,2023-09-18 10:00:00+00:00,0.0,59.0,,,16.003,87.677,13.964500000000001,4.310833333333334,,
north_rustico,2023-09-18 11:00:00+00:00,0.0,233.5,,,18.266,78.729,14.5085,4.313583333333333,,
north_rustico,2023-09-18 12:00:00+00:00,0.0,415.0,,,19.3815,75.6725,14.9955,4.306583333333333,,
north_rustico,2023-09-18 13:00:00+00:00,0.0,582.5,,,21.128999999999998,69.2795,15.277000000000001,4.311416666666667,,
north_rustico,2023-09-18 14:00:00+00:00,0.0,414.0,,,20.6785,72.09299999999999,15.491499999999998,4.30725,,
north_rustico,2023-09-18 15:00:00+00:00,0.0,522.0,,,20.0675,74.4175,15.3845,4.309916666666667,,
north_rustico,2023-09-18 16:00:00+00:00,0.0,183.5,,,19.5955,79.387,15.938500000000001,4.305666666666666,,
north_rustico,2023-09-18 17:00:00+00:00,0.0,242.5,,,18.62,83.9865,15.881,4.305583333333334,,
north_rustico,2023-09-18 18:00:00+00:00,0.0,200.0,,,18.223,84.013,15.495,4.306416666666666,,
north_rustico,2023-09-18 19:00:00+00:00,0.0,120.0,,,17.933500000000002,88.89150000000001,16.0955,4.305666666666666,,
north_rustico,2023-09-18 20:00:00+00:00,0.0,81.0,,,18.0405,91.686,16.689,4.301166666666666,,
north_rustico,2023-09-18 21:00:00+00:00,0.0,24.0,,,18.491,91.13300000000001,17.0385,4.300166666666667,,
north_rustico,2023-09-18 22:00:00+00:00,0.0,1.5,,,18.104999999999997,92.556,16.901,4.292416666666667,,
north_rustico,2023-09-18 23:00:00+00:00,0.0,1.0,,,17.2685,95.0655,16.491999999999997,4.286333333333332,,
north_rustico,2023-09-19 00:00:00+00:00,0.0,1.0,,,17.386499999999998,93.87450000000001,16.411,4.284999999999999,,
north_rustico,2023-09-19 01:00:00+00:00,0.0,1.0,,,17.633,95.06200000000001,16.854,4.283416666666667,,
north_rustico,2023-09-19 02:00:00+00:00,0.0,1.0,,,17.451,91.929,16.1455,4.282166666666667,,
north_rustico,2023-09-19 03:00:00+00:00,0.0,1.0,,,16.1105,95.7505,15.451,4.280583333333333,,
north_rustico,2023-09-19 04:00:00+00:00,0.0,1.0,,,15.6815,97.0015,15.2265,4.277,,
north_rustico,2023-09-19 05:00:00+00:00,0.0,1.0,,,16.7965,95.51050000000001,16.0955,4.2755,,
north_rustico,2023-09-19 06:00:00+00:00,0.0,1.0,,,16.904,95.769,16.244999999999997,4.276000000000001,,
north_rustico,2023-09-19 07:00:00+00:00,0.0,1.0,,,16.6465,94.51050000000001,15.781,4.274916666666667,,
north_rustico,2023-09-19 08:00:00+00:00,0.0,1.0,,,16.7325,94.519,15.867999999999999,4.274916666666667,,
north_rustico,2023-09-19 09:00:00+00:00,0.0,1.0,,,16.239,93.8905,15.2735,4.27425,,
north_rustico,2023-09-19 10:00:00+00:00,0.0,2.0,,,15.885000000000002,92.8625,14.751,4.278583333333334,,
north_rustico,2023-09-19 11:00:00+00:00,0.6,13.0,,,15.628,92.7885,14.481,4.298416666666667,,
north_rustico,2023-09-19 12:00:00+00:00,2.2,18.0,,,15.6385,94.28649999999999,14.735,4.3025,,
north_rustico,2023-09-19 13:00:00+00:00,5.800000000000001,54.0,,,14.684000000000001,97.92099999999999,14.3765,4.303249999999999,,
north_rustico,2023-09-19 14:00:00+00:00,6.800000000000001,56.5,,,15.0915,98.951,14.9465,4.3036666666666665,,
north_rustico,2023-09-19 15:00:00+00:00,1.0,83.5,,,16.1315,99.8245,16.1255,4.3075833333333335,,
north_rustico,2023-09-19 16:00:00+00:00,0.2,170.0,,,19.2525,94.4815,18.3645,4.311916666666667,,
north_rustico,2023-09-19 17:00:00+00:00,0.0,401.5,,,21.2795,87.8065,19.196,4.307166666666666,,
north_rustico,2023-09-19 18:00:00+00:00,0.0,395.0,,,22.7805,80.4,19.244500000000002,4.306333333333334,,
north_rustico,2023-09-19 19:00:00+00:00,0.0,307.5,,,23.1345,75.174,18.520000000000003,4.303083333333333,,
north_rustico,2023-09-19 20:00:00+00:00,0.0,147.5,,,23.027500000000003,75.2355,18.427999999999997,4.3065,,
north_rustico,2023-09-19 21:00:00+00:00,0.0,80.0,,,20.5075,81.0865,17.1515,4.298916666666667,,
north_rustico,2023-09-19 22:00:00+00:00,0.0,2.5,,,17.1075,86.738,14.898,4.292416666666667,,
north_rustico,2023-09-19 23:00:00+00:00,0.0,1.0,,,16.5285,87.898,14.5345,4.285333333333333,,
north_rustico,2023-09-20 00:00:00+00:00,0.0,1.0,,,16.860999999999997,85.7375,14.4765,4.2835833333333335,,
north_rustico,2023-09-20 01:00:00+00:00,0.0,1.0,,,16.582,87.3075,14.483,4.281833333333333,,
north_rustico,2023-09-20 02:00:00+00:00,0.0,1.0,,,16.636,87.761,14.616,4.28025,,
north_rustico,2023-09-20 03:00:00+00:00,0.0,1.0,,,16.775,87.6935,14.741,4.279166666666667,,
north_rustico,2023-09-20 04:00:00+00:00,0.0,1.0,,,16.6145,87.4885,14.547,4.27525,,
north_rustico,2023-09-20 05:00:00+00:00,0.0,1.0,,,16.3355,87.263,14.2315,4.27425,,
north_rustico,2023-09-20 06:00:00+00:00,0.0,1.0,,,16.368000000000002,85.005,13.8565,4.2748333333333335,,
north_rustico,2023-09-20 07:00:00+00:00,0.0,1.0,,,16.078,81.18,12.8675,4.27425,,
north_rustico,2023-09-20 08:00:00+00:00,0.0,1.0,,,15.4345,87.5335,13.3825,4.273833333333333,,
north_rustico,2023-09-20 09:00:00+00:00,0.0,1.0,,,14.6625,94.501,13.8065,4.272666666666667,,
north_rustico,2023-09-20 10:00:00+00:00,0.0,21.5,,,14.7265,95.548,14.0405,4.29775,,
north_rustico,2023-09-20 11:00:00+00:00,0.0,135.5,,,15.4455,93.048,14.345,4.308083333333333,,
north_rustico,2023-09-20 12:00:00+00:00,0.0,134.5,,,15.2635,91.3565,13.867,4.315,,
north_rustico,2023-09-20 13:00:00+00:00,0.0,261.0,,,14.9415,87.955,12.976500000000001,4.307416666666667,,
north_rustico,2023-09-20 14:00:00+00:00,0.0,403.0,,,15.1025,87.5,13.057,4.311083333333333,,
north_rustico,2023-09-20 15:00:00+00:00,0.0,366.0,,,14.7375,91.81200000000001,13.4315,4.307166666666666,,
north_rustico,2023-09-20 16:00:00+00:00,0.0,265.0,,,14.8125,88.3305,12.9185,4.306,,
north_rustico,2023-09-20 17:00:00+00:00,0.2,222.0,,,14.1265,91.8065,12.8275,4.307083333333334,,
north_rustico,2023-09-20 18:00:00+00:00,0.0,202.5,,,14.738,87.46549999999999,12.672,4.307166666666666,,
north_rustico,2023-09-20 19:00:00+00:00,0.0,210.5,,,15.9815,80.41749999999999,12.629000000000001,4.307416666666667,,
north_rustico,2023-09-20 20:00:00+00:00,0.0,109.5,,,15.081,82.9405,12.220500000000001,4.304916666666666,,
north_rustico,2023-09-20 21:00:00+00:00,0.0,29.5,,,14.4485,84.9745,11.969000000000001,4.29975,,
north_rustico,2023-09-20 22:00:00+00:00,0.0,1.0,,,14.1045,85.285,11.6875,4.291083333333334,,
north_rustico,2023-09-20 23:00:00+00:00,0.0,1.0,,,14.105,83.59049999999999,11.3835,4.283833333333333,,
north_rustico,2023-09-21 00:00:00+00:00,0.0,1.0,,,13.3755,87.51150000000001,11.3565,4.2828333333333335,,
north_rustico,2023-09-21 01:00:00+00:00,0.0,1.0,,,13.9765,80.4385,10.679,4.281083333333333,,
north_rustico,2023-09-21 02:00:00+00:00,0.0,1.0,,,13.5155,82.154,10.544,4.279416666666667,,
north_rustico,2023-09-21 03:00:00+00:00,0.0,1.0,,,13.5475,82.81,10.6965,4.277833333333333,,
north_rustico,2023-09-21 04:00:00+00:00,0.0,1.0,,,13.526,82.78,10.6695,4.272916666666666,,
north_rustico,2023-09-21 05:00:00+00:00,0.0,1.0,,,13.600999999999999,81.732,10.5515,4.271666666666667,,
north_rustico,2023-09-21 06:00:00+00:00,0.0,1.0,,,13.515,82.457,10.6,4.2725,,
north_rustico,2023-09-21 07:00:00+00:00,0.0,1.0,,,13.279,83.104,10.4865,4.271916666666667,,
north_rustico,2023-09-21 08:00:00+00:00,0.0,1.0,,,13.547,81.00999999999999,10.3665,4.271166666666667,,
north_rustico,2023-09-21 09:00:00+00:00,0.0,1.0,,,13.4725,82.666,10.596,4.271,,
north_rustico,2023-09-21 10:00:00+00:00,0.0,12.5,,,13.408,79.755,9.995000000000001,4.291833333333334,,
north_rustico,2023-09-21 11:00:00+00:00,0.0,86.5,,,13.3325,76.1135,9.2235,4.30725,,
north_rustico,2023-09-21 12:00:00+00:00,0.0,131.5,,,13.526,72.848,8.7575,4.30975,,
north_rustico,2023-09-21 13:00:00+00:00,0.0,208.0,,,13.311,72.971,8.579,4.312333333333333,,
north_rustico,2023-09-21 14:00:00+00:00,0.0,250.5,,,12.443000000000001,79.548,8.9725,4.3077499999999995,,
north_rustico,2023-09-21 15:00:00+00:00,0.0,227.5,,,12.968499999999999,76.02600000000001,8.855,4.307666666666667,,
north_rustico,2023-09-21 16:00:00+00:00,0.0,397.5,,,12.196,82.22800000000001,9.235,4.312083333333333,,
north_rustico,2023-09-21 17:00:00+00:00,0.0,459.0,,,12.9895,78.7645,9.3995,4.308333333333334,,
north_rustico,2023-09-21 18:00:00+00:00,0.0,265.5,,,12.979,78.39250000000001,9.322,4.30725,,
north_rustico,2023-09-21 19:00:00+00:00,0.0,124.5,,,11.842,88.725,10.0445,4.3053333333333335,,
north_rustico,2023-09-21 20:00:00+00:00,0.2,165.0,,,11.777999999999999,84.6365,9.2385,4.304583333333333,,
north_rustico,2023-09-21 21:00:00+00:00,0.0,71.0,,,12.346,77.789,8.588000000000001,4.301916666666667,,
north_rustico,2023-09-21 22:00:00+00:00,0.0,1.5,,,11.3275,82.80199999999999,8.521,4.289916666666667,,
north_rustico,2023-09-21 23:00:00+00:00,0.0,1.0,,,11.145,83.228,8.418,4.28225,,
north_rustico,2023-09-22 00:00:00+00:00,0.0,1.0,,,10.5445,86.131,8.3345,4.280833333333333,,
north_rustico,2023-09-22 01:00:00+00:00,0.0,1.0,,,11.1555,80.37899999999999,7.9165,4.2796666666666665,,
north_rustico,2023-09-22 02:00:00+00:00,0.0,1.0,,,10.931000000000001,84.006,8.346,4.277583333333333,,
north_rustico,2023-09-22 03:00:00+00:00,0.0,1.0,,,10.663,87.4995,8.663,4.2763333333333335,,
north_rustico,2023-09-22 04:00:00+00:00,0.0,1.0,,,11.552499999999998,76.807,7.634,4.271333333333334,,
north_rustico,2023-09-22 05:00:00+00:00,0.0,1.0,,,11.285,79.4025,7.859500000000001,4.270166666666666,,
north_rustico,2023-09-22 06:00:00+00:00,0.0,1.0,,,11.274000000000001,76.181,7.2415,4.271,,
north_rustico,2023-09-22 07:00:00+00:00,0.0,1.0,,,11.242,73.971,6.784,4.271,,
north_rustico,2023-09-22 08:00:00+00:00,0.0,1.0,,,11.456,75.257,7.2405,4.269666666666667,,
north_rustico,2023-09-22 09:00:00+00:00,0.0,1.0,,,11.338000000000001,78.2585,7.7005,4.269166666666667,,
north_rustico,2023-09-22 10:00:00+00:00,0.0,23.0,,,10.7375,80.0265,7.425,4.303333333333334,,
north_rustico,2023-09-22 11:00:00+00:00,0.0,74.0,,,11.778,78.697,8.181000000000001,4.3065,,
north_rustico,2023-09-22 12:00:00+00:00,0.0,275.5,,,13.322,72.4855,8.4175,4.307666666666667,,
north_rustico,2023-09-22 13:00:00+00:00,0.0,416.5,,,14.641,64.4885,8.03,4.31075,,
north_rustico,2023-09-22 14:00:00+00:00,0.0,498.5,,,14.652000000000001,64.9295,8.1395,4.308,,
north_rustico,2023-09-22 15:00:00+00:00,0.0,573.5,,,15.413,61.066,7.9384999999999994,4.30675,,
north_rustico,2023-09-22 16:00:00+00:00,0.0,677.0,,,16.7535,48.7115,5.846,4.312333333333333,,
north_rustico,2023-09-22 17:00:00+00:00,0.0,618.0,,,17.5795,46.1595,5.891,4.305833333333333,,
north_rustico,2023-09-22 18:00:00+00:00,0.0,514.0,,,18.319499999999998,48.4845,7.2805,4.301583333333333,,
north_rustico,2023-09-22 19:00:00+00:00,0.0,373.5,,,18.234,51.883,8.181000000000001,4.3075833333333335,,
north_rustico,2023-09-22 20:00:00+00:00,0.0,206.0,,,17.944,54.1525,8.5515,4.307166666666666,,
north_rustico,2023-09-22 21:00:00+00:00,0.0,61.0,,,16.915,62.8955,9.807500000000001,4.299666666666667,,
north_rustico,2023-09-22 22:00:00+00:00,0.0,1.5,,,12.55,81.857,9.495,4.2915,,
north_rustico,2023-09-22 23:00:00+00:00,0.0,1.0,,,9.943999999999999,91.664,8.661,4.284083333333333,,
north_rustico,2023-09-23 00:00:00+00:00,0.0,1.0,,,10.1695,87.697,8.1935,4.281666666666667,,
north_rustico,2023-09-23 01:00:00+00:00,0.0,1.0,,,11.692,81.214,8.5915,4.279,,
north_rustico,2023-09-23 02:00:00+00:00,0.0,1.0,,,12.228,86.1235,9.9895,4.2772499999999996,,
north_rustico,2023-09-23 03:00:00+00:00,0.0,1.0,,,12.979,85.2475,10.572,4.276666666666666,,
north_rustico,2023-09-23 04:00:00+00:00,0.0,1.0,,,12.539000000000001,87.75999999999999,10.578,4.2722500000000005,,
north_rustico,2023-09-23 05:00:00+00:00,0.0,1.0,,,12.4105,89.3005,10.712,4.271333333333334,,
north_rustico,2023-09-23 06:00:00+00:00,0.0,1.0,,,12.368,88.41900000000001,10.520499999999998,4.272166666666667,,
north_rustico,2023-09-23 07:00:00+00:00,0.0,1.0,,,12.625,86.614,10.4655,4.27175,,
north_rustico,2023-09-23 08:00:00+00:00,0.0,1.0,,,12.5925,86.2165,10.3645,4.271,,
north_rustico,2023-09-23 09:00:00+00:00,0.0,1.0,,,12.6355,86.64,10.48,4.271833333333333,,
north_rustico,2023-09-23 10:00:00+00:00,0.0,47.0,,,12.9895,86.03649999999999,10.722000000000001,4.3065,,
north_rustico,2023-09-23 11:00:00+00:00,0.0,176.5,,,14.3625,81.3425,11.2155,4.310833333333333,,
north_rustico,2023-09-23 12:00:00+00:00,0.0,381.5,,,15.681000000000001,76.126,11.501000000000001,4.309333333333334,,
north_rustico,2023-09-23 13:00:00+00:00,0.0,521.0,,,16.7755,71.7145,11.6565,4.308666666666666,,
north_rustico,2023-09-23 14:00:00+00:00,0.0,627.5,,,17.7835,69.0915,12.057500000000001,4.310833333333333,,
north_rustico,2023-09-23 15:00:00+00:00,0.0,665.5,,,18.866500000000002,65.601,12.3005,4.3077499999999995,,
north_rustico,2023-09-23 16:00:00+00:00,0.0,501.0,,,19.124,63.072,11.9495,4.305499999999999,,
north_rustico,2023-09-23 17:00:00+00:00,0.0,477.5,,,19.445500000000003,63.884,12.447500000000002,4.305750000000001,,
north_rustico,2023-09-23 18:00:00+00:00,0.0,385.0,,,19.778,65.9235,13.245000000000001,4.30475,,
north_rustico,2023-09-23 19:00:00+00:00,0.0,80.5,,,19.2095,69.8075,13.575,4.30325,,
north_rustico,2023-09-23 20:00:00+00:00,0.0,15.5,,,18.105,77.6225,14.1345,4.299666666666667,,
north_rustico,2023-09-23 21:00:00+00:00,0.6,2.5,,,15.5955,86.518,13.3505,4.297,,
north_rustico,2023-09-23 22:00:00+00:00,0.0,1.0,,,14.373000000000001,92.74350000000001,13.2295,4.2875000000000005,,
north_rustico,2023-09-23 23:00:00+00:00,0.0,1.0,,,14.266,93.53999999999999,13.254999999999999,4.2828333333333335,,
north_rustico,2023-09-24 00:00:00+00:00,0.0,1.0,,,13.7615,93.0545,12.6745,4.2815,,
north_rustico,2023-09-24 01:00:00+00:00,0.0,1.0,,,13.794,91.2465,12.407499999999999,4.27975,,
north_rustico,2023-09-24 02:00:00+00:00,0.0,1.0,,,13.428999999999998,91.8425,12.1445,4.27775,,
north_rustico,2023-09-24 03:00:00+00:00,0.0,1.0,,,13.129000000000001,93.14150000000001,12.060500000000001,4.277083333333334,,
north_rustico,2023-09-24 04:00:00+00:00,0.0,1.0,,,11.8315,95.4635,11.141,4.272,,
north_rustico,2023-09-24 05:00:00+00:00,0.0,1.0,,,10.9845,97.0435,10.5455,4.270583333333334,,
north_rustico,2023-09-24 06:00:00+00:00,0.0,1.0,,,11.006,96.9345,10.55,4.2709166666666665,,
north_rustico,2023-09-24 07:00:00+00:00,0.0,1.0,,,10.3945,97.3275,10.000499999999999,4.269833333333334,,
north_rustico,2023-09-24 08:00:00+00:00,0.0,1.0,,,9.5365,97.7585,9.2095,4.268916666666667,,
north_rustico,2023-09-24 09:00:00+00:00,0.0,1.0,,,9.633,98.482,9.4155,4.268666666666666,,
north_rustico,2023-09-24 10:00:00+00:00,0.0,50.0,,,11.5955,95.5385,10.9175,4.303916666666667,,
north_rustico,2023-09-24 11:00:00+00:00,0.0,220.5,,,13.9545,85.2705,11.533,4.309083333333334,,
north_rustico,2023-09-24 12:00:00+00:00,0.0,292.0,,,15.145,78.679,11.461500000000001,4.313,,
north_rustico,2023-09-24 13:00:00+00:00,0.0,301.5,,,17.375500000000002,66.278,11.0115,4.3065,,
north_rustico,2023-09-24 14:00:00+00:00,0.0,433.5,,,18.0405,70.372,12.584499999999998,4.311166666666667,,
north_rustico,2023-09-24 15:00:00+00:00,0.0,657.0,,,18.9735,63.1605,11.776,4.3075,,
north_rustico,2023-09-24 16:00:00+00:00,0.0,661.0,,,19.445500000000003,50.919,9.0245,4.303083333333333,,
north_rustico,2023-09-24 17:00:00+00:00,0.0,524.0,,,19.703,48.7945,8.630500000000001,4.310083333333334,,
north_rustico,2023-09-24 18:00:00+00:00,0.0,349.5,,,19.7245,45.446,7.6175,4.308083333333333,,
north_rustico,2023-09-24 19:00:00+00:00,0.0,356.5,,,20.271500000000003,50.5945,9.7005,4.3068333333333335,,
north_rustico,2023-09-24 20:00:00+00:00,0.0,198.5,,,20.164,52.237,10.0745,4.299916666666667,,
north_rustico,2023-09-24 21:00:00+00:00,0.0,55.0,,,19.3705,59.917500000000004,11.404,4.301666666666667,,
north_rustico,2023-09-24 22:00:00+00:00,0.0,1.5,,,13.901,87.25,11.822,4.291166666666666,,
north_rustico,2023-09-24 23:00:00+00:00,0.0,1.0,,,11.992,90.9625,10.576,4.284999999999999,,
north_rustico,2023-09-25 00:00:00+00:00,0.0,1.0,,,11.2955,92.17349999999999,10.0835,4.28225,,
north_rustico,2023-09-25 01:00:00+00:00,0.0,1.0,,,11.22,93.132,10.163499999999999,4.2796666666666665,,
north_rustico,2023-09-25 02:00:00+00:00,0.0,1.0,,,13.408,81.979,10.3925,4.278,,
north_rustico,2023-09-25 03:00:00+00:00,0.0,1.0,,,14.116,81.0415,10.927,4.277083333333334,,
north_rustico,2023-09-25 04:00:00+00:00,0.0,1.0,,,14.9305,82.2535,11.939,4.273416666666667,,
north_rustico,2023-09-25 05:00:00+00:00,0.0,1.0,,,15.3595,77.9255,11.5405,4.2724166666666665,,
north_rustico,2023-09-25 06:00:00+00:00,0.0,1.0,,,14.7805,78.946,11.18,4.273833333333333,,
north_rustico,2023-09-25 07:00:00+00:00,0.0,1.0,,,14.266,86.2815,12.0125,4.273833333333333,,
north_rustico,2023-09-25 08:00:00+00:00,0.0,1.0,,,14.309000000000001,88.77250000000001,12.496500000000001,4.272333333333333,,
north_rustico,2023-09-25 09:00:00+00:00,0.0,1.0,,,14.3085,82.37549999999999,11.362,4.271916666666667,,
north_rustico,2023-09-25 10:00:00+00:00,0.0,30.0,,,14.5125,81.6425,11.425999999999998,4.300833333333333,,
north_rustico,2023-09-25 11:00:00+00:00,0.0,174.0,,,15.789,76.0495,11.5835,4.311416666666667,,
north_rustico,2023-09-25 12:00:00+00:00,0.2,288.5,,,16.164,75.926,11.932500000000001,4.312333333333334,,
north_rustico,2023-09-25 13:00:00+00:00,0.0,617.5,,,16.121000000000002,76.6745,12.038499999999999,4.309,,
north_rustico,2023-09-25 14:00:00+00:00,0.0,321.0,,,16.2605,75.571,11.952,4.3075,,
north_rustico,2023-09-25 15:00:00+00:00,0.0,389.5,,,16.485500000000002,74.4805,11.952,4.306583333333333,,
north_rustico,2023-09-25 16:00:00+00:00,0.0,736.5,,,16.153,73.282,11.381499999999999,4.316416666666666,,
north_rustico,2023-09-25 17:00:00+00:00,0.0,475.0,,,15.274000000000001,73.9555,10.6715,4.301333333333333,,
north_rustico,2023-09-25 18:00:00+00:00,0.0,232.5,,,14.2125,74.15299999999999,9.686499999999999,4.3077499999999995,,
north_rustico,2023-09-25 19:00:00+00:00,0.0,146.0,,,13.4295,75.39150000000001,9.179,4.304583333333333,,
north_rustico,2023-09-25 20:00:00+00:00,0.0,76.0,,,13.418500000000002,70.35249999999999,8.133,4.307083333333334,,
north_rustico,2023-09-25 21:00:00+00:00,0.0,26.0,,,12.582,72.70949999999999,7.826499999999999,4.2988333333333335,,
north_rustico,2023-09-25 22:00:00+00:00,0.0,1.0,,,12.367999999999999,72.68950000000001,7.6155,4.289416666666667,,
north_rustico,2023-09-25 23:00:00+00:00,0.0,1.0,,,12.282,74.13900000000001,7.82,4.2828333333333335,,
north_rustico,2023-09-26 00:00:00+00:00,0.0,1.0,,,11.574,76.8245,7.6579999999999995,4.282,,
north_rustico,2023-09-26 01:00:00+00:00,0.0,1.0,,,11.4885,77.738,7.7495,4.28025,,
north_rustico,2023-09-26 02:00:00+00:00,0.0,1.0,,,11.381,77.327,7.5675,4.278083333333333,,
north_rustico,2023-09-26 03:00:00+00:00,0.0,1.0,,,11.488,72.378,6.6995000000000005,4.2765,,
north_rustico,2023-09-26 04:00:00+00:00,0.0,1.0,,,11.4775,71.783,6.574999999999999,4.271416666666667,,
north_rustico,2023-09-26 05:00:00+00:00,0.0,1.0,,,11.51,72.936,6.837,4.270083333333333,,
north_rustico,2023-09-26 06:00:00+00:00,0.0,1.0,,,11.5845,73.955,7.1115,4.271,,
north_rustico,2023-09-26 07:00:00+00:00,0.0,1.0,,,11.703,75.181,7.4670000000000005,4.270666666666666,,
north_rustico,2023-09-26 08:00:00+00:00,0.0,1.0,,,8.4965,87.55250000000001,6.541,4.269833333333334,,
north_rustico,2023-09-26 09:00:00+00:00,0.0,1.0,,,7.1555,93.3905,6.1675,4.268666666666667,,
north_rustico,2023-09-26 10:00:00+00:00,0.0,24.0,,,7.874,94.053,6.984500000000001,4.298,,
north_rustico,2023-09-26 11:00:00+00:00,0.0,122.0,,,12.099499999999999,81.92099999999999,9.006499999999999,4.31325,,
north_rustico,2023-09-26 12:00:00+00:00,0.0,280.5,,,15.574,67.18,9.524000000000001,4.308083333333333,,
north_rustico,2023-09-26 13:00:00+00:00,0.0,439.0,,,16.8075,65.15899999999999,10.238,4.308666666666666,,
north_rustico,2023-09-26 14:00:00+00:00,0.0,499.0,,,16.743000000000002,65.12,10.167,4.30525,,
north_rustico,2023-09-26 15:00:00+00:00,0.0,637.5,,,17.483,59.4425,9.51,4.306,,
north_rustico,2023-09-26 16:00:00+00:00,0.0,632.0,,,17.172,61.6495,9.7575,4.312083333333333,,
north_rustico,2023-09-26 17:00:00+00:00,0.0,564.5,,,16.807,58.2245,8.5605,4.306333333333334,,
north_rustico,2023-09-26 18:00:00+00:00,0.0,459.0,,,17.719,57.537,9.2375,4.3075,,
north_rustico,2023-09-26 19:00:00+00:00,0.0,316.0,,,17.429000000000002,60.7255,9.777999999999999,4.304416666666667,,
north_rustico,2023-09-26 20:00:00+00:00,0.0,165.5,,,16.185499999999998,64.4605,9.4905,4.301833333333334,,
north_rustico,2023-09-26 21:00:00+00:00,0.0,45.5,,,14.641,72.9345,9.836500000000001,4.303166666666667,,
north_rustico,2023-09-26 22:00:00+00:00,0.0,1.0,,,12.8505,81.6005,9.7935,4.289833333333333,,
north_rustico,2023-09-26 23:00:00+00:00,0.0,1.0,,,12.968499999999999,78.4785,9.3285,4.2835833333333335,,
north_rustico,2023-09-27 00:00:00+00:00,0.0,1.0,,,13.065,77.17699999999999,9.1735,4.281833333333333,,
north_rustico,2023-09-27 01:00:00+00:00,0.0,1.0,,,12.872,82.902,10.0505,4.280166666666667,,
north_rustico,2023-09-27 02:00:00+00:00,0.0,1.0,,,12.9575,83.96350000000001,10.326,4.278333333333333,,
north_rustico,2023-09-27 03:00:00+00:00,0.0,1.0,,,10.416,91.467,9.087,4.277166666666667,,
north_rustico,2023-09-27 04:00:00+00:00,0.0,1.0,,,10.0195,95.24549999999999,9.304,4.271416666666667,,
north_rustico,2023-09-27 05:00:00+00:00,0.0,1.0,,,10.190999999999999,94.82900000000001,9.408999999999999,4.269166666666667,,
north_rustico,2023-09-27 06:00:00+00:00,0.0,1.0,,,10.909500000000001,93.091,9.8425,4.2700000000000005,,
north_rustico,2023-09-27 07:00:00+00:00,0.0,1.0,,,9.2575,97.214,8.8485,4.269166666666667,,
north_rustico,2023-09-27 08:00:00+00:00,0.0,1.0,,,8.872,97.2675,8.471,4.268583333333333,,
north_rustico,2023-09-27 09:00:00+00:00,0.0,1.0,,,8.6575,97.509,8.2935,4.267833333333333,,
north_rustico,2023-09-27 10:00:00+00:00,0.0,10.5,,,8.6035,97.90899999999999,8.3,4.283833333333333,,
north_rustico,2023-09-27 11:00:00+00:00,0.0,65.5,,,9.493500000000001,97.491,9.1255,4.3036666666666665,,
north_rustico,2023-09-27 12:00:00+00:00,0.0,140.5,,,11.542000000000002,95.156,10.805,4.30925,,
north_rustico,2023-09-27 13:00:00+00:00,0.0,205.0,,,14.019,84.47200000000001,11.458,4.309916666666667,,
north_rustico,2023-09-27 14:00:00+00:00,0.0,246.0,,,14.609,87.5385,12.58,4.307833333333334,,
north_rustico,2023-09-27 15:00:00+00:00,0.0,294.5,,,15.7025,82.898,12.821,4.30525,,
north_rustico,2023-09-27 16:00:00+00:00,0.0,343.0,,,15.8205,84.3305,13.2,4.312083333333334,,
north_rustico,2023-09-27 17:00:00+00:00,0.0,319.5,,,16.389000000000003,80.75200000000001,13.0915,4.308583333333334,,
north_rustico,2023-09-27 18:00:00+00:00,0.0,240.5,,,16.486,76.12700000000001,12.2575,4.30925,,
north_rustico,2023-09-27 19:00:00+00:00,0.0,145.0,,,15.7775,74.003,11.168,4.303833333333333,,
north_rustico,2023-09-27 20:00:00+00:00,0.0,67.5,,,15.113,80.2875,11.754999999999999,4.29975,,
north_rustico,2023-09-27 21:00:00+00:00,0.0,17.5,,,13.375499999999999,90.5775,11.879,4.299,,
north_rustico,2023-09-27 22:00:00+00:00,0.0,1.0,,,11.295,95.1605,10.5615,4.287833333333333,,
north_rustico,2023-09-27 23:00:00+00:00,0.0,1.0,,,9.955,96.47399999999999,9.4295,4.28125,,
north_rustico,2023-09-28 00:00:00+00:00,0.0,1.0,,,9.0435,97.0565,8.6105,4.280166666666667,,
north_rustico,2023-09-28 01:00:00+00:00,0.0,1.0,,,8.742999999999999,97.34,8.3535,4.277416666666666,,
north_rustico,2023-09-28 02:00:00+00:00,0.0,1.0,,,9.8475,95.9765,9.242,4.275333333333333,,
north_rustico,2023-09-28 03:00:00+00:00,0.0,1.0,,,11.735,91.4045,10.392,4.274166666666667,,
north_rustico,2023-09-28 04:00:00+00:00,0.0,1.0,,,11.5525,91.746,10.269,4.2700000000000005,,
north_rustico,2023-09-28 05:00:00+00:00,0.0,1.0,,,10.9525,94.36500000000001,10.094,4.268583333333333,,
north_rustico,2023-09-28 06:00:00+00:00,0.0,1.0,,,11.113,94.763,10.317,4.269666666666667,,
north_rustico,2023-09-28 07:00:00+00:00,0.0,1.0,,,11.499,95.27,10.7805,4.269333333333333,,
north_rustico,2023-09-28 08:00:00+00:00,0.0,1.0,,,11.96,93.834,11.011500000000002,4.269,,
north_rustico,2023-09-28 09:00:00+00:00,0.0,1.0,,,11.842,94.3245,10.9725,4.268833333333333,,
north_rustico,2023-09-28 10:00:00+00:00,0.0,29.0,,,11.853,94.9175,11.0775,4.299333333333333,,
north_rustico,2023-09-28 11:00:00+00:00,0.0,170.5,,,13.515,91.67349999999999,12.2015,4.311833333333333,,
north_rustico,2023-09-28 12:00:00+00:00,0.0,297.5,,,16.625,83.6635,13.84,4.307333333333333,,
north_rustico,2023-09-28 13:00:00+00:00,0.0,409.0,,,18.416,70.8215,13.0425,4.311583333333334,,
north_rustico,2023-09-28 14:00:00+00:00,0.0,578.0,,,19.295,60.5035,11.4805,4.310583333333333,,
north_rustico,2023-09-28 15:00:00+00:00,0.0,650.0,,,19.188000000000002,62.846000000000004,11.956,4.31,,
north_rustico,2023-09-28 16:00:00+00:00,0.0,648.5,,,19.6065,62.662000000000006,12.3065,4.29825,,
north_rustico,2023-09-28 17:00:00+00:00,0.0,593.5,,,19.049,65.9165,12.5405,4.3094166666666665,,
north_rustico,2023-09-28 18:00:00+00:00,0.0,493.0,,,19.6065,65.1135,12.869,4.307,,
north_rustico,2023-09-28 19:00:00+00:00,0.0,348.5,,,20.078000000000003,63.0015,12.8345,4.309083333333334,,
north_rustico,2023-09-28 20:00:00+00:00,0.0,189.0,,,19.4995,67.06049999999999,13.2415,4.304250000000001,,
north_rustico,2023-09-28 21:00:00+00:00,0.0,41.0,,,17.5685,74.314,12.9195,4.300166666666667,,
north_rustico,2023-09-28 22:00:00+00:00,0.0,1.0,,,13.118500000000001,91.574,11.785499999999999,4.290916666666667,,
north_rustico,2023-09-28 23:00:00+00:00,0.0,1.0,,,10.705,96.8335,10.234,4.283833333333333,,
north_rustico,2023-09-29 00:00:00+00:00,0.0,1.0,,,9.3975,97.601,9.047,4.281583333333333,,
north_rustico,2023-09-29 01:00:00+00:00,0.0,1.0,,,8.271,98.257,8.021,4.2789166666666665,,
north_rustico,2023-09-29 02:00:00+00:00,0.0,1.0,,,7.8855,99.15450000000001,7.7675,4.276166666666667,,
north_rustico,2023-09-29 03:00:00+00:00,0.0,1.0,,,7.1775,99.7595,7.1485,4.274166666666667,,
north_rustico,2023-09-29 04:00:00+00:00,0.0,1.0,,,6.77,100.0,6.7755,4.267916666666667,,
north_rustico,2023-09-29 05:00:00+00:00,0.0,1.0,,,6.3515,100.0,6.3565000000000005,4.2655,,
north_rustico,2023-09-29 06:00:00+00:00,0.0,1.0,,,5.718999999999999,99.97200000000001,5.719,4.2665,,
north_rustico,2023-09-29 07:00:00+00:00,0.0,1.0,,,5.3759999999999994,99.459,5.301,4.265916666666667,,
north_rustico,2023-09-29 08:00:00+00:00,0.0,1.0,,,5.054,98.65100000000001,4.862500000000001,4.264666666666666,,
north_rustico,2023-09-29 09:00:00+00:00,0.0,1.0,,,4.893,98.787,4.721,4.2635,,
north_rustico,2023-09-29 10:00:00+00:00,0.0,48.5,,,5.322,96.4195,4.7989999999999995,4.303083333333333,,
north_rustico,2023-09-29 11:00:00+00:00,0.0,209.5,,,11.0915,83.529,8.339500000000001,4.31125,,
north_rustico,2023-09-29 12:00:00+00:00,0.0,367.0,,,14.609,79.6035,11.1365,4.310833333333334,,
north_rustico,2023-09-29 13:00:00+00:00,0.0,470.5,,,16.4105,80.52449999999999,13.0595,4.305000000000001,,
north_rustico,2023-09-29 14:00:00+00:00,0.0,592.5,,,17.8905,70.25800000000001,12.4125,4.315416666666667,,
north_rustico,2023-09-29 15:00:00+00:00,0.0,620.0,,,20.6785,66.18,14.16,4.309083333333334,,
north_rustico,2023-09-29 16:00:00+00:00,0.0,599.0,,,20.4105,68.1325,14.3565,4.315833333333333,,
north_rustico,2023-09-29 17:00:00+00:00,0.0,484.0,,,19.1455,71.15549999999999,13.814499999999999,4.3027500000000005,,
north_rustico,2023-09-29 18:00:00+00:00,0.0,404.5,,,19.3705,72.044,14.181000000000001,4.3068333333333335,,
north_rustico,2023-09-29 19:00:00+00:00,0.0,259.5,,,18.459,74.625,13.8845,4.3075833333333335,,
north_rustico,2023-09-29 20:00:00+00:00,0.0,150.0,,,18.0195,74.4385,13.4245,4.306666666666667,,
north_rustico,2023-09-29 21:00:00+00:00,0.0,35.0,,,17.021500000000003,80.5385,13.66,4.299916666666667,,
north_rustico,2023-09-29 22:00:00+00:00,0.0,1.0,,,13.5475,91.259,12.1625,4.290916666666667,,
north_rustico,2023-09-29 23:00:00+00:00,0.0,1.0,,,11.563500000000001,94.4145,10.71,4.283916666666666,,
north_rustico,2023-09-30 00:00:00+00:00,0.0,1.0,,,10.609,94.97200000000001,9.848500000000001,4.282416666666667,,
north_rustico,2023-09-30 01:00:00+00:00,0.0,1.0,,,10.4265,96.52199999999999,9.9085,4.280083333333334,,
north_rustico,2023-09-30 02:00:00+00:00,0.0,1.0,,,9.986999999999998,96.9025,9.528500000000001,4.277416666666666,,
north_rustico,2023-09-30 03:00:00+00:00,0.0,1.0,,,10.1905,97.178,9.774000000000001,4.276000000000001,,
north_rustico,2023-09-30 04:00:00+00:00,0.0,1.0,,,10.641,96.28399999999999,10.0855,4.2705,,
north_rustico,2023-09-30 05:00:00+00:00,0.0,1.0,,,11.456,95.172,10.722999999999999,4.26875,,
north_rustico,2023-09-30 06:00:00+00:00,0.0,1.0,,,12.25,94.9245,11.4735,4.270666666666666,,
north_rustico,2023-09-30 07:00:00+00:00,0.0,1.0,,,11.928,95.44200000000001,11.2355,4.270666666666666,,
north_rustico,2023-09-30 08:00:00+00:00,0.0,1.0,,,10.234,97.18299999999999,9.817499999999999,4.270166666666666,,
north_rustico,2023-09-30 09:00:00+00:00,0.0,1.0,,,9.3545,98.1995,9.0945,4.268833333333333,,
north_rustico,2023-09-30 10:00:00+00:00,0.0,34.0,,,9.622499999999999,97.6275,9.274999999999999,4.300166666666667,,
north_rustico,2023-09-30 11:00:00+00:00,0.0,165.0,,,13.7295,88.024,11.794,4.3125,,
north_rustico,2023-09-30 12:00:00+00:00,0.0,305.5,,,17.182499999999997,76.96950000000001,13.1265,4.306333333333334,,
north_rustico,2023-09-30 13:00:00+00:00,0.0,452.5,,,17.944,76.086,13.678,4.313083333333333,,
north_rustico,2023-09-30 14:00:00+00:00,0.0,516.0,,,17.8585,79.2065,14.224,4.307916666666666,,
north_rustico,2023-09-30 15:00:00+00:00,0.0,550.5,,,19.7565,72.2405,14.6295,4.3094166666666665,,
north_rustico,2023-09-30 16:00:00+00:00,0.0,545.0,,,20.700499999999998,71.1055,15.2905,4.303416666666666,,
north_rustico,2023-09-30 17:00:00+00:00,0.0,472.0,,,20.764499999999998,70.3175,15.1845,4.310416666666667,,
north_rustico,2023-09-30 18:00:00+00:00,0.0,368.0,,,20.3035,71.6525,14.9585,4.306666666666667,,
north_rustico,2023-09-30 19:00:00+00:00,0.0,233.0,,,19.038,79.4065,15.383,4.303916666666667,,
north_rustico,2023-09-30 20:00:00+00:00,0.0,115.0,,,17.526,85.67150000000001,15.1165,4.304583333333333,,
north_rustico,2023-09-30 21:00:00+00:00,0.0,22.5,,,16.239,91.5415,14.878,4.298,,
north_rustico,2023-09-30 22:00:00+00:00,0.0,1.0,,,13.826,95.961,13.209,4.288749999999999,,
north_rustico,2023-09-30 23:00:00+00:00,0.0,1.0,,,12.0565,97.142,11.631,4.283166666666667,,
north_rustico,2023-10-01 00:00:00+00:00,0.0,1.0,,,10.9415,97.332,10.5475,4.281333333333333,,
north_rustico,2023-10-01 01:00:00+00:00,0.0,1.0,,,10.255,97.614,9.9055,4.278666666666666,,
north_rustico,2023-10-01 02:00:00+00:00,0.0,1.0,,,9.5365,97.07249999999999,9.105,4.276916666666667,,
