station,timestamp_utc,rain_mm,solar_radiation_w_m2,wind_gust_speed_kmh,wind_direction_deg,battery_v,air_temperature_c,relative_humidity_pct,dew_point_c
north_rustico,2025-10-01 03:00:00+00:00,0.0,1.0,7.12,350.0,4.223083333333333,11.726266666666668,77.3686,7.902233333333333
north_rustico,2025-10-01 04:00:00+00:00,0.0,1.0,9.72,317.0,4.217583333333334,12.260533333333335,73.62169999999999,7.697766666666666
north_rustico,2025-10-01 05:00:00+00:00,1.0,1.0,15.280000000000001,323.0,4.21425,11.679866666666667,76.53553333333333,7.702766666666666
north_rustico,2025-10-01 06:00:00+00:00,0.2,1.0,10.32,326.0,4.212000000000001,11.549766666666667,76.4675,7.562233333333333
north_rustico,2025-10-01 07:00:00+00:00,0.0,1.0,8.52,347.0,4.209666666666666,11.547666666666666,74.22303333333333,7.128633333333334
north_rustico,2025-10-01 08:00:00+00:00,0.0,1.0,5.28,300.0,4.208333333333333,10.185766666666666,81.69733333333333,7.1848
north_rustico,2025-10-01 09:00:00+00:00,0.0,1.0,6.48,277.0,4.20625,10.102833333333333,81.52336666666666,7.0633333333333335
north_rustico,2025-10-01 10:00:00+00:00,0.0,58.333333333333336,5.48,336.0,4.2724166666666665,11.995266666666668,76.20893333333333,7.926933333333333
north_rustico,2025-10-01 11:00:00+00:00,0.0,219.53333333333333,11.92,352.0,4.321666666666666,14.726133333333333,66.01456666666667,8.439833333333333
north_rustico,2025-10-01 12:00:00+00:00,0.0,175.26666666666668,14.566666666666666,326.0,4.319083333333333,13.4966,67.05879999999999,7.4464
north_rustico,2025-10-01 13:00:00+00:00,0.0,234.56666666666666,27.736666666666668,21.0,4.315,12.3427,70.32116666666666,7.0838
north_rustico,2025-10-01 14:00:00+00:00,0.0,639.7,20.57,21.0,4.312583333333333,15.1838,58.484766666666665,7.107966666666667
north_rustico,2025-10-01 15:00:00+00:00,0.0,273.53333333333336,21.366666666666667,27.0,4.312166666666666,13.4072,66.5215,7.301366666666667
north_rustico,2025-10-01 16:00:00+00:00,0.0,91.33333333333333,26.62,27.0,4.31325,12.033133333333334,70.29653333333334,6.779866666666666
north_rustico,2025-10-01 17:00:00+00:00,0.0,127.5,30.65,58.0,4.313666666666666,11.5969,69.90083333333334,6.287733333333334
north_rustico,2025-10-01 18:00:00+00:00,0.2,96.36666666666666,25.006666666666668,31.0,4.31275,10.7184,71.62436666666667,5.7824
north_rustico,2025-10-01 19:00:00+00:00,0.0,131.46666666666667,27.823333333333334,45.0,4.315,12.038033333333335,65.0168,5.669066666666667
north_rustico,2025-10-01 20:00:00+00:00,0.0,116.03333333333333,29.043333333333333,29.0,4.308,12.580666666666668,61.86743333333333,5.4713666666666665
north_rustico,2025-10-01 21:00:00+00:00,0.0,18.766666666666666,31.490000000000002,31.0,4.303833333333333,11.787833333333333,63.1568,5.0153
north_rustico,2025-10-01 22:00:00+00:00,0.0,1.0333333333333334,27.986666666666668,18.0,4.267,11.5183,63.232099999999996,4.780033333333334
north_rustico,2025-10-01 23:00:00+00:00,0.0,1.0,24.513333333333332,28.0,4.2455,11.4254,65.3492,5.144166666666666
north_rustico,2025-10-02 00:00:00+00:00,1.0,1.0,20.983333333333334,352.0,4.2345,9.8468,74.57763333333334,5.515
north_rustico,2025-10-02 01:00:00+00:00,0.0,1.0,16.003333333333334,313.0,4.224833333333334,9.889000000000001,75.18223333333334,5.6807
north_rustico,2025-10-02 02:00:00+00:00,0.2,1.0,21.453333333333333,1.0,4.21625,10.337866666666667,73.19343333333333,5.753433333333334
north_rustico,2025-10-02 03:00:00+00:00,0.0,1.0,20.726666666666667,357.0,4.2123333333333335,10.843533333333333,69.6855,5.531933333333333
north_rustico,2025-10-02 04:00:00+00:00,0.0,1.0,22.006666666666668,4.0,4.2097500000000005,10.970699999999999,67.11463333333333,5.116
north_rustico,2025-10-02 05:00:00+00:00,0.0,1.0,21.85666666666667,358.0,4.207833333333333,10.762699999999999,65.72996666666667,4.6171
north_rustico,2025-10-02 06:00:00+00:00,0.0,1.0,16.44,11.0,4.206083333333333,10.4903,65.23146666666666,4.2499
north_rustico,2025-10-02 07:00:00+00:00,0.0,1.0,16.44,354.0,4.205666666666667,10.621833333333333,65.3604,4.403099999999999
north_rustico,2025-10-02 08:00:00+00:00,0.0,1.0,16.279999999999998,337.0,4.206166666666667,10.769133333333334,63.59623333333333,4.1533
north_rustico,2025-10-02 09:00:00+00:00,0.0,1.0,16.119999999999997,354.0,4.204583333333333,11.123700000000001,64.15786666666666,4.6159
north_rustico,2025-10-02 10:00:00+00:00,0.0,16.233333333333334,16.36,351.0,4.255,11.334566666666667,61.655166666666666,4.242566666666667
north_rustico,2025-10-02 11:00:00+00:00,0.0,106.56666666666666,15.4,344.0,4.317833333333334,12.084533333333333,57.190333333333335,3.8819333333333335
north_rustico,2025-10-02 12:00:00+00:00,0.0,395.23333333333335,17.203333333333333,350.0,4.3172500000000005,14.8956,52.30173333333333,5.2017
north_rustico,2025-10-02 13:00:00+00:00,0.0,428.8666666666667,19.283333333333335,347.0,4.320083333333334,14.608233333333335,51.8959,4.819566666666666
north_rustico,2025-10-02 14:00:00+00:00,0.0,446.3,18.08,340.0,4.312333333333333,14.102833333333333,52.81823333333333,4.615633333333333
north_rustico,2025-10-02 15:00:00+00:00,0.0,577.7666666666667,18.123333333333335,14.0,4.31125,15.125833333333333,52.46296666666667,5.4451
north_rustico,2025-10-02 16:00:00+00:00,0.0,514.7333333333333,17.16,1.0,4.31075,14.2543,57.24966666666667,5.9227333333333325
north_rustico,2025-10-02 17:00:00+00:00,0.0,540.8333333333334,15.92,310.0,4.312416666666667,14.201433333333334,56.96323333333333,5.797533333333334
north_rustico,2025-10-02 18:00:00+00:00,0.0,509.23333333333335,16.720000000000002,345.0,4.3135,14.000566666666666,55.914633333333335,5.3409666666666675
north_rustico,2025-10-02 19:00:00+00:00,0.0,366.53333333333336,13.360000000000001,300.0,4.313,14.339433333333334,53.98603333333333,5.1559
north_rustico,2025-10-02 20:00:00+00:00,0.0,196.33333333333334,11.32,279.0,4.3148333333333335,14.207766666666666,57.97776666666667,6.0599
north_rustico,2025-10-02 21:00:00+00:00,0.0,35.766666666666666,6.319999999999999,314.0,4.307166666666666,12.098166666666666,67.65596666666667,6.2766
north_rustico,2025-10-02 22:00:00+00:00,0.0,1.0,4.64,270.0,4.268583333333333,8.397699999999999,82.73686666666666,5.631833333333333
north_rustico,2025-10-02 23:00:00+00:00,0.0,1.0,4.2,270.0,4.2485,6.6382666666666665,88.19826666666667,4.8290999999999995
north_rustico,2025-10-03 00:00:00+00:00,0.0,1.0,5.72,270.0,4.235833333333333,5.883966666666667,90.26686666666666,4.417133333333334
north_rustico,2025-10-03 01:00:00+00:00,0.0,1.0,9.0,270.0,4.225583333333334,7.2837,81.03026666666666,4.195533333333334
north_rustico,2025-10-03 02:00:00+00:00,0.0,1.0,13.639999999999999,244.0,4.2185,9.290600000000001,72.6083,4.632366666666667
north_rustico,2025-10-03 03:00:00+00:00,0.0,1.0,14.479999999999999,243.0,4.214083333333334,9.8211,75.53856666666667,5.7116999999999996
north_rustico,2025-10-03 04:00:00+00:00,0.0,1.0,16.0,240.0,4.2099166666666665,10.111333333333334,75.50483333333334,5.988366666666667
north_rustico,2025-10-03 05:00:00+00:00,0.0,1.0,16.96,250.0,4.207333333333334,9.967733333333333,76.12073333333333,5.9667
north_rustico,2025-10-03 06:00:00+00:00,0.0,1.0,17.12,247.0,4.20625,9.769666666666666,77.28723333333333,5.994766666666666
north_rustico,2025-10-03 07:00:00+00:00,0.0,1.0,15.68,243.0,4.2058333333333335,9.801766666666667,77.71916666666667,6.106800000000001
north_rustico,2025-10-03 08:00:00+00:00,0.0,1.0,16.4,241.0,4.205166666666667,9.9305,76.0013,5.908333333333333
north_rustico,2025-10-03 09:00:00+00:00,0.0,1.0,16.56,241.0,4.204666666666667,9.905533333333333,75.8632,5.857466666666666
north_rustico,2025-10-03 10:00:00+00:00,0.0,37.2,18.52,243.0,4.273333333333333,10.260066666666667,74.9251,6.020966666666666
north_rustico,2025-10-03 11:00:00+00:00,0.0,201.0,24.996666666666666,236.0,4.325583333333333,11.709233333333334,71.16126666666666,6.668966666666666
north_rustico,2025-10-03 12:00:00+00:00,0.0,372.7,29.203333333333333,232.0,4.318583333333334,13.307166666666665,66.27533333333334,7.155966666666667
north_rustico,2025-10-03 13:00:00+00:00,0.0,518.9666666666667,34.059999999999995,232.0,4.319333333333334,14.6747,59.9222,6.98
north_rustico,2025-10-03 14:00:00+00:00,0.0,622.3,38.86,248.0,4.312333333333334,15.7879,54.54546666666667,6.653433333333334
north_rustico,2025-10-03 15:00:00+00:00,0.0,673.8666666666667,36.66,244.0,4.31325,16.848233333333333,51.11803333333333,6.696666666666667
north_rustico,2025-10-03 16:00:00+00:00,0.0,672.4666666666667,32.33,258.0,4.312166666666666,18.353833333333334,47.05166666666666,6.866666666666666
north_rustico,2025-10-03 17:00:00+00:00,0.0,614.5,29.436666666666667,244.0,4.312583333333333,19.691399999999998,42.80653333333333,6.6979999999999995
north_rustico,2025-10-03 18:00:00+00:00,0.0,504.53333333333336,31.573333333333334,244.0,4.313,20.33833333333333,44.966433333333335,8.009933333333333
north_rustico,2025-10-03 19:00:00+00:00,0.0,354.7,32.89666666666667,218.0,4.311916666666666,20.35053333333333,46.9937,8.674866666666667
north_rustico,2025-10-03 20:00:00+00:00,0.0,184.03333333333333,28.873333333333335,216.0,4.3116666666666665,19.528433333333336,48.02663333333333,8.247766666666667
north_rustico,2025-10-03 21:00:00+00:00,0.0,31.9,25.52,212.0,4.303583333333333,17.74256666666667,50.67816666666667,7.374933333333333
north_rustico,2025-10-03 22:00:00+00:00,0.0,1.0,18.923333333333336,213.0,4.27225,15.607733333333332,63.862899999999996,8.7826
north_rustico,2025-10-03 23:00:00+00:00,0.0,1.0,20.363333333333333,215.0,4.255999999999999,14.865566666666666,72.36793333333334,9.954833333333333
north_rustico,2025-10-04 00:00:00+00:00,0.0,1.0,19.88,229.0,4.246416666666667,14.766933333333332,73.7125,10.136
north_rustico,2025-10-04 01:00:00+00:00,0.0,1.0,23.459999999999997,236.0,4.239166666666667,14.922066666666666,72.92576666666668,10.125200000000001
north_rustico,2025-10-04 02:00:00+00:00,0.0,1.0,21.966666666666665,243.0,4.233416666666667,14.380233333333333,74.3364,9.8879
north_rustico,2025-10-04 03:00:00+00:00,0.0,1.0,21.36,241.0,4.2275833333333335,14.099866666666665,74.0146,9.553233333333333
north_rustico,2025-10-04 04:00:00+00:00,0.0,1.0,21.243333333333332,244.0,4.222833333333333,14.0871,73.4779,9.431999999999999
north_rustico,2025-10-04 05:00:00+00:00,0.0,1.0,23.813333333333333,251.0,4.219,14.666233333333334,71.12493333333333,9.503766666666667
north_rustico,2025-10-04 06:00:00+00:00,0.0,1.0,19.60666666666667,258.0,4.216833333333334,14.827633333333333,69.2596,9.263633333333333
north_rustico,2025-10-04 07:00:00+00:00,0.0,1.0,16.4,257.0,4.215416666666667,13.945466666666666,71.90783333333334,8.974866666666665
north_rustico,2025-10-04 08:00:00+00:00,0.0,1.0,14.08,261.0,4.213416666666666,13.570166666666667,73.27356666666667,8.892333333333333
north_rustico,2025-10-04 09:00:00+00:00,0.0,1.0,13.4,258.0,4.21275,13.267733333333332,74.17933333333333,8.780566666666665
north_rustico,2025-10-04 10:00:00+00:00,0.0,29.2,12.76,275.0,4.267833333333333,13.194833333333333,75.87276666666666,9.046366666666668
north_rustico,2025-10-04 11:00:00+00:00,0.0,206.93333333333334,12.92,268.0,4.3172500000000005,15.0737,74.45696666666666,10.582633333333332
north_rustico,2025-10-04 12:00:00+00:00,0.0,286.6666666666667,12.08,309.0,4.318833333333333,17.30636666666667,73.732,12.571200000000001
north_rustico,2025-10-04 13:00:00+00:00,0.0,423.9,7.4399999999999995,320.0,4.31625,18.728366666666666,67.42116666666666,12.561633333333333
north_rustico,2025-10-04 14:00:00+00:00,0.0,523.9666666666667,9.84,22.0,4.3116666666666665,19.738533333333336,62.63206666666667,12.4197
north_rustico,2025-10-04 15:00:00+00:00,0.0,645.2,14.44,1.0,4.317166666666667,19.63566666666667,63.741166666666665,12.5934
north_rustico,2025-10-04 16:00:00+00:00,0.0,357.1,13.68,31.0,4.314,18.050733333333334,68.2415,12.108733333333333
north_rustico,2025-10-04 17:00:00+00:00,0.0,261.46666666666664,15.639999999999999,6.0,4.311166666666667,16.9804,71.5252,11.810566666666666
north_rustico,2025-10-04 18:00:00+00:00,0.0,319.1,18.08,345.0,4.312,17.077566666666666,73.18249999999999,12.2504
north_rustico,2025-10-04 19:00:00+00:00,0.0,205.0,16.0,358.0,4.31225,16.413466666666668,75.54533333333333,12.080166666666665
north_rustico,2025-10-04 20:00:00+00:00,0.0,96.7,15.04,338.0,4.3115,15.655,77.10560000000001,11.663566666666666
north_rustico,2025-10-04 21:00:00+00:00,0.0,28.733333333333334,14.639999999999999,14.0,4.306,15.041533333333332,77.32,11.108766666666666
north_rustico,2025-10-04 22:00:00+00:00,0.0,1.0,13.56,10.0,4.2709166666666665,13.615266666666665,79.20113333333333,10.094166666666666
north_rustico,2025-10-04 23:00:00+00:00,0.0,1.0,15.92,22.0,4.254416666666667,13.4181,77.68156666666667,9.613233333333334
north_rustico,2025-10-05 00:00:00+00:00,0.0,1.0,10.639999999999999,13.0,4.24575,13.0647,77.5071,9.235566666666667
north_rustico,2025-10-05 01:00:00+00:00,0.0,1.0,9.4,29.0,4.239,12.838799999999999,74.7505,8.481433333333333
north_rustico,2025-10-05 02:00:00+00:00,0.0,1.0,10.08,3.0,4.232916666666667,12.527800000000001,74.31909999999999,8.095633333333334
north_rustico,2025-10-05 03:00:00+00:00,0.0,1.0,7.8,15.0,4.2275833333333335,12.3055,75.382,8.0883
north_rustico,2025-10-05 04:00:00+00:00,0.0,1.0,6.16,10.0,4.221916666666666,10.781266666666665,79.276,7.329133333333333
north_rustico,2025-10-05 05:00:00+00:00,0.0,1.0,6.16,272.0,4.2156666666666665,8.1016,86.85246666666667,6.0511
north_rustico,2025-10-05 06:00:00+00:00,0.0,1.0,6.4399999999999995,258.0,4.209416666666667,7.3939,88.8635,5.684933333333333
north_rustico,2025-10-05 07:00:00+00:00,0.0,1.0,5.4,253.0,4.205333333333333,7.244466666666667,89.2479,5.599366666666667
north_rustico,2025-10-05 08:00:00+00:00,0.0,1.0,3.52,253.0,4.20375,7.3725000000000005,89.77243333333332,5.810333333333333
north_rustico,2025-10-05 09:00:00+00:00,0.0,1.0,4.48,248.0,4.2015,7.609866666666666,89.85503333333332,6.0586
north_rustico,2025-10-05 10:00:00+00:00,0.0,32.266666666666666,3.56,247.0,4.2695,7.7148666666666665,89.11326666666668,6.038200000000001
north_rustico,2025-10-05 11:00:00+00:00,0.0,194.06666666666666,2.56,257.0,4.3235,10.807666666666668,79.096,7.324566666666667
north_rustico,2025-10-05 12:00:00+00:00,0.0,376.6666666666667,12.120000000000001,202.0,4.320083333333334,14.104866666666668,69.88996666666667,8.702599999999999
north_rustico,2025-10-05 13:00:00+00:00,0.0,302.43333333333334,10.32,216.0,4.3145,14.103533333333333,69.16203333333333,8.5478
north_rustico,2025-10-05 14:00:00+00:00,0.0,158.7,11.32,194.0,4.320333333333333,13.779633333333333,70.9092,8.602966666666667
north_rustico,2025-10-05 15:00:00+00:00,0.0,305.23333333333335,14.520000000000001,187.0,4.314166666666666,13.688133333333333,75.80673333333334,9.511033333333334
north_rustico,2025-10-05 16:00:00+00:00,0.0,263.23333333333335,22.486666666666668,181.0,4.311916666666666,14.032633333333333,74.00313333333334,9.485933333333332
north_rustico,2025-10-05 17:00:00+00:00,0.0,484.8666666666667,25.15,177.0,4.312416666666667,15.072933333333333,71.85103333333333,10.0456
north_rustico,2025-10-05 18:00:00+00:00,0.0,180.36666666666667,19.2,173.0,4.30975,15.3382,67.88453333333334,9.4537
north_rustico,2025-10-05 19:00:00+00:00,0.0,75.6,19.886666666666667,171.0,4.311833333333333,15.150866666666667,71.78766666666667,10.108699999999999
north_rustico,2025-10-05 20:00:00+00:00,0.0,35.7,18.48,156.0,4.3135,14.7262,75.25590000000001,10.406833333333333
north_rustico,2025-10-05 21:00:00+00:00,0.0,8.033333333333333,13.28,161.0,4.2964166666666666,14.713866666666666,77.13443333333333,10.765633333333334
north_rustico,2025-10-05 22:00:00+00:00,0.0,1.0,9.479999999999999,153.0,4.264916666666667,14.550999999999998,80.31396666666666,11.214833333333333
north_rustico,2025-10-05 23:00:00+00:00,0.0,1.0,16.8,159.0,4.247916666666667,14.3995,79.31143333333333,10.877833333333333
north_rustico,2025-10-06 00:00:00+00:00,0.0,1.0,16.16,177.0,4.2363333333333335,14.5682,78.67036666666667,10.920833333333333
north_rustico,2025-10-06 01:00:00+00:00,0.0,1.0,17.279999999999998,181.0,4.229416666666666,15.063666666666666,77.44416666666666,11.165033333333334
north_rustico,2025-10-06 02:00:00+00:00,0.0,1.0,17.08,209.0,4.22325,15.5585,75.733,11.3079
north_rustico,2025-10-06 03:00:00+00:00,0.0,1.0,13.2,212.0,4.219083333333333,15.476933333333333,76.2428,11.330233333333332
north_rustico,2025-10-06 04:00:00+00:00,0.0,1.0,16.08,205.0,4.216833333333333,15.303833333333333,76.9549,11.302833333333332
north_rustico,2025-10-06 05:00:00+00:00,0.0,1.0,12.28,204.0,4.215166666666666,15.174533333333333,78.45246666666667,11.467333333333332
north_rustico,2025-10-06 06:00:00+00:00,0.0,1.0,17.523333333333333,184.0,4.214916666666666,16.68583333333333,77.51036666666667,12.7518
north_rustico,2025-10-06 07:00:00+00:00,0.0,1.0,23.173333333333336,233.0,4.214583333333333,17.240566666666666,77.15973333333334,13.222199999999999
north_rustico,2025-10-06 08:00:00+00:00,0.0,1.0,23.296666666666667,240.0,4.215166666666667,17.360666666666663,77.54303333333334,13.414733333333334
north_rustico,2025-10-06 09:00:00+00:00,0.0,1.0,24.026666666666664,247.0,4.215333333333333,17.272066666666667,78.4388,13.505166666666666
north_rustico,2025-10-06 10:00:00+00:00,0.0,16.5,17.08,239.0,4.25525,17.34573333333333,78.34286666666667,13.557866666666666
north_rustico,2025-10-06 11:00:00+00:00,0.0,150.03333333333333,20.646666666666665,219.0,4.325583333333333,18.365166666666667,75.39920000000001,13.9547
north_rustico,2025-10-06 12:00:00+00:00,0.0,322.6666666666667,24.993333333333332,246.0,4.323166666666666,19.668499999999998,72.05753333333334,14.509766666666668
north_rustico,2025-10-06 13:00:00+00:00,0.0,471.1,22.526666666666664,247.0,4.314333333333333,21.281366666666667,68.1242,15.182733333333335
north_rustico,2025-10-06 14:00:00+00:00,0.0,576.9333333333333,21.043333333333333,237.0,4.319833333333333,22.753433333333337,64.047,15.618699999999999
north_rustico,2025-10-06 15:00:00+00:00,0.0,628.2,20.720000000000002,230.0,4.308666666666666,24.226166666666664,60.77473333333333,16.189333333333334
north_rustico,2025-10-06 16:00:00+00:00,0.0,627.3,21.88,233.0,4.310416666666667,25.44946666666667,56.4267,16.163666666666668
north_rustico,2025-10-06 17:00:00+00:00,0.0,550.4333333333333,22.246666666666666,254.0,4.3148333333333335,26.858600000000003,52.12883333333333,16.22863333333333
north_rustico,2025-10-06 18:00:00+00:00,0.0,424.43333333333334,24.916666666666668,218.0,4.307666666666667,27.875999999999998,50.30886666666667,16.610166666666668
north_rustico,2025-10-06 19:00:00+00:00,0.0,272.8333333333333,22.216666666666665,227.0,4.312666666666667,27.832333333333334,51.227700000000006,16.8549
north_rustico,2025-10-06 20:00:00+00:00,0.0,168.8,23.43,212.0,4.314916666666667,27.422766666666668,49.11556666666667,15.813366666666667
north_rustico,2025-10-06 21:00:00+00:00,0.0,28.633333333333333,28.636666666666667,212.0,4.30175,25.0519,56.52696666666667,15.818733333333334
north_rustico,2025-10-06 22:00:00+00:00,0.0,1.0,24.956666666666667,212.0,4.272833333333334,22.743466666666666,62.44113333333333,15.210233333333333
north_rustico,2025-10-06 23:00:00+00:00,0.0,1.0,20.523333333333333,219.0,4.261333333333334,21.237133333333336,67.54306666666666,15.0068
north_rustico,2025-10-07 00:00:00+00:00,0.0,1.0,19.363333333333333,230.0,4.253833333333334,19.9417,71.57706666666667,14.669066666666668
north_rustico,2025-10-07 01:00:00+00:00,0.0,1.0,15.6,222.0,4.248083333333334,19.14946666666667,73.62473333333334,14.345733333333333
north_rustico,2025-10-07 02:00:00+00:00,0.0,1.0,17.84,223.0,4.244666666666666,18.256533333333334,76.41296666666668,14.0527
north_rustico,2025-10-07 03:00:00+00:00,0.0,1.0,17.2,219.0,4.24125,17.493133333333333,78.89376666666666,13.808933333333332
north_rustico,2025-10-07 04:00:00+00:00,0.0,1.0,16.96,205.0,4.237916666666666,16.818133333333332,81.0842,13.571933333333334
north_rustico,2025-10-07 05:00:00+00:00,0.0,1.0,16.92,209.0,4.234666666666667,16.3541,82.49686666666666,13.385166666666667
north_rustico,2025-10-07 06:00:00+00:00,0.0,1.0,18.2,220.0,4.232,16.368433333333332,82.48393333333334,13.395533333333333
north_rustico,2025-10-07 07:00:00+00:00,0.0,1.0,16.4,220.0,4.229333333333334,16.737266666666667,80.58326666666667,13.398866666666667
north_rustico,2025-10-07 08:00:00+00:00,0.0,1.0,17.0,222.0,4.226916666666667,17.060433333333332,79.3671,13.479266666666666
north_rustico,2025-10-07 09:00:00+00:00,0.0,1.0,19.0,218.0,4.2244166666666665,16.75166666666667,80.94253333333333,13.480333333333334
north_rustico,2025-10-07 10:00:00+00:00,0.0,27.333333333333332,18.16,239.0,4.272416666666667,16.768800000000002,80.6271,13.437633333333334
north_rustico,2025-10-07 11:00:00+00:00,0.0,174.86666666666667,21.16,236.0,4.326333333333333,17.732566666666667,78.14623333333334,13.892566666666665
north_rustico,2025-10-07 12:00:00+00:00,0.0,350.26666666666665,22.42,218.0,4.318416666666667,18.931433333333334,75.41933333333333,14.508166666666666
north_rustico,2025-10-07 13:00:00+00:00,0.0,473.56666666666666,27.459999999999997,215.0,4.310583333333334,19.514133333333334,74.55846666666666,14.8927
north_rustico,2025-10-07 14:00:00+00:00,0.0,570.8333333333334,29.926666666666666,199.0,4.3109166666666665,19.805733333333333,74.53406666666666,15.168533333333333
north_rustico,2025-10-07 15:00:00+00:00,0.0,658.5666666666667,34.580000000000005,218.0,4.312166666666667,20.878933333333332,69.77459999999999,15.168766666666667
north_rustico,2025-10-07 16:00:00+00:00,0.0,640.6,36.019999999999996,227.0,4.312666666666667,22.195866666666667,65.9349,15.544366666666667
north_rustico,2025-10-07 17:00:00+00:00,0.0,585.6,39.86,209.0,4.3115,22.2787,65.95033333333333,15.629433333333333
north_rustico,2025-10-07 18:00:00+00:00,0.0,474.7,37.74,226.0,4.31075,22.7212,63.4996,15.453533333333333
north_rustico,2025-10-07 19:00:00+00:00,0.0,325.43333333333334,37.26,206.0,4.310583333333333,23.2704,61.69179999999999,15.524533333333332
north_rustico,2025-10-07 20:00:00+00:00,0.0,157.2,31.076666666666668,213.0,4.3095,22.926466666666666,63.98093333333333,15.765600000000001
north_rustico,2025-10-07 21:00:00+00:00,0.0,18.733333333333334,28.876666666666665,197.0,4.299916666666667,20.656566666666667,71.71520000000001,15.373899999999999
north_rustico,2025-10-07 22:00:00+00:00,0.0,1.0,34.74,201.0,4.270833333333333,20.1068,73.52593333333334,15.2477
north_rustico,2025-10-07 23:00:00+00:00,0.0,1.0,36.46,208.0,4.258083333333333,19.820899999999998,74.57206666666667,15.191766666666666
north_rustico,2025-10-08 00:00:00+00:00,0.0,1.0,35.7,202.0,4.251,18.794800000000002,77.5857,14.813566666666667
north_rustico,2025-10-08 01:00:00+00:00,0.0,1.0,33.66,202.0,4.245333333333334,17.985599999999998,80.95620000000001,14.686633333333333
north_rustico,2025-10-08 02:00:00+00:00,0.0,1.0,36.26,198.0,4.2411666666666665,17.4989,83.79706666666667,14.7469
north_rustico,2025-10-08 03:00:00+00:00,0.0,1.0,31.326666666666664,204.0,4.23675,17.619566666666667,83.34179999999999,14.780966666666666
north_rustico,2025-10-08 04:00:00+00:00,0.0,1.0,29.603333333333335,187.0,4.233083333333333,17.413566666666668,83.4046,14.5911
north_rustico,2025-10-08 05:00:00+00:00,0.0,1.0,34.74,190.0,4.229,17.658933333333334,82.67166666666667,14.693999999999999
north_rustico,2025-10-08 06:00:00+00:00,0.0,1.0,39.82,194.0,4.226083333333333,17.749033333333333,81.76003333333333,14.610266666666666
north_rustico,2025-10-08 07:00:00+00:00,0.0,1.0,38.980000000000004,212.0,4.223166666666667,17.830499999999997,81.24473333333334,14.5914
north_rustico,2025-10-08 08:00:00+00:00,0.0,1.0,38.26,216.0,4.22225,18.10873333333333,79.55443333333332,14.536900000000001
north_rustico,2025-10-08 09:00:00+00:00,0.0,1.0,36.22,209.0,4.2203333333333335,18.0649,78.61120000000001,14.3097
north_rustico,2025-10-08 10:00:00+00:00,0.0,11.466666666666667,26.413333333333334,205.0,4.2485,17.989199999999997,79.04816666666667,14.321766666666667
north_rustico,2025-10-08 11:00:00+00:00,0.0,62.7,29.326666666666664,194.0,4.3135,18.369500000000002,78.76096666666668,14.6353
north_rustico,2025-10-08 12:00:00+00:00,0.0,250.66666666666666,37.26,197.0,4.3205,19.6793,75.3291,15.210933333333333
north_rustico,2025-10-08 13:00:00+00:00,0.0,221.43333333333334,37.3,195.0,4.3175,19.7135,76.02126666666666,15.387866666666667
north_rustico,2025-10-08 14:00:00+00:00,0.0,153.46666666666667,33.4,198.0,4.308583333333334,20.1426,75.47303333333333,15.689866666666667
north_rustico,2025-10-08 15:00:00+00:00,0.0,103.5,23.793333333333333,192.0,4.3116666666666665,20.238333333333333,76.2317,15.9399
north_rustico,2025-10-08 16:00:00+00:00,0.0,120.7,37.093333333333334,218.0,4.312666666666667,20.2069,78.61316666666667,16.386
north_rustico,2025-10-08 17:00:00+00:00,0.0,127.13333333333334,23.503333333333334,212.0,4.3155833333333335,19.118100000000002,85.5671,16.662466666666667
north_rustico,2025-10-08 18:00:00+00:00,2.4,54.3,20.616666666666667,184.0,4.309916666666667,18.396666666666665,89.53046666666667,16.654433333333333
north_rustico,2025-10-08 19:00:00+00:00,3.4000000000000004,15.566666666666666,14.973333333333333,183.0,4.302333333333333,17.229966666666666,93.1109,16.1274
north_rustico,2025-10-08 20:00:00+00:00,4.2,9.733333333333333,27.46333333333333,313.0,4.297666666666667,12.9017,93.91683333333334,11.960533333333332
north_rustico,2025-10-08 21:00:00+00:00,2.0,2.1,23.416666666666668,327.0,4.27925,12.341266666666666,93.07486666666667,11.2675
north_rustico,2025-10-08 22:00:00+00:00,2.0,1.0,24.68,341.0,4.25275,11.8894,91.67360000000001,10.590533333333333
north_rustico,2025-10-08 23:00:00+00:00,1.8,1.0,27.506666666666668,8.0,4.2425,11.792200000000001,90.9828,10.3811
north_rustico,2025-10-09 00:00:00+00:00,0.6000000000000001,1.0,29.89333333333333,341.0,4.23425,11.268866666666666,90.9282,9.8537
north_rustico,2025-10-09 01:00:00+00:00,1.0,1.0,27.953333333333333,331.0,4.227666666666667,10.556000000000001,91.0116,9.1609
north_rustico,2025-10-09 02:00:00+00:00,0.0,1.0,27.546666666666667,333.0,4.2210833333333335,10.584533333333333,86.19093333333333,8.382766666666667
north_rustico,2025-10-09 03:00:00+00:00,0.0,1.0,26.746666666666666,321.0,4.217083333333334,10.746266666666665,84.1698,8.1935
north_rustico,2025-10-09 04:00:00+00:00,0.0,1.0,24.716666666666665,330.0,4.213,10.810533333333334,85.14343333333333,8.4262
north_rustico,2025-10-09 05:00:00+00:00,0.0,1.0,27.14,309.0,4.21125,10.505366666666667,88.43263333333333,8.683333333333334
north_rustico,2025-10-09 06:00:00+00:00,0.0,1.0,26.220000000000002,327.0,4.209416666666667,9.9705,88.27496666666666,8.121966666666667
north_rustico,2025-10-09 07:00:00+00:00,0.0,1.0,26.613333333333333,338.0,4.207249999999999,10.443166666666666,80.29396666666666,7.203766666666667
north_rustico,2025-10-09 08:00:00+00:00,0.0,1.0,25.93,329.0,4.205916666666667,10.3701,77.04193333333333,6.528433333333334
north_rustico,2025-10-09 09:00:00+00:00,0.0,1.0,28.88,334.0,4.204916666666667,10.1193,75.32406666666665,5.9615
north_rustico,2025-10-09 10:00:00+00:00,0.0,2.9,27.226666666666667,312.0,4.21175,9.707366666666667,73.25363333333333,5.161666666666666
north_rustico,2025-10-09 11:00:00+00:00,0.0,54.333333333333336,27.59,317.0,4.300583333333333,9.459366666666666,71.78783333333334,4.6323
north_rustico,2025-10-09 12:00:00+00:00,0.0,264.46666666666664,26.776666666666664,331.0,4.317166666666666,10.582500000000001,65.973,4.487266666666667
north_rustico,2025-10-09 13:00:00+00:00,0.0,361.1666666666667,28.953333333333333,310.0,4.320666666666667,10.558266666666666,64.26313333333333,4.094766666666667
north_rustico,2025-10-09 14:00:00+00:00,0.0,306.06666666666666,31.136666666666667,320.0,4.314916666666667,10.090633333333333,63.1215,3.4005
north_rustico,2025-10-09 15:00:00+00:00,0.0,298.7,29.403333333333332,316.0,4.31275,9.842566666666666,60.770966666666666,2.6245333333333334
north_rustico,2025-10-09 16:00:00+00:00,0.2,133.6,27.09333333333333,326.0,4.313833333333333,8.0438,74.21613333333333,3.7146
north_rustico,2025-10-09 17:00:00+00:00,0.0,142.06666666666666,28.506666666666668,312.0,4.307916666666666,8.951033333333333,68.48423333333334,3.4536333333333333
north_rustico,2025-10-09 18:00:00+00:00,1.2000000000000002,70.56666666666666,28.636666666666667,303.0,4.311333333333333,6.675366666666666,83.43623333333333,4.056166666666667
north_rustico,2025-10-09 19:00:00+00:00,0.2,144.6,27.41,309.0,4.31325,7.7921000000000005,78.69803333333333,4.317233333333333
north_rustico,2025-10-09 20:00:00+00:00,0.0,28.733333333333334,27.576666666666664,293.0,4.311833333333333,7.2746,77.4842,3.6031666666666666
north_rustico,2025-10-09 21:00:00+00:00,0.0,3.7666666666666666,24.596666666666668,291.0,4.286583333333334,8.450566666666667,72.08713333333334,3.7003333333333335
north_rustico,2025-10-09 22:00:00+00:00,0.0,1.0,26.453333333333333,309.0,4.246083333333334,9.031033333333333,63.25436666666666,2.4241666666666664
north_rustico,2025-10-09 23:00:00+00:00,0.0,1.0,26.82,329.0,4.228583333333334,9.1233,61.519866666666665,2.1242666666666667
north_rustico,2025-10-10 00:00:00+00:00,0.0,1.0,29.2,336.0,4.218833333333333,9.249133333333333,58.47336666666667,1.5338666666666667
north_rustico,2025-10-10 01:00:00+00:00,0.0,1.0,29.113333333333333,313.0,4.211333333333333,9.082566666666667,58.24093333333334,1.3177666666666668
north_rustico,2025-10-10 02:00:00+00:00,0.0,1.0,24.916666666666668,331.0,4.20775,9.008199999999999,56.85243333333334,0.9172666666666667
north_rustico,2025-10-10 03:00:00+00:00,0.0,1.0,24.15,323.0,4.204666666666667,8.984766666666667,56.03536666666666,0.6928333333333333
north_rustico,2025-10-10 04:00:00+00:00,0.0,1.0,21.413333333333334,319.0,4.201833333333333,8.9218,54.9905,0.37543333333333334
north_rustico,2025-10-10 05:00:00+00:00,0.0,1.0,22.166666666666668,327.0,4.20125,9.088966666666666,54.79373333333333,0.47896666666666665
north_rustico,2025-10-10 06:00:00+00:00,0.0,1.0,22.426666666666666,312.0,4.200833333333334,9.187666666666667,53.65123333333334,0.26663333333333333
north_rustico,2025-10-10 07:00:00+00:00,0.0,1.0,20.003333333333334,307.0,4.200166666666667,9.049766666666667,58.249,1.2928
north_rustico,2025-10-10 08:00:00+00:00,0.0,1.0,23.186666666666667,307.0,4.200333333333334,8.677866666666667,65.37406666666666,2.4966
north_rustico,2025-10-10 09:00:00+00:00,0.0,1.0,15.803333333333335,279.0,4.199166666666667,7.938033333333333,73.58886666666668,3.4995666666666665
north_rustico,2025-10-10 10:00:00+00:00,0.0,5.9,18.0,251.0,4.2245,7.4553666666666665,75.96426666666666,3.4999
north_rustico,2025-10-10 11:00:00+00:00,0.0,66.36666666666666,20.0,263.0,4.317833333333334,6.852633333333333,80.10413333333332,3.6652
north_rustico,2025-10-10 12:00:00+00:00,0.0,351.53333333333336,23.85666666666667,257.0,4.318333333333333,8.639333333333333,75.07289999999999,4.4762
north_rustico,2025-10-10 13:00:00+00:00,0.0,494.0,23.623333333333335,260.0,4.322416666666666,9.472299999999999,64.48296666666667,3.0730333333333335
north_rustico,2025-10-10 14:00:00+00:00,0.0,606.5,26.146666666666665,292.0,4.316083333333333,9.890433333333334,56.048066666666664,1.5394333333333334
north_rustico,2025-10-10 15:00:00+00:00,0.0,617.7,24.513333333333332,288.0,4.316,10.034233333333333,55.970400000000005,1.6541333333333335
north_rustico,2025-10-10 16:00:00+00:00,0.0,631.6666666666666,28.246666666666666,237.0,4.312333333333333,10.275066666666667,55.582233333333335,1.7861333333333334
north_rustico,2025-10-10 17:00:00+00:00,0.0,573.3,28.313333333333333,250.0,4.308750000000001,10.5797,55.006099999999996,1.9238
north_rustico,2025-10-10 18:00:00+00:00,0.0,469.8666666666667,28.763333333333332,260.0,4.3100000000000005,10.9807,54.635466666666666,2.205033333333333
north_rustico,2025-10-10 19:00:00+00:00,0.0,315.1666666666667,28.19,246.0,4.311083333333333,11.643466666666665,50.78333333333333,1.7878
north_rustico,2025-10-10 20:00:00+00:00,0.0,150.8,24.766666666666666,234.0,4.311,12.002333333333333,50.05086666666667,1.9227333333333334
north_rustico,2025-10-10 21:00:00+00:00,0.0,14.533333333333333,11.24,240.0,4.299083333333333,10.8491,56.456133333333334,2.515533333333333
north_rustico,2025-10-10 22:00:00+00:00,0.0,1.0,10.28,226.0,4.257416666666667,9.3765,61.9829,2.4681
north_rustico,2025-10-10 23:00:00+00:00,0.0,1.0,17.48,208.0,4.238916666666666,9.046733333333332,70.01196666666667,3.8592333333333335
north_rustico,2025-10-11 00:00:00+00:00,0.0,1.0,21.243333333333332,218.0,4.226916666666667,9.102533333333334,76.44683333333334,5.189166666666667
north_rustico,2025-10-11 01:00:00+00:00,0.0,1.0,20.043333333333333,208.0,4.21725,8.9282,76.31833333333334,4.995866666666667
north_rustico,2025-10-11 02:00:00+00:00,0.0,1.0,16.36,206.0,4.209833333333333,8.593533333333333,75.37856666666667,4.494433333333333
north_rustico,2025-10-11 03:00:00+00:00,0.0,1.0,18.323333333333334,218.0,4.2050833333333335,8.5864,71.96849999999999,3.8269666666666664
north_rustico,2025-10-11 04:00:00+00:00,0.0,1.0,19.526666666666664,213.0,4.202916666666667,8.494833333333334,70.60656666666667,3.4673333333333334
north_rustico,2025-10-11 05:00:00+00:00,0.0,1.0,22.89333333333333,246.0,4.201333333333333,8.731533333333335,71.21406666666667,3.8165
north_rustico,2025-10-11 06:00:00+00:00,0.0,1.0,22.98,243.0,4.2,8.609233333333332,72.94430000000001,4.041766666666667
north_rustico,2025-10-11 07:00:00+00:00,0.0,1.0,26.276666666666664,229.0,4.198583333333333,8.441866666666666,73.22006666666667,3.9339999999999997
north_rustico,2025-10-11 08:00:00+00:00,0.0,1.0,27.543333333333337,230.0,4.199,8.079566666666667,74.6901,3.865333333333333
north_rustico,2025-10-11 09:00:00+00:00,0.0,1.0,22.366666666666667,229.0,4.197583333333333,7.714799999999999,78.04536666666667,4.1376
north_rustico,2025-10-11 10:00:00+00:00,0.0,20.166666666666668,22.003333333333334,219.0,4.246166666666666,8.0467,80.0018,4.815033333333333
north_rustico,2025-10-11 11:00:00+00:00,0.0,173.06666666666666,22.936666666666667,232.0,4.321666666666666,9.299133333333334,78.63619999999999,5.786866666666667
north_rustico,2025-10-11 12:00:00+00:00,0.0,348.8333333333333,31.970000000000002,229.0,4.319083333333333,10.742600000000001,73.98773333333334,6.297466666666667
north_rustico,2025-10-11 13:00:00+00:00,0.0,491.46666666666664,34.17666666666666,257.0,4.3180000000000005,11.835633333333334,67.69273333333334,6.063833333333333
north_rustico,2025-10-11 14:00:00+00:00,0.0,587.4666666666667,36.940000000000005,254.0,4.31825,12.518566666666667,62.5448,5.570133333333334
north_rustico,2025-10-11 15:00:00+00:00,0.0,634.0666666666667,35.940000000000005,264.0,4.311833333333333,13.229166666666666,58.9256,5.383133333333333
north_rustico,2025-10-11 16:00:00+00:00,0.0,626.9666666666667,39.019999999999996,237.0,4.312083333333333,14.208566666666666,54.69486666666667,5.2275
north_rustico,2025-10-11 17:00:00+00:00,0.0,521.0333333333333,47.14,248.0,4.311,14.840633333333333,51.39866666666667,4.922300000000001
north_rustico,2025-10-11 18:00:00+00:00,0.0,444.6,36.54,248.0,4.310666666666667,15.7593,50.50136666666666,5.516166666666667
north_rustico,2025-10-11 19:00:00+00:00,0.0,317.96666666666664,31.05,258.0,4.310333333333333,16.554266666666667,47.851099999999995,5.4643
north_rustico,2025-10-11 20:00:00+00:00,0.0,134.86666666666667,24.64,264.0,4.311083333333333,16.399933333333333,49.0724,5.689666666666667
north_rustico,2025-10-11 21:00:00+00:00,0.0,12.9,7.4,246.0,4.29975,14.6976,57.91010000000001,6.478233333333334
north_rustico,2025-10-11 22:00:00+00:00,0.0,1.0,12.08,270.0,4.2635,14.051266666666667,64.81076666666667,7.537033333333333
north_rustico,2025-10-11 23:00:00+00:00,0.0,1.0,8.88,316.0,4.2484166666666665,13.098999999999998,70.48780000000001,7.863600000000001
north_rustico,2025-10-12 00:00:00+00:00,0.0,1.0,9.479999999999999,320.0,4.2375,12.957500000000001,71.69366666666666,7.979433333333334
north_rustico,2025-10-12 01:00:00+00:00,0.0,1.0,11.84,320.0,4.229333333333334,13.1169,69.13063333333334,7.5967666666666664
north_rustico,2025-10-12 02:00:00+00:00,0.0,1.0,17.04,314.0,4.22175,13.033166666666666,69.68646666666667,7.624666666666667
north_rustico,2025-10-12 03:00:00+00:00,0.0,1.0,20.81,7.0,4.216166666666667,12.331166666666666,67.8337,6.5629333333333335
north_rustico,2025-10-12 04:00:00+00:00,0.0,1.0,14.68,14.0,4.211833333333334,11.700700000000001,64.35016666666667,5.205966666666667
north_rustico,2025-10-12 05:00:00+00:00,0.0,1.0,14.08,10.0,4.208333333333333,11.2882,63.99523333333333,4.7340333333333335
north_rustico,2025-10-12 06:00:00+00:00,0.0,1.0,11.92,10.0,4.20575,10.7261,64.9206,4.406066666666667
north_rustico,2025-10-12 07:00:00+00:00,0.0,1.0,9.24,15.0,4.2035,10.102766666666666,64.99966666666667,3.8228999999999997
north_rustico,2025-10-12 08:00:00+00:00,0.0,1.0,6.96,8.0,4.20175,9.395666666666667,69.55626666666667,4.119533333333333
north_rustico,2025-10-12 09:00:00+00:00,0.0,1.0,11.68,20.0,4.200166666666667,9.831733333333334,71.0988,4.852666666666667
north_rustico,2025-10-12 10:00:00+00:00,0.0,8.833333333333334,15.72,37.0,4.2428333333333335,10.126299999999999,70.8647,5.088066666666666
north_rustico,2025-10-12 11:00:00+00:00,0.0,166.76666666666668,17.08,45.0,4.324416666666667,12.246766666666668,63.474066666666666,5.5137
north_rustico,2025-10-12 12:00:00+00:00,0.0,337.53333333333336,16.720000000000002,44.0,4.322666666666667,13.662366666666665,59.0321,5.8169
north_rustico,2025-10-12 13:00:00+00:00,0.0,465.1,18.2,52.0,4.31575,13.746,58.199933333333334,5.691033333333333
north_rustico,2025-10-12 14:00:00+00:00,0.0,509.8,18.4,62.0,4.320166666666666,13.356466666666668,60.634033333333335,5.9149
north_rustico,2025-10-12 15:00:00+00:00,0.0,630.3666666666667,20.040000000000003,49.0,4.312833333333333,13.697433333333333,60.91393333333334,6.304433333333334
north_rustico,2025-10-12 16:00:00+00:00,0.0,571.8,20.323333333333334,49.0,4.310833333333334,13.785333333333334,60.3173,6.244566666666667
north_rustico,2025-10-12 17:00:00+00:00,0.0,426.5,18.36,25.0,4.310833333333334,13.171899999999999,62.44253333333334,6.163433333333333
north_rustico,2025-10-12 18:00:00+00:00,0.0,431.1333333333333,21.526666666666664,45.0,4.3116666666666665,13.268433333333332,62.0107,6.156233333333334
north_rustico,2025-10-12 19:00:00+00:00,0.0,266.06666666666666,20.77,46.0,4.311,12.844566666666667,59.6529,5.197900000000001
north_rustico,2025-10-12 20:00:00+00:00,0.0,115.0,19.84,48.0,4.310083333333334,11.331666666666667,64.0593,4.772733333333333
north_rustico,2025-10-12 21:00:00+00:00,0.0,9.333333333333334,18.56,41.0,4.292,9.3256,70.67796666666666,4.28
north_rustico,2025-10-12 22:00:00+00:00,0.0,1.0,17.803333333333335,45.0,4.2545,9.178933333333333,72.43069999999999,4.4901333333333335
north_rustico,2025-10-12 23:00:00+00:00,0.0,1.0,20.043333333333333,55.0,4.2405,9.148333333333333,73.11776666666667,4.595433333333333
north_rustico,2025-10-13 00:00:00+00:00,0.0,1.0,18.883333333333333,51.0,4.229916666666667,9.0369,72.39196666666666,4.345533333333333
north_rustico,2025-10-13 01:00:00+00:00,0.0,1.0,16.92,53.0,4.222833333333333,9.0633,73.074,4.504766666666667
north_rustico,2025-10-13 02:00:00+00:00,0.0,1.0,16.279999999999998,51.0,4.214916666666666,8.948066666666668,73.67686666666667,4.511466666666666
north_rustico,2025-10-13 03:00:00+00:00,0.0,1.0,15.360000000000001,55.0,4.2084166666666665,8.8009,74.32586666666666,4.4944
north_rustico,2025-10-13 04:00:00+00:00,0.0,1.0,15.56,56.0,4.2055,8.864566666666667,74.4078,4.571666666666667
north_rustico,2025-10-13 05:00:00+00:00,0.0,1.0,11.6,55.0,4.20225,7.968633333333333,77.53753333333334,4.2816
north_rustico,2025-10-13 06:00:00+00:00,0.0,1.0,4.680000000000001,225.0,4.198583333333334,5.424266666666667,84.76536666666667,3.0646
north_rustico,2025-10-13 07:00:00+00:00,0.0,1.0,5.760000000000001,226.0,4.195916666666666,4.432533333333334,88.4703,2.6975333333333333
north_rustico,2025-10-13 08:00:00+00:00,0.0,1.0,19.16,55.0,4.193833333333333,8.7373,77.8877,5.090933333333334
north_rustico,2025-10-13 09:00:00+00:00,0.0,1.0,19.883333333333333,45.0,4.194333333333334,9.165533333333334,76.2525,5.2142
north_rustico,2025-10-13 10:00:00+00:00,0.0,17.466666666666665,17.959999999999997,56.0,4.247583333333334,9.483633333333334,75.02483333333333,5.2879
north_rustico,2025-10-13 11:00:00+00:00,0.0,152.73333333333332,20.563333333333333,53.0,4.320583333333333,10.887033333333333,70.86529999999999,5.8143
north_rustico,2025-10-13 12:00:00+00:00,0.0,257.2,8.12,150.0,4.321083333333333,9.8247,75.59920000000001,5.725366666666667
north_rustico,2025-10-13 13:00:00+00:00,0.0,362.1666666666667,18.48,107.0,4.32325,11.546899999999999,70.8633,6.451066666666667
north_rustico,2025-10-13 14:00:00+00:00,0.0,572.7333333333333,20.16,72.0,4.315833333333333,12.356866666666667,68.28693333333334,6.687666666666667
north_rustico,2025-10-13 15:00:00+00:00,0.0,621.2333333333333,17.36,70.0,4.310416666666667,12.795266666666667,66.49656666666667,6.7193000000000005
north_rustico,2025-10-13 16:00:00+00:00,0.0,626.1,17.52,62.0,4.308666666666666,14.338666666666667,61.796166666666664,7.119033333333333
north_rustico,2025-10-13 17:00:00+00:00,0.0,565.5333333333333,17.959999999999997,21.0,4.309,14.902099999999999,63.51416666666667,8.0541
north_rustico,2025-10-13 18:00:00+00:00,0.0,442.1666666666667,15.84,37.0,4.3094166666666665,15.051433333333334,61.9978,7.8409
north_rustico,2025-10-13 19:00:00+00:00,0.0,216.13333333333333,13.92,32.0,4.308916666666667,14.3058,62.74563333333333,7.304866666666667
north_rustico,2025-10-13 20:00:00+00:00,0.0,73.06666666666666,10.56,51.0,4.308,12.8524,67.0767,6.8859
north_rustico,2025-10-13 21:00:00+00:00,0.0,6.433333333333334,8.96,53.0,4.293833333333334,10.7441,74.08113333333334,6.321666666666667
north_rustico,2025-10-13 22:00:00+00:00,0.0,1.0,5.88,49.0,4.256666666666667,8.2927,81.73583333333333,5.3332999999999995
north_rustico,2025-10-13 23:00:00+00:00,0.0,1.0,5.680000000000001,260.0,4.241083333333333,5.523666666666667,89.43086666666666,3.9275333333333333
north_rustico,2025-10-14 00:00:00+00:00,0.0,1.0,4.84,244.0,4.22825,4.6270999999999995,91.347,3.3414
north_rustico,2025-10-14 01:00:00+00:00,0.0,1.0,4.5600000000000005,244.0,4.218416666666667,4.0058,92.64396666666667,2.9246666666666665
north_rustico,2025-10-14 02:00:00+00:00,0.0,1.0,3.8,244.0,4.208833333333334,3.6841333333333335,93.11333333333333,2.6765333333333334
north_rustico,2025-10-14 03:00:00+00:00,0.0,1.0,3.92,244.0,4.202416666666667,3.3094333333333332,93.5695,2.3729666666666662
north_rustico,2025-10-14 04:00:00+00:00,0.0,1.0,3.44,244.0,4.1970833333333335,3.1365333333333334,93.98886666666667,2.2637
north_rustico,2025-10-14 05:00:00+00:00,0.0,1.0,3.8400000000000003,244.0,4.1930000000000005,2.9463,94.1769,2.1025
north_rustico,2025-10-14 06:00:00+00:00,0.0,1.0,2.96,244.0,4.18975,2.8684000000000003,94.17360000000001,2.0246
north_rustico,2025-10-14 07:00:00+00:00,0.0,1.0,3.04,244.0,4.18825,2.603833333333333,94.30613333333334,1.7811666666666668
north_rustico,2025-10-14 08:00:00+00:00,0.0,1.0,4.24,244.0,4.1859166666666665,2.3186000000000004,94.55940000000001,1.5347333333333333
north_rustico,2025-10-14 09:00:00+00:00,0.0,1.0,3.4,244.0,4.1845,2.445133333333333,94.64016666666666,1.6725999999999999
north_rustico,2025-10-14 10:00:00+00:00,0.0,28.166666666666668,3.32,244.0,4.250666666666667,3.142233333333333,94.40366666666667,2.3302
north_rustico,2025-10-14 11:00:00+00:00,0.0,180.03333333333333,1.68,244.0,4.314666666666667,7.5619,84.6053,5.121166666666666
north_rustico,2025-10-14 12:00:00+00:00,0.0,355.6666666666667,10.68,244.0,4.319583333333333,12.043800000000001,80.25636666666666,8.736600000000001
north_rustico,2025-10-14 13:00:00+00:00,0.0,484.4,13.2,285.0,4.321000000000001,13.488633333333333,76.58666666666666,9.464766666666666
north_rustico,2025-10-14 14:00:00+00:00,0.0,604.6666666666666,10.92,303.0,4.316416666666666,14.182166666666665,72.15033333333334,9.2416
north_rustico,2025-10-14 15:00:00+00:00,0.0,605.9666666666667,11.24,281.0,4.320333333333333,14.461633333333333,65.46043333333334,8.039733333333334
north_rustico,2025-10-14 16:00:00+00:00,0.0,428.43333333333334,5.84,250.0,4.320333333333333,16.2247,55.801833333333335,7.329366666666667
north_rustico,2025-10-14 17:00:00+00:00,0.0,620.5,11.8,314.0,4.31625,18.0285,60.82386666666667,10.289033333333332
north_rustico,2025-10-14 18:00:00+00:00,0.0,321.1666666666667,11.84,354.0,4.3109166666666665,16.958233333333332,57.3184,8.4018
north_rustico,2025-10-14 19:00:00+00:00,0.0,123.4,6.48,22.0,4.31575,14.134133333333333,66.05583333333333,7.9028
north_rustico,2025-10-14 20:00:00+00:00,0.0,42.56666666666667,4.2,39.0,4.306333333333334,13.0791,69.93746666666667,7.7264
north_rustico,2025-10-14 21:00:00+00:00,0.0,5.133333333333334,1.84,79.0,4.284083333333333,12.0652,77.36906666666667,8.235566666666667
north_rustico,2025-10-14 22:00:00+00:00,0.0,1.0,0.7200000000000001,216.0,4.255,10.909266666666667,81.77576666666667,7.9274000000000004
north_rustico,2025-10-14 23:00:00+00:00,0.0,1.0,1.6,216.0,4.2428333333333335,10.375866666666667,83.46610000000001,7.706133333333333
north_rustico,2025-10-15 00:00:00+00:00,0.0,1.0,5.28,216.0,4.2345,10.429533333333334,83.37683333333332,7.7416
north_rustico,2025-10-15 01:00:00+00:00,0.0,1.0,4.24,213.0,4.226666666666667,10.4473,82.39003333333334,7.584533333333334
north_rustico,2025-10-15 02:00:00+00:00,0.0,1.0,3.48,187.0,4.220083333333333,10.731166666666667,82.87476666666666,7.943933333333334
north_rustico,2025-10-15 03:00:00+00:00,0.0,1.0,5.36,260.0,4.2147499999999996,11.2238,81.20270000000001,8.127033333333333
north_rustico,2025-10-15 04:00:00+00:00,0.0,1.0,2.92,191.0,4.21075,10.4973,84.70606666666666,8.042766666666667
north_rustico,2025-10-15 05:00:00+00:00,0.0,1.0,4.5600000000000005,191.0,4.207166666666667,10.6932,84.00506666666666,8.099733333333333
north_rustico,2025-10-15 06:00:00+00:00,0.0,1.0,14.56,258.0,4.20475,11.725033333333332,77.9482,8.017866666666666
north_rustico,2025-10-15 07:00:00+00:00,0.0,1.0,6.96,265.0,4.203833333333333,11.243133333333333,79.3088,7.804133333333334
north_rustico,2025-10-15 08:00:00+00:00,0.0,1.0,4.16,240.0,4.2026666666666666,11.0436,80.50806666666668,7.830433333333334
north_rustico,2025-10-15 09:00:00+00:00,0.0,1.0,5.0,248.0,4.20225,10.791966666666667,81.55633333333334,7.773300000000001
north_rustico,2025-10-15 10:00:00+00:00,0.0,2.533333333333333,3.08,188.0,4.208666666666667,9.623,86.09660000000001,7.418066666666666
north_rustico,2025-10-15 11:00:00+00:00,0.0,56.03333333333333,4.64,208.0,4.298,9.794566666666666,85.03479999999999,7.4012
north_rustico,2025-10-15 12:00:00+00:00,0.0,254.2,12.2,246.0,4.320333333333333,12.031633333333334,77.1793,8.168966666666666
north_rustico,2025-10-15 13:00:00+00:00,0.0,467.93333333333334,7.680000000000001,258.0,4.321666666666666,13.9226,69.40453333333333,8.408833333333332
north_rustico,2025-10-15 14:00:00+00:00,0.0,618.1,10.32,254.0,4.32275,15.739966666666668,63.05403333333334,8.7327
north_rustico,2025-10-15 15:00:00+00:00,0.0,340.9,13.28,320.0,4.3196666666666665,14.495933333333333,71.18983333333334,9.3492
north_rustico,2025-10-15 16:00:00+00:00,0.0,362.76666666666665,11.6,323.0,4.312416666666667,15.128733333333335,68.84663333333333,9.461233333333332
north_rustico,2025-10-15 17:00:00+00:00,0.0,286.46666666666664,9.639999999999999,11.0,4.31425,15.145933333333334,70.22663333333334,9.776533333333333
north_rustico,2025-10-15 18:00:00+00:00,0.0,207.63333333333333,11.32,0.0,4.312416666666667,14.433033333333332,73.35003333333334,9.733133333333335
north_rustico,2025-10-15 19:00:00+00:00,0.0,102.96666666666667,10.080000000000002,321.0,4.314166666666667,13.334966666666666,76.14936666666668,9.236433333333334
north_rustico,2025-10-15 20:00:00+00:00,0.0,53.13333333333333,11.6,309.0,4.314583333333333,12.895900000000001,76.41563333333333,8.859466666666666
north_rustico,2025-10-15 21:00:00+00:00,0.0,4.833333333333333,8.56,305.0,4.289333333333333,11.8329,80.25513333333333,8.550833333333333
north_rustico,2025-10-15 22:00:00+00:00,0.0,1.0,7.04,303.0,4.258083333333333,11.142266666666666,83.42593333333333,8.450899999999999
north_rustico,2025-10-15 23:00:00+00:00,0.0,1.0,10.56,320.0,4.244416666666667,11.712833333333332,83.0552,8.943299999999999
north_rustico,2025-10-16 00:00:00+00:00,0.0,1.0,25.7,53.0,4.236666666666667,12.200366666666667,81.93503333333334,9.2193
north_rustico,2025-10-16 01:00:00+00:00,0.0,1.0,20.4,41.0,4.230083333333334,11.85,81.463,8.791733333333333
north_rustico,2025-10-16 02:00:00+00:00,0.0,1.0,18.959999999999997,34.0,4.223916666666667,11.6249,81.34763333333333,8.5507
north_rustico,2025-10-16 03:00:00+00:00,0.0,1.0,20.2,34.0,4.2175,11.471066666666667,81.76413333333333,8.475866666666667
north_rustico,2025-10-16 04:00:00+00:00,0.0,1.0,17.279999999999998,35.0,4.211749999999999,11.373233333333333,80.60223333333333,8.169066666666668
north_rustico,2025-10-16 05:00:00+00:00,0.0,1.0,14.0,17.0,4.2084166666666665,11.1966,81.03880000000001,8.075899999999999
north_rustico,2025-10-16 06:00:00+00:00,0.0,1.0,10.520000000000001,8.0,4.2055,10.902800000000001,82.4069,8.035333333333334
north_rustico,2025-10-16 07:00:00+00:00,0.0,1.0,10.360000000000001,352.0,4.203166666666667,10.766233333333332,83.1721,8.037666666666667
north_rustico,2025-10-16 08:00:00+00:00,0.0,1.0,10.360000000000001,6.0,4.20275,10.531733333333333,84.4835,8.0377
north_rustico,2025-10-16 09:00:00+00:00,0.0,1.0,10.28,331.0,4.200916666666667,10.3766,85.8469,8.120966666666666
north_rustico,2025-10-16 10:00:00+00:00,0.0,4.933333333333334,10.84,4.0,4.211333333333333,10.848366666666667,84.0044,8.2646
north_rustico,2025-10-16 11:00:00+00:00,0.0,73.06666666666666,10.72,10.0,4.3135,11.659866666666666,81.4343,8.597933333333334
north_rustico,2025-10-16 12:00:00+00:00,0.0,174.73333333333332,13.32,13.0,4.324833333333333,13.169066666666668,76.76219999999999,9.1911
north_rustico,2025-10-16 13:00:00+00:00,0.0,193.03333333333333,14.28,28.0,4.320666666666667,12.9625,77.94986666666667,9.219166666666666
north_rustico,2025-10-16 14:00:00+00:00,0.0,223.66666666666666,15.879999999999999,42.0,4.318416666666667,13.351433333333334,76.82146666666667,9.3828
north_rustico,2025-10-16 15:00:00+00:00,0.0,394.9,17.48,32.0,4.319500000000001,14.856333333333334,74.19843333333333,10.314333333333334
north_rustico,2025-10-16 16:00:00+00:00,0.0,330.76666666666665,22.490000000000002,44.0,4.320333333333333,14.7319,74.4499,10.249866666666666
north_rustico,2025-10-16 17:00:00+00:00,0.0,295.3666666666667,24.63,55.0,4.312583333333333,14.532466666666666,73.5216,9.8709
north_rustico,2025-10-16 18:00:00+00:00,0.0,179.63333333333333,24.266666666666666,41.0,4.3094166666666665,14.2101,78.13003333333333,10.460566666666667
north_rustico,2025-10-16 19:00:00+00:00,0.0,81.26666666666667,26.616666666666667,49.0,4.316916666666667,13.555900000000001,83.18383333333333,10.770333333333333
north_rustico,2025-10-16 20:00:00+00:00,0.0,35.46666666666667,29.846666666666668,53.0,4.3084999999999996,13.154,82.44203333333333,10.244200000000001
north_rustico,2025-10-16 21:00:00+00:00,0.0,2.433333333333333,28.353333333333335,44.0,4.279833333333333,12.663499999999999,82.2633,9.732066666666666
north_rustico,2025-10-16 22:00:00+00:00,0.0,1.0,25.603333333333335,41.0,4.2530833333333335,12.53,82.76273333333333,9.6914
north_rustico,2025-10-16 23:00:00+00:00,0.0,1.0,26.736666666666668,29.0,4.2411666666666665,12.402700000000001,82.95716666666667,9.601666666666667
north_rustico,2025-10-17 00:00:00+00:00,0.0,1.0,27.06,28.0,4.2325,12.271933333333333,81.73866666666666,9.253233333333332
north_rustico,2025-10-17 01:00:00+00:00,0.0,1.0,26.990000000000002,27.0,4.2251666666666665,12.122333333333334,80.5489,8.889966666666668
north_rustico,2025-10-17 02:00:00+00:00,0.0,1.0,26.246666666666666,22.0,4.218416666666667,11.5034,81.05839999999999,8.378233333333334
north_rustico,2025-10-17 03:00:00+00:00,0.0,1.0,23.256666666666668,4.0,4.212583333333334,11.2188,78.78826666666667,7.683400000000001
north_rustico,2025-10-17 04:00:00+00:00,0.0,1.0,24.476666666666667,28.0,4.207916666666667,11.583466666666668,77.15993333333333,7.731733333333334
north_rustico,2025-10-17 05:00:00+00:00,0.0,1.0,26.459999999999997,27.0,4.206083333333333,11.782866666666667,78.14116666666668,8.1098
north_rustico,2025-10-17 06:00:00+00:00,0.0,1.0,29.65666666666667,35.0,4.204166666666667,11.827200000000001,81.19016666666667,8.719466666666667
north_rustico,2025-10-17 07:00:00+00:00,0.0,1.0,26.176666666666666,22.0,4.2035,11.708466666666668,81.58133333333333,8.674433333333333
north_rustico,2025-10-17 08:00:00+00:00,0.0,1.0,24.63,28.0,4.202583333333333,11.7328,81.92483333333332,8.760533333333333
north_rustico,2025-10-17 09:00:00+00:00,0.0,1.0,23.183333333333334,29.0,4.201666666666667,11.666933333333333,81.80363333333334,8.672866666666666
north_rustico,2025-10-17 10:00:00+00:00,0.0,2.0,21.896666666666665,7.0,4.204666666666667,11.821466666666668,77.865,8.094166666666666
north_rustico,2025-10-17 11:00:00+00:00,0.0,30.633333333333333,20.363333333333333,4.0,4.2828333333333335,11.6113,80.5207,8.382666666666667
north_rustico,2025-10-17 12:00:00+00:00,0.0,112.5,23.63,17.0,4.31975,11.3983,85.95406666666666,9.1431
north_rustico,2025-10-17 13:00:00+00:00,0.0,175.06666666666666,22.09,0.0,4.319916666666667,11.3875,88.23216666666667,9.521766666666668
north_rustico,2025-10-17 14:00:00+00:00,0.0,254.03333333333333,21.61,14.0,4.322416666666666,11.9223,86.8824,9.818133333333332
north_rustico,2025-10-17 15:00:00+00:00,0.0,168.5,21.05,358.0,4.315083333333333,12.0574,87.41753333333332,10.042033333333334
north_rustico,2025-10-17 16:00:00+00:00,0.8,153.26666666666668,18.08,350.0,4.317083333333334,11.877966666666667,90.77373333333334,10.431366666666667
north_rustico,2025-10-17 17:00:00+00:00,0.0,121.9,14.92,350.0,4.31375,12.055966666666666,90.94716666666666,10.636500000000002
north_rustico,2025-10-17 18:00:00+00:00,0.0,56.0,15.84,15.0,4.3115,12.031633333333334,90.52766666666666,10.542366666666668
north_rustico,2025-10-17 19:00:00+00:00,0.0,49.0,19.0,8.0,4.3101666666666665,12.168233333333335,89.16460000000001,10.450266666666666
north_rustico,2025-10-17 20:00:00+00:00,0.0,11.766666666666667,20.326666666666664,22.0,4.2985,11.950833333333334,90.07143333333333,10.387166666666667
north_rustico,2025-10-17 21:00:00+00:00,0.0,1.2333333333333334,21.81,13.0,4.267833333333333,11.817866666666667,90.96223333333334,10.4033
north_rustico,2025-10-17 22:00:00+00:00,0.0,1.0,23.946666666666665,17.0,4.245666666666667,11.887333333333334,90.43856666666667,10.385166666666667
north_rustico,2025-10-17 23:00:00+00:00,0.0,1.0,25.279999999999998,25.0,4.234083333333333,11.772766666666666,90.6328,10.303933333333333
north_rustico,2025-10-18 00:00:00+00:00,0.0,1.0,24.913333333333334,29.0,4.2255,11.588366666666667,91.2435,10.222100000000001
north_rustico,2025-10-18 01:00:00+00:00,0.0,1.0,28.073333333333334,31.0,4.217,11.384733333333335,89.61363333333334,9.751166666666666
north_rustico,2025-10-18 02:00:00+00:00,0.0,1.0,27.676666666666666,28.0,4.210833333333333,11.2467,87.1889,9.2028
north_rustico,2025-10-18 03:00:00+00:00,0.0,1.0,26.866666666666667,25.0,4.20725,11.441166666666668,83.92363333333333,8.831999999999999
north_rustico,2025-10-18 04:00:00+00:00,0.0,1.0,27.016666666666666,18.0,4.204833333333333,11.416166666666667,82.71133333333334,8.591966666666668
north_rustico,2025-10-18 05:00:00+00:00,0.0,1.0,23.90666666666667,27.0,4.203,11.566266666666667,82.32469999999999,8.669733333333333
north_rustico,2025-10-18 06:00:00+00:00,0.0,1.0,23.913333333333334,15.0,4.201333333333333,11.2723,84.93473333333333,8.8432
north_rustico,2025-10-18 07:00:00+00:00,0.0,1.0,21.89,351.0,4.200333333333334,11.155933333333333,84.49983333333333,8.651333333333334
north_rustico,2025-10-18 08:00:00+00:00,0.0,1.0,24.73,6.0,4.2,11.030833333333334,85.50023333333334,8.699900000000001
north_rustico,2025-10-18 09:00:00+00:00,0.0,1.0,22.703333333333333,351.0,4.197666666666667,10.4324,90.20336666666667,8.9065
north_rustico,2025-10-18 10:00:00+00:00,0.0,2.6666666666666665,21.293333333333333,4.0,4.202833333333333,10.570366666666667,87.96759999999999,8.6711
north_rustico,2025-10-18 11:00:00+00:00,0.0,53.4,23.06,351.0,4.291416666666667,11.1173,85.66803333333334,8.8181
north_rustico,2025-10-18 12:00:00+00:00,0.0,97.6,21.326666666666664,358.0,4.321666666666666,11.1923,87.11406666666667,9.139766666666667
north_rustico,2025-10-18 13:00:00+00:00,0.0,147.2,22.05,350.0,4.319583333333333,11.5298,86.40079999999999,9.3469
north_rustico,2025-10-18 14:00:00+00:00,0.0,206.3,21.723333333333336,358.0,4.319500000000001,12.184733333333334,83.70353333333333,9.520100000000001
north_rustico,2025-10-18 15:00:00+00:00,0.2,229.23333333333332,22.490000000000002,343.0,4.318833333333333,12.0266,84.93716666666666,9.581633333333334
north_rustico,2025-10-18 16:00:00+00:00,0.0,279.7,21.69333333333333,28.0,4.3155833333333335,12.341299999999999,83.8293,9.695433333333334
north_rustico,2025-10-18 17:00:00+00:00,0.0,186.23333333333332,20.61,10.0,4.3145,12.1789,83.05456666666667,9.3963
north_rustico,2025-10-18 18:00:00+00:00,0.0,98.96666666666667,22.25,0.0,4.316583333333333,11.646266666666666,83.6556,8.9817
north_rustico,2025-10-18 19:00:00+00:00,0.0,109.26666666666667,19.720000000000002,358.0,4.3125,11.045066666666665,89.35163333333334,9.371533333333334
north_rustico,2025-10-18 20:00:00+00:00,0.0,21.433333333333334,21.043333333333333,3.0,4.304916666666666,10.734733333333335,87.9016,8.8226
north_rustico,2025-10-18 21:00:00+00:00,0.2,1.8,19.563333333333333,7.0,4.276,10.462466666666668,90.3605,8.961066666666666
north_rustico,2025-10-18 22:00:00+00:00,0.0,1.0,21.816666666666666,7.0,4.2495,10.400833333333333,91.47663333333334,9.0838
north_rustico,2025-10-18 23:00:00+00:00,0.0,1.0,19.203333333333333,8.0,4.237416666666667,10.4403,89.84113333333333,8.854199999999999
north_rustico,2025-10-19 00:00:00+00:00,0.0,1.0,18.6,357.0,4.227416666666667,10.656866666666668,87.66633333333333,8.705433333333334
north_rustico,2025-10-19 01:00:00+00:00,0.0,1.0,18.363333333333333,8.0,4.2205,10.383133333333335,89.19143333333334,8.691233333333333
north_rustico,2025-10-19 02:00:00+00:00,0.0,1.0,18.44333333333333,17.0,4.21275,10.498866666666666,89.01413333333333,8.774966666666668
north_rustico,2025-10-19 03:00:00+00:00,0.0,1.0,18.163333333333334,357.0,4.207333333333334,10.8406,88.38733333333333,9.0085
north_rustico,2025-10-19 04:00:00+00:00,0.0,1.0,17.279999999999998,8.0,4.20425,10.637533333333332,90.81786666666667,9.2108
north_rustico,2025-10-19 05:00:00+00:00,0.0,1.0,13.6,21.0,4.202916666666667,10.545233333333332,92.45086666666666,9.384366666666667
north_rustico,2025-10-19 06:00:00+00:00,0.0,1.0,12.360000000000001,350.0,4.201083333333334,10.787733333333334,92.09773333333332,9.5677
north_rustico,2025-10-19 07:00:00+00:00,0.2,1.0,13.76,327.0,4.200166666666667,10.932833333333333,93.38163333333334,9.918233333333335
north_rustico,2025-10-19 08:00:00+00:00,0.0,1.0,17.6,329.0,4.199333333333333,10.983566666666666,93.95006666666667,10.059533333333333
north_rustico,2025-10-19 09:00:00+00:00,0.0,1.0,19.64,334.0,4.1987499999999995,10.634666666666668,94.1022,9.736766666666666
north_rustico,2025-10-19 10:00:00+00:00,0.0,1.9333333333333333,17.44,348.0,4.201583333333333,10.821333333333333,93.7608,9.8681
north_rustico,2025-10-19 11:00:00+00:00,0.0,18.533333333333335,15.04,352.0,4.271,11.2525,93.79643333333334,10.3021
north_rustico,2025-10-19 12:00:00+00:00,0.0,80.1,13.84,6.0,4.317833333333334,11.782866666666667,93.27823333333335,10.7457
north_rustico,2025-10-19 13:00:00+00:00,0.0,176.73333333333332,16.04,13.0,4.320916666666666,12.399766666666666,90.84013333333334,10.958566666666666
north_rustico,2025-10-19 14:00:00+00:00,0.0,215.46666666666667,16.16,341.0,4.32375,13.104066666666666,88.34173333333334,11.234566666666666
north_rustico,2025-10-19 15:00:00+00:00,0.0,387.1,16.12,15.0,4.3189166666666665,14.4453,82.30776666666667,11.461766666666668
north_rustico,2025-10-19 16:00:00+00:00,0.0,333.73333333333335,13.84,17.0,4.316083333333333,14.616833333333334,80.43599999999999,11.3011
north_rustico,2025-10-19 17:00:00+00:00,0.0,286.56666666666666,13.4,1.0,4.31625,14.250766666666667,80.83486666666666,11.0196
north_rustico,2025-10-19 18:00:00+00:00,0.0,209.9,13.479999999999999,347.0,4.314666666666667,13.8904,82.3488,10.947733333333334
north_rustico,2025-10-19 19:00:00+00:00,0.0,106.36666666666666,13.0,327.0,4.3140833333333335,13.169833333333335,84.7283,10.669533333333334
north_rustico,2025-10-19 20:00:00+00:00,0.0,42.233333333333334,10.84,4.0,4.3109166666666665,12.8295,86.46166666666666,10.639733333333334
north_rustico,2025-10-19 21:00:00+00:00,0.0,2.5,6.88,334.0,4.2835833333333335,11.666400000000001,89.36536666666666,9.986166666666666
north_rustico,2025-10-19 22:00:00+00:00,0.0,1.0,6.96,341.0,4.255083333333333,11.643466666666665,90.644,10.177833333333332
north_rustico,2025-10-19 23:00:00+00:00,0.0,1.0,2.64,8.0,4.243333333333333,11.336,91.01843333333333,9.934533333333333
north_rustico,2025-10-20 00:00:00+00:00,0.0,1.0,6.16,21.0,4.234916666666667,11.8694,89.84336666666667,10.266366666666666
north_rustico,2025-10-20 01:00:00+00:00,0.0,1.0,4.24,51.0,4.227666666666667,11.231766666666667,90.59243333333333,9.755333333333335
north_rustico,2025-10-20 02:00:00+00:00,0.0,1.0,3.92,291.0,4.219416666666667,9.814633333333335,94.3249,8.956166666666666
north_rustico,2025-10-20 03:00:00+00:00,0.0,1.0,4.96,291.0,4.211916666666666,8.790933333333333,95.38296666666666,8.102266666666667
north_rustico,2025-10-20 04:00:00+00:00,0.0,1.0,3.36,291.0,4.206083333333333,8.197566666666667,95.86163333333334,7.5845
north_rustico,2025-10-20 05:00:00+00:00,0.0,1.0,2.8800000000000003,291.0,4.2011666666666665,8.329766666666666,95.98893333333334,7.7358666666666664
north_rustico,2025-10-20 06:00:00+00:00,0.0,1.0,2.24,291.0,4.198250000000001,8.569899999999999,96.15446666666666,8.0007
north_rustico,2025-10-20 07:00:00+00:00,0.0,1.0,5.760000000000001,291.0,4.19725,9.658199999999999,94.42396666666667,8.813966666666666
north_rustico,2025-10-20 08:00:00+00:00,0.0,1.0,2.36,178.0,4.197,9.4894,91.81616666666667,8.2315
north_rustico,2025-10-20 09:00:00+00:00,0.0,1.0,1.12,187.0,4.196000000000001,8.339733333333333,94.42213333333332,7.504566666666666
north_rustico,2025-10-20 10:00:00+00:00,0.0,2.566666666666667,2.68,213.0,4.199416666666667,8.777233333333333,94.46093333333333,7.945933333333333
north_rustico,2025-10-20 11:00:00+00:00,0.0,30.433333333333334,2.04,213.0,4.28725,9.732533333333333,93.66953333333335,8.771133333333333
north_rustico,2025-10-20 12:00:00+00:00,0.0,52.63333333333333,4.319999999999999,213.0,4.308833333333333,10.6397,90.8796,9.2216
north_rustico,2025-10-20 13:00:00+00:00,0.0,94.06666666666666,3.44,187.0,4.317,10.967966666666666,89.6349,9.3427
north_rustico,2025-10-20 14:00:00+00:00,0.0,130.7,10.56,187.0,4.320916666666666,11.8701,85.9863,9.6112
north_rustico,2025-10-20 15:00:00+00:00,0.0,175.53333333333333,15.520000000000001,133.0,4.311,12.114466666666667,83.84996666666666,9.478766666666667
north_rustico,2025-10-20 16:00:00+00:00,0.0,269.43333333333334,20.12,128.0,4.324333333333334,12.444099999999999,82.27513333333333,9.519466666666666
north_rustico,2025-10-20 17:00:00+00:00,0.0,182.03333333333333,22.94,145.0,4.316,12.105333333333334,83.7444,9.451266666666667
north_rustico,2025-10-20 18:00:00+00:00,0.0,105.9,22.013333333333332,119.0,4.307916666666666,12.035266666666667,84.40503333333332,9.499166666666667
north_rustico,2025-10-20 19:00:00+00:00,0.0,56.9,21.986666666666668,147.0,4.300833333333333,12.048133333333334,85.24686666666666,9.660066666666667
north_rustico,2025-10-20 20:00:00+00:00,0.0,14.966666666666667,20.85,152.0,4.28875,12.184633333333332,84.59400000000001,9.679366666666668
north_rustico,2025-10-20 21:00:00+00:00,0.0,1.6333333333333333,9.28,143.0,4.222583333333334,12.294766666666668,84.95443333333333,9.850433333333333
north_rustico,2025-10-20 22:00:00+00:00,0.0,1.0,7.239999999999999,110.0,4.2130833333333335,12.140266666666667,86.59186666666666,9.984433333333333
north_rustico,2025-10-20 23:00:00+00:00,0.0,1.0,15.28,104.0,4.207083333333333,12.6086,85.1266,10.186733333333333
north_rustico,2025-10-21 00:00:00+00:00,0.0,1.0,19.279999999999998,153.0,4.203916666666667,12.753033333333333,83.71356666666667,10.0807
north_rustico,2025-10-21 01:00:00+00:00,0.0,1.0,17.759999999999998,157.0,4.201833333333333,12.702166666666667,83.37983333333334,9.971433333333332
north_rustico,2025-10-21 02:00:00+00:00,0.0,1.0,17.279999999999998,154.0,4.199833333333333,12.867366666666667,84.22493333333334,10.283566666666667
north_rustico,2025-10-21 03:00:00+00:00,0.0,1.0,17.6,131.0,4.198916666666666,12.367633333333334,89.99153333333334,10.785033333333333
north_rustico,2025-10-21 04:00:00+00:00,0.0,1.0,14.28,121.0,4.197,12.169033333333335,89.47156666666666,10.501866666666666
north_rustico,2025-10-21 05:00:00+00:00,0.0,1.0,20.603333333333335,125.0,4.196416666666667,12.091066666666668,88.20713333333333,10.211933333333333
north_rustico,2025-10-21 06:00:00+00:00,0.0,1.0,14.479999999999999,135.0,4.195416666666667,12.160333333333334,88.02986666666668,10.250533333333333
north_rustico,2025-10-21 07:00:00+00:00,0.0,1.0,20.613333333333333,140.0,4.195416666666667,12.250466666666666,88.34989999999999,10.393633333333334
north_rustico,2025-10-21 08:00:00+00:00,0.0,1.0,16.88,125.0,4.19475,12.086833333333335,89.9795,10.505633333333332
north_rustico,2025-10-21 09:00:00+00:00,0.0,1.0,20.959999999999997,104.0,4.195333333333333,12.089566666666666,89.23413333333333,10.3841
north_rustico,2025-10-21 10:00:00+00:00,0.0,10.8,19.73,142.0,4.216083333333334,12.177633333333334,88.26066666666667,10.3064
north_rustico,2025-10-21 11:00:00+00:00,0.2,9.666666666666666,17.57,129.0,4.269583333333333,12.432033333333333,88.8511,10.6572
north_rustico,2025-10-21 12:00:00+00:00,0.8,26.0,19.56,118.0,4.29325,12.456966666666666,91.06753333333333,11.053500000000001
north_rustico,2025-10-21 13:00:00+00:00,0.8,62.6,20.866666666666667,124.0,4.303833333333333,12.549266666666666,91.86236666666667,11.275766666666668
north_rustico,2025-10-21 14:00:00+00:00,1.2000000000000002,75.7,25.616666666666667,91.0,4.306583333333333,12.826633333333332,91.81923333333333,11.5436
north_rustico,2025-10-21 15:00:00+00:00,3.2,57.53333333333333,33.24333333333333,107.0,4.305083333333333,12.9061,92.6912,11.765133333333333
north_rustico,2025-10-21 16:00:00+00:00,0.2,256.96666666666664,21.293333333333333,122.0,4.3135,13.926233333333332,89.73553333333332,12.280366666666668
north_rustico,2025-10-21 17:00:00+00:00,0.0,149.9,18.40666666666667,108.0,4.313583333333333,14.018333333333334,90.39646666666665,12.486266666666667
north_rustico,2025-10-21 18:00:00+00:00,0.0,80.2,16.92,119.0,4.307333333333333,13.919,93.75536666666667,12.945466666666668
north_rustico,2025-10-21 19:00:00+00:00,0.0,88.73333333333333,8.72,152.0,4.311166666666667,14.3087,91.97056666666667,13.037700000000001
north_rustico,2025-10-21 20:00:00+00:00,0.0,38.233333333333334,5.96,175.0,4.303083333333333,14.3094,91.87656666666666,13.023133333333334
north_rustico,2025-10-21 21:00:00+00:00,0.0,2.6333333333333333,9.639999999999999,160.0,4.275333333333333,13.919766666666668,92.28496666666666,12.7046
north_rustico,2025-10-21 22:00:00+00:00,0.0,1.0,14.443333333333333,174.0,4.249333333333333,13.440733333333332,91.67373333333333,12.128433333333334
north_rustico,2025-10-21 23:00:00+00:00,0.0,1.0,8.4,199.0,4.235916666666667,12.960966666666668,91.73986666666666,11.663966666666665
north_rustico,2025-10-22 00:00:00+00:00,0.0,1.0,11.84,181.0,4.226083333333333,12.6508,92.6928,11.512633333333333
north_rustico,2025-10-22 01:00:00+00:00,0.0,1.0,4.760000000000001,188.0,4.218916666666667,12.504199999999999,92.71263333333333,11.3705
north_rustico,2025-10-22 02:00:00+00:00,0.0,1.0,6.08,178.0,4.212166666666667,12.440633333333333,93.04603333333333,11.361133333333333
north_rustico,2025-10-22 03:00:00+00:00,0.0,1.0,14.6,219.0,4.206083333333333,12.3705,88.606,10.555100000000001
north_rustico,2025-10-22 04:00:00+00:00,0.0,1.0,12.32,212.0,4.20175,11.8307,87.62456666666667,9.856599999999998
north_rustico,2025-10-22 05:00:00+00:00,0.0,1.0,13.360000000000001,229.0,4.198583333333334,12.035233333333334,84.4021,9.4983
north_rustico,2025-10-22 06:00:00+00:00,0.0,1.0,4.12,234.0,4.196833333333333,11.6712,86.34806666666667,9.480733333333335
north_rustico,2025-10-22 07:00:00+00:00,0.0,1.0,5.44,192.0,4.195416666666667,11.550533333333334,87.66493333333332,9.586766666666668
north_rustico,2025-10-22 08:00:00+00:00,0.0,1.0,4.680000000000001,183.0,4.194416666666666,11.5027,88.44789999999999,9.672533333333332
north_rustico,2025-10-22 09:00:00+00:00,0.0,1.0,7.760000000000001,188.0,4.1930000000000005,11.573366666666667,88.72546666666668,9.788966666666665
north_rustico,2025-10-22 10:00:00+00:00,0.0,2.3333333333333335,8.0,157.0,4.1955,11.543433333333333,89.77373333333334,9.9348
north_rustico,2025-10-22 11:00:00+00:00,0.0,30.0,11.04,163.0,4.275666666666667,11.551933333333332,89.85383333333333,9.956666666666667
north_rustico,2025-10-22 12:00:00+00:00,0.0,240.53333333333333,15.04,167.0,4.317583333333333,12.491999999999999,86.12183333333334,10.238766666666667
north_rustico,2025-10-22 13:00:00+00:00,0.0,379.0,15.76,164.0,4.316333333333334,13.846833333333333,79.15546666666665,10.307533333333334
north_rustico,2025-10-22 14:00:00+00:00,0.0,352.5,20.73,149.0,4.316583333333333,14.2528,76.3967,10.173466666666666
north_rustico,2025-10-22 15:00:00+00:00,0.0,426.53333333333336,28.39333333333333,183.0,4.315666666666666,14.516766666666665,75.98203333333335,10.346
north_rustico,2025-10-22 16:00:00+00:00,0.0,285.3,19.60666666666667,194.0,4.315833333333333,14.490966666666667,77.98849999999999,10.711033333333335
north_rustico,2025-10-22 17:00:00+00:00,0.0,389.8333333333333,26.136666666666667,185.0,4.315333333333333,15.830766666666667,72.57183333333334,10.9267
north_rustico,2025-10-22 18:00:00+00:00,0.0,189.26666666666668,19.64333333333333,154.0,4.31425,15.7536,73.1982,10.981533333333335
north_rustico,2025-10-22 19:00:00+00:00,0.0,91.4,16.84,170.0,4.309166666666667,15.6628,75.12463333333334,11.283766666666667
north_rustico,2025-10-22 20:00:00+00:00,0.0,30.266666666666666,11.8,131.0,4.3012500000000005,15.456166666666666,76.11776666666667,11.283933333333332
north_rustico,2025-10-22 21:00:00+00:00,0.0,2.3333333333333335,20.243333333333332,110.0,4.275416666666667,15.6478,73.86706666666667,11.017533333333335
north_rustico,2025-10-22 22:00:00+00:00,0.0,1.0,26.69333333333333,146.0,4.253166666666666,15.327499999999999,73.9726,10.729366666666666
north_rustico,2025-10-22 23:00:00+00:00,0.0,1.0,28.516666666666666,136.0,4.24325,15.155833333333334,78.53336666666665,11.460233333333333
north_rustico,2025-10-23 00:00:00+00:00,0.0,1.0,17.846666666666668,112.0,4.235916666666667,14.9321,83.78326666666666,12.228766666666667
north_rustico,2025-10-23 01:00:00+00:00,1.6,1.0,31.366666666666667,118.0,4.230166666666666,14.932766666666668,88.61670000000001,13.080033333333335
north_rustico,2025-10-23 02:00:00+00:00,2.2,1.0,30.68,143.0,4.223583333333333,14.758999999999999,91.57316666666667,13.4177
north_rustico,2025-10-23 03:00:00+00:00,0.6000000000000001,1.0,23.556666666666665,135.0,4.217333333333333,14.872866666666665,91.4103,13.5032
north_rustico,2025-10-23 04:00:00+00:00,0.0,1.0,17.123333333333335,159.0,4.212666666666666,14.908533333333333,92.27590000000001,13.6839
north_rustico,2025-10-23 05:00:00+00:00,0.0,1.0,15.56,153.0,4.208,14.709733333333332,92.55556666666666,13.533166666666666
north_rustico,2025-10-23 06:00:00+00:00,0.0,1.0,6.6,187.0,4.2050833333333335,14.3203,93.37026666666667,13.280733333333332
north_rustico,2025-10-23 07:00:00+00:00,0.0,1.0,4.16,191.0,4.2019166666666665,13.742533333333334,94.4949,12.890233333333333
north_rustico,2025-10-23 08:00:00+00:00,0.0,1.0,8.12,199.0,4.2005,13.688799999999999,94.82936666666666,12.891
north_rustico,2025-10-23 09:00:00+00:00,0.0,1.0,5.72,202.0,4.197916666666667,13.4472,93.9977,12.516
north_rustico,2025-10-23 10:00:00+00:00,0.0,5.966666666666667,11.4,191.0,4.210833333333333,13.239766666666666,91.251,11.856733333333333
north_rustico,2025-10-23 11:00:00+00:00,0.0,110.73333333333333,21.34333333333333,184.0,4.3145,13.9154,84.30390000000001,11.323933333333335
north_rustico,2025-10-23 12:00:00+00:00,0.0,270.56666666666666,30.163333333333334,192.0,4.3180000000000005,14.370133333333333,80.82860000000001,11.134966666666665
north_rustico,2025-10-23 13:00:00+00:00,0.0,405.46666666666664,31.970000000000002,202.0,4.314583333333333,14.836266666666667,76.94396666666667,10.843833333333333
north_rustico,2025-10-23 14:00:00+00:00,0.0,508.93333333333334,31.13,225.0,4.31475,15.447533333333332,72.07316666666667,10.4536
north_rustico,2025-10-23 15:00:00+00:00,0.0,562.2666666666667,32.13666666666667,199.0,4.317083333333334,15.883633333333334,69.34753333333333,10.294266666666665
north_rustico,2025-10-23 16:00:00+00:00,0.0,515.7666666666667,32.82,201.0,4.314,16.430733333333333,65.25606666666667,9.902833333333332
north_rustico,2025-10-23 17:00:00+00:00,0.0,417.2,32.97,209.0,4.314333333333333,17.17546666666667,58.51236666666667,8.965766666666667
north_rustico,2025-10-23 18:00:00+00:00,0.0,385.46666666666664,29.39333333333333,204.0,4.3165000000000004,17.759666666666664,51.3449,7.6042000000000005
north_rustico,2025-10-23 19:00:00+00:00,0.0,235.9,22.14333333333333,218.0,4.311166666666667,17.856066666666667,51.16946666666667,7.6431000000000004
north_rustico,2025-10-23 20:00:00+00:00,0.0,76.4,12.32,187.0,4.313083333333333,16.944566666666667,56.13686666666667,8.126133333333334
north_rustico,2025-10-23 21:00:00+00:00,0.0,2.3666666666666667,4.680000000000001,171.0,4.2804166666666665,13.9212,70.54220000000001,8.656933333333335
north_rustico,2025-10-23 22:00:00+00:00,0.0,1.0,9.2,184.0,4.2571666666666665,13.638,73.64793333333334,9.031966666666667
north_rustico,2025-10-23 23:00:00+00:00,0.0,1.0,17.403333333333332,150.0,4.246583333333334,14.160033333333333,70.8422,8.959200000000001
north_rustico,2025-10-24 00:00:00+00:00,0.8,1.0,17.803333333333335,211.0,4.23975,12.856733333333333,80.13293333333333,9.468766666666665
north_rustico,2025-10-24 01:00:00+00:00,0.0,1.0,10.08,175.0,4.2335,11.460333333333333,86.88533333333334,9.365499999999999
north_rustico,2025-10-24 02:00:00+00:00,0.0,1.0,6.2,178.0,4.226833333333333,10.888399999999999,89.152,9.183433333333333
north_rustico,2025-10-24 03:00:00+00:00,0.0,1.0,7.88,178.0,4.222,11.286633333333333,88.93663333333333,9.541066666666666
north_rustico,2025-10-24 04:00:00+00:00,0.0,1.0,8.24,201.0,4.216666666666667,10.751900000000001,89.40180000000001,9.0907
north_rustico,2025-10-24 05:00:00+00:00,0.0,1.0,8.72,180.0,4.211916666666666,10.187233333333333,90.07426666666667,8.643166666666668
north_rustico,2025-10-24 06:00:00+00:00,0.0,1.0,2.8,195.0,4.2065,8.777933333333333,92.21826666666666,7.5907333333333336
north_rustico,2025-10-24 07:00:00+00:00,0.0,1.0,6.36,192.0,4.201,8.444033333333334,93.4412,7.455133333333333
north_rustico,2025-10-24 08:00:00+00:00,0.0,1.0,8.040000000000001,268.0,4.197333333333334,8.458366666666667,93.15096666666666,7.422633333333334
north_rustico,2025-10-24 09:00:00+00:00,0.0,1.0,11.92,222.0,4.192583333333333,9.520066666666668,91.40846666666667,8.200033333333334
north_rustico,2025-10-24 10:00:00+00:00,0.0,2.033333333333333,3.1199999999999997,208.0,4.198583333333334,8.900166666666667,92.17386666666667,7.707566666666667
north_rustico,2025-10-24 11:00:00+00:00,0.0,119.53333333333333,0.04,122.0,4.306666666666667,10.2859,87.57116666666666,8.305266666666666
north_rustico,2025-10-24 12:00:00+00:00,0.0,275.1333333333333,10.68,122.0,4.315666666666666,12.316933333333333,81.75053333333334,9.298
north_rustico,2025-10-24 13:00:00+00:00,0.0,411.1333333333333,19.8,188.0,4.316,13.175466666666667,79.41856666666666,9.703033333333334
north_rustico,2025-10-24 14:00:00+00:00,0.0,391.73333333333335,19.6,216.0,4.31675,13.2113,76.257,9.1367
north_rustico,2025-10-24 15:00:00+00:00,0.0,482.1,19.16,236.0,4.3140833333333335,13.990533333333333,71.4481,8.910833333333333
north_rustico,2025-10-24 16:00:00+00:00,0.0,553.9,20.32,215.0,4.318083333333333,15.020766666666667,63.9705,8.2708
north_rustico,2025-10-24 17:00:00+00:00,0.0,452.7,20.123333333333335,247.0,4.316833333333333,15.4519,60.83376666666666,7.9313666666666665
north_rustico,2025-10-24 18:00:00+00:00,0.0,199.83333333333334,14.72,233.0,4.313916666666667,15.1008,62.248066666666666,7.9294
north_rustico,2025-10-24 19:00:00+00:00,0.0,205.7,11.120000000000001,195.0,4.31475,15.814333333333334,61.95393333333333,8.538033333333335
north_rustico,2025-10-24 20:00:00+00:00,0.0,69.86666666666666,7.680000000000001,229.0,4.308416666666667,15.249566666666668,68.97543333333333,9.536533333333333
north_rustico,2025-10-24 21:00:00+00:00,0.0,2.033333333333333,1.3599999999999999,29.0,4.279333333333333,12.2111,81.35979999999999,9.108933333333335
north_rustico,2025-10-24 22:00:00+00:00,0.0,1.0,3.4,3.0,4.253666666666667,9.672333333333334,88.90953333333333,7.940433333333333
north_rustico,2025-10-24 23:00:00+00:00,0.0,1.0,3.24,3.0,4.240166666666666,8.008066666666666,91.49773333333333,6.7155000000000005
north_rustico,2025-10-25 00:00:00+00:00,0.0,1.0,3.52,3.0,4.231166666666667,7.452566666666667,92.97603333333333,6.397633333333333
north_rustico,2025-10-25 01:00:00+00:00,0.0,1.0,3.7199999999999998,250.0,4.223416666666666,7.0014,94.1532,6.131866666666666
north_rustico,2025-10-25 02:00:00+00:00,0.0,1.0,3.8,250.0,4.215166666666667,6.436633333333333,94.684,5.6513
north_rustico,2025-10-25 03:00:00+00:00,0.0,1.0,2.92,250.0,4.208749999999999,5.848966666666667,94.90806666666667,5.100433333333333
north_rustico,2025-10-25 04:00:00+00:00,0.0,1.0,2.36,250.0,4.202583333333334,5.392833333333333,95.17139999999999,4.6861
north_rustico,2025-10-25 05:00:00+00:00,0.0,1.0,1.0799999999999998,250.0,4.197416666666666,6.439466666666666,94.9396,5.693
north_rustico,2025-10-25 06:00:00+00:00,0.0,1.0,2.36,250.0,4.193083333333333,7.5605,94.51089999999999,6.7430666666666665
north_rustico,2025-10-25 07:00:00+00:00,0.0,1.0,4.24,295.0,4.1924166666666665,9.809,91.46223333333334,8.493533333333334
north_rustico,2025-10-25 08:00:00+00:00,0.0,1.0,0.28,305.0,4.192666666666667,9.470066666666666,91.96863333333334,8.239533333333334
north_rustico,2025-10-25 09:00:00+00:00,0.0,1.0,0.0,305.0,4.191,8.053066666666668,94.539,7.237333333333334
north_rustico,2025-10-25 10:00:00+00:00,0.0,2.1666666666666665,0.56,305.0,4.195583333333333,6.899933333333333,95.37626666666667,6.2177999999999995
north_rustico,2025-10-25 11:00:00+00:00,0.0,30.666666666666668,1.68,305.0,4.29025,6.658266666666666,95.57433333333333,6.0071666666666665
north_rustico,2025-10-25 12:00:00+00:00,0.0,146.5,2.1599999999999997,261.0,4.311416666666667,9.316366666666665,93.16499999999999,8.268266666666667
north_rustico,2025-10-25 13:00:00+00:00,0.0,222.3,10.16,338.0,4.316166666666667,12.512166666666667,83.5932,9.802
north_rustico,2025-10-25 14:00:00+00:00,0.0,182.6,13.92,314.0,4.31525,12.135966666666667,79.19843333333333,8.651366666666666
north_rustico,2025-10-25 15:00:00+00:00,0.0,215.76666666666668,13.4,313.0,4.316333333333334,11.515466666666667,76.39493333333333,7.518666666666666
north_rustico,2025-10-25 16:00:00+00:00,0.0,139.6,14.2,299.0,4.31525,10.867833333333333,77.75333333333333,7.148733333333333
north_rustico,2025-10-25 17:00:00+00:00,0.0,142.4,13.32,282.0,4.312,10.737599999999999,75.0986,6.514666666666667
north_rustico,2025-10-25 18:00:00+00:00,0.0,177.5,13.28,302.0,4.313916666666667,11.193666666666667,70.3467,6.006033333333334
north_rustico,2025-10-25 19:00:00+00:00,0.0,188.86666666666667,13.28,289.0,4.3155,11.79,66.37236666666666,5.730133333333333
north_rustico,2025-10-25 20:00:00+00:00,0.0,90.16666666666667,11.44,307.0,4.309833333333333,11.982933333333333,63.29463333333333,5.224333333333333
north_rustico,2025-10-25 21:00:00+00:00,0.0,4.166666666666667,3.56,288.0,4.2789166666666665,9.354199999999999,71.4692,4.454833333333334
north_rustico,2025-10-25 22:00:00+00:00,0.0,1.0,2.48,286.0,4.24925,6.633266666666667,82.70160000000001,3.8997666666666664
north_rustico,2025-10-25 23:00:00+00:00,0.0,1.0,4.2,286.0,4.23425,4.8580000000000005,87.93003333333333,3.0301666666666667
north_rustico,2025-10-26 00:00:00+00:00,0.0,1.0,2.36,286.0,4.22225,4.237466666666666,89.72946666666667,2.7035666666666667
north_rustico,2025-10-26 01:00:00+00:00,0.0,1.0,2.7199999999999998,286.0,4.2115,3.629166666666667,90.64656666666666,2.2445
north_rustico,2025-10-26 02:00:00+00:00,0.0,1.0,6.52,261.0,4.202583333333333,4.4927,90.65876666666666,3.0997333333333335
north_rustico,2025-10-26 03:00:00+00:00,0.0,1.0,4.88,241.0,4.195583333333333,5.7274,86.56213333333334,3.6649666666666665
north_rustico,2025-10-26 04:00:00+00:00,0.0,1.0,4.96,277.0,4.191833333333333,5.3278,90.10933333333334,3.8417000000000003
north_rustico,2025-10-26 05:00:00+00:00,0.0,1.0,2.92,236.0,4.188833333333333,4.5605,91.76786666666666,3.3403666666666667
north_rustico,2025-10-26 06:00:00+00:00,0.0,1.0,5.2,239.0,4.185416666666666,4.155166666666667,93.04400000000001,3.1337333333333333
north_rustico,2025-10-26 07:00:00+00:00,0.0,1.0,3.56,239.0,4.183083333333333,3.581933333333333,93.44663333333332,2.6252666666666666
north_rustico,2025-10-26 08:00:00+00:00,0.0,1.0,2.96,239.0,4.182083333333334,3.0556666666666668,94.30393333333333,2.2302000000000004
north_rustico,2025-10-26 09:00:00+00:00,0.0,1.0,1.12,239.0,4.179666666666667,2.9564,95.15076666666667,2.2569
north_rustico,2025-10-26 10:00:00+00:00,0.0,5.0,2.44,239.0,4.198416666666667,2.6983,95.26263333333333,2.0162333333333335
north_rustico,2025-10-26 11:00:00+00:00,0.0,49.96666666666667,5.36,239.0,4.3062499999999995,4.218233333333333,94.17013333333333,3.3652333333333333
north_rustico,2025-10-26 12:00:00+00:00,0.0,132.03333333333333,5.96,233.0,4.3084999999999996,6.489533333333333,86.8982,4.463766666666667
north_rustico,2025-10-26 13:00:00+00:00,0.0,303.5,11.16,239.0,4.3155,8.828033333333334,76.2035,4.8671999999999995
north_rustico,2025-10-26 14:00:00+00:00,0.0,393.5,12.32,250.0,4.31425,10.014800000000001,69.2582,4.650066666666667
north_rustico,2025-10-26 15:00:00+00:00,0.0,179.83333333333334,11.84,237.0,4.313583333333333,9.883233333333333,69.30166666666668,4.5355
north_rustico,2025-10-26 16:00:00+00:00,0.0,165.73333333333332,9.8,256.0,4.312,10.208633333333333,68.89450000000001,4.762966666666667
north_rustico,2025-10-26 17:00:00+00:00,0.0,115.8,7.8,293.0,4.31375,9.9834,70.7375,4.914366666666667
north_rustico,2025-10-26 18:00:00+00:00,0.0,158.16666666666666,6.760000000000001,278.0,4.313,9.962633333333335,73.7872,5.508466666666666
north_rustico,2025-10-26 19:00:00+00:00,0.0,100.16666666666667,4.96,331.0,4.3116666666666665,10.312133333333332,69.83746666666666,5.053566666666667
north_rustico,2025-10-26 20:00:00+00:00,0.0,22.2,0.64,358.0,4.30375,9.569466666666667,72.7981,4.932433333333334
north_rustico,2025-10-26 21:00:00+00:00,0.0,1.7666666666666666,2.64,358.0,4.271333333333334,7.035,84.52250000000001,4.5994
north_rustico,2025-10-26 22:00:00+00:00,0.0,1.0,3.8,268.0,4.2415,5.031833333333333,89.70053333333334,3.483566666666667
north_rustico,2025-10-26 23:00:00+00:00,0.0,1.0,4.4,268.0,4.225583333333334,4.2218,91.40606666666666,2.9490333333333334
north_rustico,2025-10-27 00:00:00+00:00,0.0,1.0,3.8400000000000003,268.0,4.2135,3.5389333333333335,92.39743333333332,2.4238
north_rustico,2025-10-27 01:00:00+00:00,0.0,1.0,2.36,268.0,4.20275,3.3896,93.13176666666666,2.3866666666666663
north_rustico,2025-10-27 02:00:00+00:00,0.0,1.0,2.68,268.0,4.19475,3.8914666666666666,93.4051,2.9265333333333334
north_rustico,2025-10-27 03:00:00+00:00,0.0,1.0,4.72,268.0,4.18925,5.735366666666667,91.8036,4.503733333333333
north_rustico,2025-10-27 04:00:00+00:00,0.0,1.0,11.28,48.0,4.187,9.287766666666666,78.6452,5.776066666666667
north_rustico,2025-10-27 05:00:00+00:00,0.0,1.0,12.879999999999999,44.0,4.188083333333333,9.634466666666667,77.74246666666666,5.9485
north_rustico,2025-10-27 06:00:00+00:00,0.0,1.0,13.479999999999999,52.0,4.188666666666666,9.810300000000002,77.9215,6.152866666666667
north_rustico,2025-10-27 07:00:00+00:00,0.0,1.0,15.72,42.0,4.1898333333333335,9.940500000000002,77.80426666666668,6.257433333333334
north_rustico,2025-10-27 08:00:00+00:00,0.0,1.0,20.48,56.0,4.189333333333333,10.205033333333335,77.40043333333332,6.4383333333333335
north_rustico,2025-10-27 09:00:00+00:00,0.0,1.0,22.163333333333334,51.0,4.189666666666667,10.251433333333333,76.52423333333333,6.3181666666666665
north_rustico,2025-10-27 10:00:00+00:00,0.0,1.1333333333333333,24.39,44.0,4.18975,10.313633333333334,79.39286666666666,6.914266666666666
north_rustico,2025-10-27 11:00:00+00:00,0.0,18.466666666666665,30.12666666666667,55.0,4.2476666666666665,10.685333333333334,79.12743333333333,7.227666666666666
north_rustico,2025-10-27 12:00:00+00:00,0.0,41.86666666666667,30.253333333333334,51.0,4.3012500000000005,10.9649,79.77646666666666,7.618266666666667
north_rustico,2025-10-27 13:00:00+00:00,0.6000000000000001,26.666666666666668,26.983333333333334,55.0,4.29925,10.390899999999998,82.82300000000001,7.6032
north_rustico,2025-10-27 14:00:00+00:00,0.0,32.233333333333334,27.753333333333334,59.0,4.30075,11.0093,82.94386666666666,8.230866666666666
north_rustico,2025-10-27 15:00:00+00:00,1.2000000000000002,36.5,29.35,51.0,4.303916666666667,10.690433333333335,82.63236666666667,7.857166666666667
north_rustico,2025-10-27 16:00:00+00:00,1.0,73.56666666666666,28.866666666666667,48.0,4.306666666666667,10.667633333333333,84.5775,8.185
north_rustico,2025-10-27 17:00:00+00:00,0.2,120.2,35.123333333333335,34.0,4.31325,11.163866666666667,82.4403,8.288266666666667
north_rustico,2025-10-27 18:00:00+00:00,0.0,76.96666666666667,35.059999999999995,44.0,4.308,11.378266666666667,82.83586666666666,8.576433333333334
north_rustico,2025-10-27 19:00:00+00:00,0.0,55.3,35.3,48.0,4.305083333333333,11.192266666666665,82.77363333333332,8.3839
north_rustico,2025-10-27 20:00:00+00:00,0.0,7.833333333333333,36.3,45.0,4.288916666666666,10.8828,84.3397,8.357066666666666
north_rustico,2025-10-27 21:00:00+00:00,0.0,1.0,35.940000000000005,48.0,4.253,10.903366666666667,83.88353333333333,8.2966
north_rustico,2025-10-27 22:00:00+00:00,0.0,1.0,37.66,44.0,4.23525,11.080766666666667,81.26136666666666,8.003066666666665
north_rustico,2025-10-27 23:00:00+00:00,0.0,1.0,35.74,45.0,4.223083333333333,10.990033333333335,78.9961,7.498933333333333
north_rustico,2025-10-28 00:00:00+00:00,0.0,1.0,35.38,37.0,4.21375,10.846300000000001,78.53776666666666,7.274500000000001
north_rustico,2025-10-28 01:00:00+00:00,0.0,1.0,37.7,29.0,4.206,10.709133333333334,77.81196666666666,7.004833333333334
north_rustico,2025-10-28 02:00:00+00:00,0.6000000000000001,1.0,35.53666666666666,28.0,4.200166666666667,10.090666666666666,81.32433333333333,7.046766666666667
north_rustico,2025-10-28 03:00:00+00:00,0.0,1.0,36.62,29.0,4.196750000000001,10.2822,83.99343333333333,7.706833333333334
north_rustico,2025-10-28 04:00:00+00:00,0.2,1.0,37.82,24.0,4.194500000000001,10.375866666666667,85.45563333333332,8.0493
north_rustico,2025-10-28 05:00:00+00:00,0.2,1.0,35.34,34.0,4.1930000000000005,10.037033333333333,91.4203,8.713833333333334
north_rustico,2025-10-28 06:00:00+00:00,0.0,1.0,34.580000000000005,29.0,4.191166666666667,10.465233333333334,87.48003333333332,8.482766666666667
north_rustico,2025-10-28 07:00:00+00:00,0.0,1.0,34.57666666666667,37.0,4.19025,10.645966666666668,84.52659999999999,8.157366666666666
north_rustico,2025-10-28 08:00:00+00:00,0.0,1.0,36.82,29.0,4.189416666666666,10.486600000000001,82.41616666666667,7.6283666666666665
north_rustico,2025-10-28 09:00:00+00:00,0.0,1.0,33.376666666666665,34.0,4.1890833333333335,10.342333333333332,79.10746666666667,6.888866666666667
north_rustico,2025-10-28 10:00:00+00:00,0.0,1.0,32.53333333333333,35.0,4.1883333333333335,10.231466666666668,76.50396666666667,6.2947999999999995
north_rustico,2025-10-28 11:00:00+00:00,0.0,10.8,29.673333333333336,25.0,4.2195,9.923333333333334,78.0101,6.2679
north_rustico,2025-10-28 12:00:00+00:00,0.0,44.06666666666667,30.043333333333333,28.0,4.29775,9.932033333333333,73.88066666666667,5.499933333333333
north_rustico,2025-10-28 13:00:00+00:00,0.0,75.33333333333333,28.14333333333333,13.0,4.308166666666667,9.450766666666668,79.67916666666666,6.109066666666666
north_rustico,2025-10-28 14:00:00+00:00,0.0,78.73333333333333,27.59,18.0,4.311166666666667,9.659533333333334,76.2382,5.6874
north_rustico,2025-10-28 15:00:00+00:00,0.0,100.33333333333333,24.19333333333333,13.0,4.3125,9.916833333333333,74.0023,5.504533333333333
north_rustico,2025-10-28 16:00:00+00:00,0.0,69.63333333333334,23.776666666666664,15.0,4.308333333333334,9.764666666666667,74.8857,5.533366666666667
north_rustico,2025-10-28 17:00:00+00:00,0.0,65.43333333333334,22.133333333333333,8.0,4.307833333333333,9.673133333333334,73.66636666666666,5.208866666666666
north_rustico,2025-10-28 18:00:00+00:00,0.0,101.6,21.89,7.0,4.31175,9.903966666666667,69.55273333333334,4.605566666666666
north_rustico,2025-10-28 19:00:00+00:00,0.0,121.26666666666667,19.64,20.0,4.3101666666666665,10.4946,66.43133333333334,4.5056666666666665
north_rustico,2025-10-28 20:00:00+00:00,0.0,33.46666666666667,16.04,28.0,4.307666666666667,9.7081,68.8788,4.270533333333333
north_rustico,2025-10-28 21:00:00+00:00,0.0,1.2333333333333334,15.0,17.0,4.264666666666667,9.042533333333333,71.02856666666666,4.0799666666666665
north_rustico,2025-10-28 22:00:00+00:00,0.0,1.0,12.24,18.0,4.239833333333333,9.066966666666668,71.47843333333334,4.192933333333333
north_rustico,2025-10-28 23:00:00+00:00,0.0,1.0,10.479999999999999,10.0,4.226500000000001,9.055433333333333,73.36973333333334,4.553433333333333
north_rustico,2025-10-29 00:00:00+00:00,0.0,1.0,11.879999999999999,350.0,4.215916666666667,8.838033333333334,75.73153333333333,4.798333333333333
north_rustico,2025-10-29 01:00:00+00:00,0.0,1.0,8.040000000000001,338.0,4.2075000000000005,8.053766666666666,76.3353,4.1514
north_rustico,2025-10-29 02:00:00+00:00,0.0,1.0,12.6,340.0,4.199416666666667,7.877833333333333,75.90206666666667,3.9001333333333337
north_rustico,2025-10-29 03:00:00+00:00,0.0,1.0,15.479999999999999,1.0,4.19425,7.935133333333334,76.09773333333332,3.9919333333333333
north_rustico,2025-10-29 04:00:00+00:00,0.0,1.0,18.279999999999998,6.0,4.189333333333333,8.307533333333334,73.97913333333332,3.9436000000000004
north_rustico,2025-10-29 05:00:00+00:00,0.0,1.0,15.2,21.0,4.186833333333333,8.414166666666667,72.81840000000001,3.8276666666666666
north_rustico,2025-10-29 06:00:00+00:00,0.0,1.0,15.2,24.0,4.1855,8.348333333333333,75.22526666666666,4.228066666666667
north_rustico,2025-10-29 07:00:00+00:00,0.0,1.0,17.92,20.0,4.184833333333333,8.530566666666667,76.33376666666666,4.613433333333333
north_rustico,2025-10-29 08:00:00+00:00,0.0,1.0,18.523333333333333,24.0,4.184,8.768066666666668,77.4113,5.045133333333333
north_rustico,2025-10-29 09:00:00+00:00,0.0,1.0,14.76,27.0,4.18425,8.861600000000001,77.54853333333334,5.1617
north_rustico,2025-10-29 10:00:00+00:00,0.0,1.1666666666666667,11.0,44.0,4.185416666666667,8.995266666666668,77.9933,5.373933333333333
north_rustico,2025-10-29 11:00:00+00:00,0.0,38.2,8.68,31.0,4.278416666666667,9.412833333333333,78.02866666666667,5.786233333333333
north_rustico,2025-10-29 12:00:00+00:00,0.0,192.7,10.72,48.0,4.316083333333333,11.756366666666667,73.24376666666667,7.129166666666666
north_rustico,2025-10-29 13:00:00+00:00,0.0,170.83333333333334,12.0,35.0,4.314416666666667,11.6799,74.35626666666667,7.280033333333334
north_rustico,2025-10-29 14:00:00+00:00,0.0,263.76666666666665,13.04,22.0,4.316666666666666,12.2619,74.32843333333334,7.8373
north_rustico,2025-10-29 15:00:00+00:00,0.0,368.96666666666664,13.56,46.0,4.31375,13.291333333333334,71.27313333333333,8.214733333333333
north_rustico,2025-10-29 16:00:00+00:00,0.0,359.26666666666665,13.08,24.0,4.3175,13.3835,71.38016666666667,8.324833333333334
north_rustico,2025-10-29 17:00:00+00:00,0.0,285.96666666666664,12.08,25.0,4.315333333333333,12.957566666666667,73.54523333333333,8.353833333333334
north_rustico,2025-10-29 18:00:00+00:00,0.0,212.43333333333334,12.24,28.0,4.3165000000000004,12.356233333333334,76.03773333333334,8.2657
north_rustico,2025-10-29 19:00:00+00:00,0.0,108.9,11.76,28.0,4.312,11.787133333333333,78.04520000000001,8.094766666666667
north_rustico,2025-10-29 20:00:00+00:00,0.0,43.5,9.4,18.0,4.30525,11.138633333333333,80.45943333333334,7.912599999999999
north_rustico,2025-10-29 21:00:00+00:00,0.0,1.1333333333333333,7.680000000000001,7.0,4.270499999999999,10.394499999999999,83.78410000000001,7.7809
north_rustico,2025-10-29 22:00:00+00:00,0.0,1.0,12.72,21.0,4.248166666666667,10.531766666666666,84.4832,8.037833333333333
north_rustico,2025-10-29 23:00:00+00:00,0.0,1.0,13.32,25.0,4.237416666666667,10.627466666666667,84.6649,8.1635
north_rustico,2025-10-30 00:00:00+00:00,0.0,1.0,14.28,37.0,4.229333333333334,10.7813,84.5789,8.299233333333333
north_rustico,2025-10-30 01:00:00+00:00,0.0,1.0,15.24,51.0,4.222,10.930666666666667,83.4907,8.2551
north_rustico,2025-10-30 02:00:00+00:00,0.0,1.0,17.959999999999997,46.0,4.215583333333333,10.905766666666667,83.48973333333333,8.230366666666667
north_rustico,2025-10-30 03:00:00+00:00,0.0,1.0,18.4,55.0,4.210083333333333,10.8777,83.65653333333333,8.232533333333333
north_rustico,2025-10-30 04:00:00+00:00,0.0,1.0,18.8,59.0,4.2045,10.910599999999999,83.8839,8.304533333333334
north_rustico,2025-10-30 05:00:00+00:00,0.0,1.0,15.639999999999999,52.0,4.200333333333334,11.0471,83.72526666666666,8.410733333333333
north_rustico,2025-10-30 06:00:00+00:00,0.0,1.0,11.08,59.0,4.19575,10.919833333333333,85.4011,8.5774
north_rustico,2025-10-30 07:00:00+00:00,0.0,1.0,3.52,112.0,4.1930000000000005,9.6517,88.01263333333333,7.772933333333333
north_rustico,2025-10-30 08:00:00+00:00,0.0,1.0,1.28,159.0,4.190416666666667,8.1681,91.11263333333333,6.811933333333333
north_rustico,2025-10-30 09:00:00+00:00,0.0,1.0,1.2,159.0,4.188583333333333,7.1058,93.33986666666667,6.109933333333333
north_rustico,2025-10-30 10:00:00+00:00,0.0,1.2666666666666666,2.68,159.0,4.186583333333333,6.273633333333334,93.88206666666666,5.366566666666667
north_rustico,2025-10-30 11:00:00+00:00,0.0,54.266666666666666,1.32,201.0,4.279333333333334,6.444533333333334,92.81473333333334,5.362233333333333
north_rustico,2025-10-30 12:00:00+00:00,0.0,248.13333333333333,2.44,201.0,4.314583333333333,11.356599999999998,79.54690000000001,7.944466666666667
north_rustico,2025-10-30 13:00:00+00:00,0.0,323.3666666666667,3.36,159.0,4.312666666666667,12.023166666666667,77.30443333333332,8.183033333333332
north_rustico,2025-10-30 14:00:00+00:00,0.0,382.53333333333336,5.760000000000001,150.0,4.315666666666666,11.932266666666667,75.6488,7.775633333333333
north_rustico,2025-10-30 15:00:00+00:00,0.0,352.93333333333334,6.52,126.0,4.315,12.042333333333334,74.09866666666667,7.5790999999999995
north_rustico,2025-10-30 16:00:00+00:00,0.0,443.1,5.84,107.0,4.3174166666666665,13.149066666666666,70.319,7.865799999999999
north_rustico,2025-10-30 17:00:00+00:00,0.0,438.23333333333335,10.04,111.0,4.313416666666666,13.237066666666667,70.73583333333333,8.045233333333334
north_rustico,2025-10-30 18:00:00+00:00,0.0,224.93333333333334,15.72,59.0,4.312166666666667,13.4207,72.94793333333334,8.6781
north_rustico,2025-10-30 19:00:00+00:00,0.0,208.33333333333334,14.72,52.0,4.313916666666667,14.4009,70.02966666666666,9.012699999999999
north_rustico,2025-10-30 20:00:00+00:00,0.0,48.766666666666666,6.2,58.0,4.306166666666667,13.580133333333333,72.9563,8.800966666666666
north_rustico,2025-10-30 21:00:00+00:00,0.0,1.0333333333333334,0.0,51.0,4.267416666666667,9.560166666666667,86.8668,7.4854
north_rustico,2025-10-30 22:00:00+00:00,0.0,1.0,6.239999999999999,51.0,4.247166666666667,10.764800000000001,85.4464,8.4209
north_rustico,2025-10-30 23:00:00+00:00,0.0,1.0,2.68,107.0,4.236833333333333,10.4824,85.93180000000001,8.236
north_rustico,2025-10-31 00:00:00+00:00,0.0,1.0,2.36,117.0,4.229666666666667,8.4356,90.72783333333334,7.0153
north_rustico,2025-10-31 01:00:00+00:00,0.0,1.0,2.0,227.0,4.22125,7.795766666666666,92.45136666666667,6.6560999999999995
north_rustico,2025-10-31 02:00:00+00:00,0.0,1.0,0.88,227.0,4.214333333333333,8.211033333333333,93.19023333333332,7.184566666666667
north_rustico,2025-10-31 03:00:00+00:00,0.0,1.0,9.680000000000001,122.0,4.2084166666666665,9.8804,91.43886666666667,8.561266666666667
north_rustico,2025-10-31 04:00:00+00:00,0.0,1.0,13.360000000000001,83.0,4.203666666666667,9.760333333333334,91.3318,8.425433333333334
north_rustico,2025-10-31 05:00:00+00:00,0.0,1.0,8.0,107.0,4.199916666666667,9.713133333333333,92.27796666666667,8.5309
north_rustico,2025-10-31 06:00:00+00:00,0.0,1.0,10.08,86.0,4.195916666666666,10.0306,91.4478,8.711833333333335
north_rustico,2025-10-31 07:00:00+00:00,0.0,1.0,12.879999999999999,100.0,4.1939166666666665,10.3573,91.13216666666668,8.984633333333333
north_rustico,2025-10-31 08:00:00+00:00,0.0,1.0,13.44,108.0,4.192,10.799900000000001,89.35053333333333,9.128733333333335
north_rustico,2025-10-31 09:00:00+00:00,0.0,1.0,18.8,110.0,4.191666666666666,11.165833333333333,87.29929999999999,9.145666666666667
north_rustico,2025-10-31 10:00:00+00:00,0.0,1.0,21.243333333333332,95.0,4.191416666666666,11.477633333333333,87.2293,9.440933333333334
north_rustico,2025-10-31 11:00:00+00:00,0.0,8.766666666666667,25.30666666666667,107.0,4.220166666666667,11.760033333333332,88.09383333333334,9.8664
north_rustico,2025-10-31 12:00:00+00:00,0.0,35.86666666666667,30.376666666666665,94.0,4.2956666666666665,12.133233333333333,88.37186666666666,10.2817
north_rustico,2025-10-31 13:00:00+00:00,0.0,23.7,37.26,87.0,4.2945,12.110333333333333,90.07289999999999,10.545033333333333
north_rustico,2025-10-31 14:00:00+00:00,1.2000000000000002,26.7,35.46,83.0,4.2965,12.076733333333333,91.60696666666666,10.765466666666667
north_rustico,2025-10-31 15:00:00+00:00,2.6,24.033333333333335,34.980000000000004,94.0,4.298166666666666,12.189,93.1483,11.128033333333333
north_rustico,2025-10-31 16:00:00+00:00,3.6,32.9,35.54,80.0,4.301416666666666,12.629366666666668,93.4818,11.619533333333333
north_rustico,2025-10-31 17:00:00+00:00,4.2,42.6,31.85666666666667,87.0,4.3053333333333335,12.9811,93.32433333333333,11.9434
north_rustico,2025-10-31 18:00:00+00:00,5.0,23.8,29.30666666666667,100.0,4.299916666666666,13.581733333333334,93.88036666666667,12.630566666666665
north_rustico,2025-10-31 19:00:00+00:00,1.0,18.3,24.923333333333336,112.0,4.29575,14.355066666666666,93.605,13.353866666666667
north_rustico,2025-10-31 20:00:00+00:00,0.2,21.4,24.720000000000002,143.0,4.2955,15.210199999999999,93.67213333333333,14.214966666666667
north_rustico,2025-10-31 21:00:00+00:00,0.0,4.166666666666667,25.836666666666666,156.0,4.2716666666666665,15.3246,92.62596666666667,14.155033333333334
north_rustico,2025-10-31 22:00:00+00:00,0.0,1.0,28.07,218.0,4.243333333333333,13.473666666666666,89.04286666666667,11.7166
north_rustico,2025-10-31 23:00:00+00:00,0.0,1.0,30.046666666666667,223.0,4.230666666666667,12.928966666666666,86.5274,10.7492
north_rustico,2025-11-01 00:00:00+00:00,0.0,1.0,24.353333333333335,223.0,4.220833333333333,12.850366666666668,84.64016666666666,10.336966666666665
north_rustico,2025-11-01 01:00:00+00:00,0.0,1.0,16.973333333333333,199.0,4.213416666666666,12.609233333333332,84.3711,10.054333333333334
north_rustico,2025-11-01 02:00:00+00:00,0.0,1.0,26.373333333333335,197.0,4.206833333333333,12.3855,84.26983333333332,9.819233333333333
