station,timestamp_utc,air_temperature_c,relative_humidity_pct,dew_point_c,rain_mm,wind_speed_kmh,wind_gust_speed_kmh,wind_direction_deg,solar_radiation_w_m2,battery_v
cavendish,2024-05-01 03:00:00+00:00,2.2703333333333333,96.50333333333333,1.7686666666666668,0.0,,,17.0,1.0,4.216166666666667
cavendish,2024-05-01 04:00:00+00:00,2.2603333333333335,96.99666666666667,1.8299999999999998,0.0,,,20.0,1.0,4.212166666666667
cavendish,2024-05-01 05:00:00+00:00,2.25,97.22,1.8526666666666667,0.0,,,10.0,1.0,4.207416666666667
cavendish,2024-05-01 06:00:00+00:00,2.2796666666666665,97.24,1.8846666666666667,0.0,,,348.0,1.0,4.2055
cavendish,2024-05-01 07:00:00+00:00,2.603666666666667,96.69333333333334,2.1293333333333333,0.0,,,355.0,1.0,4.20375
cavendish,2024-05-01 08:00:00+00:00,2.8376666666666663,94.32666666666667,2.015,0.0,,,331.0,1.1,4.2035833333333334
cavendish,2024-05-01 09:00:00+00:00,2.8966666666666665,92.50333333333333,1.801,0.0,,,345.0,8.466666666666667,4.2355
cavendish,2024-05-01 10:00:00+00:00,3.0593333333333335,92.01,1.8873333333333333,0.0,,,348.0,43.03333333333333,4.305666666666666
cavendish,2024-05-01 11:00:00+00:00,3.404333333333333,91.83666666666666,2.2046666666666668,0.0,,,163.0,96.6,4.3148333333333335
cavendish,2024-05-01 12:00:00+00:00,3.628333333333333,91.4,2.3609999999999998,0.0,,,345.0,142.03333333333333,4.311916666666667
cavendish,2024-05-01 13:00:00+00:00,3.963,91.22333333333333,2.664333333333333,0.0,,,347.0,269.93333333333334,4.310333333333333
cavendish,2024-05-01 14:00:00+00:00,4.641,88.41000000000001,2.893666666666667,0.0,,,10.0,435.8,4.3095
cavendish,2024-05-01 15:00:00+00:00,4.738666666666666,86.70666666666666,2.7156666666666665,0.0,,,1.0,400.23333333333335,4.3094166666666665
cavendish,2024-05-01 16:00:00+00:00,5.281000000000001,84.80666666666666,2.9376666666666664,0.0,,,355.0,517.6333333333333,4.309166666666667
cavendish,2024-05-01 17:00:00+00:00,5.408666666666666,85.11999999999999,3.1143333333333336,0.0,,,13.0,618.1333333333333,4.309833333333334
cavendish,2024-05-01 18:00:00+00:00,5.349333333333333,85.71000000000001,3.1540000000000004,0.0,,,18.0,600.0666666666667,4.31125
cavendish,2024-05-01 19:00:00+00:00,4.399,88.44,2.658,0.0,,,11.0,405.5,4.308333333333334
cavendish,2024-05-01 20:00:00+00:00,4.106,90.63000000000001,2.7143333333333337,0.0,,,13.0,261.53333333333336,4.309166666666667
cavendish,2024-05-01 21:00:00+00:00,3.653,91.51333333333334,2.4013333333333335,0.0,,,8.0,104.83333333333333,4.306416666666666
cavendish,2024-05-01 22:00:00+00:00,3.4413333333333336,92.33666666666666,2.316666666666667,0.0,,,351.0,36.46666666666667,4.3045
cavendish,2024-05-01 23:00:00+00:00,3.1599999999999997,93.22666666666667,2.171666666666667,0.0,,,4.0,4.1,4.27775
cavendish,2024-05-02 00:00:00+00:00,2.8913333333333333,93.92666666666668,2.011,0.0,,,167.0,1.0,4.2450833333333335
cavendish,2024-05-02 01:00:00+00:00,2.71,94.63666666666667,1.9363333333333332,0.0,,,166.0,1.0,4.232
cavendish,2024-05-02 02:00:00+00:00,2.9676666666666667,95.23,2.2813333333333334,0.0,,,0.0,1.0,4.222083333333333
cavendish,2024-05-02 03:00:00+00:00,3.102333333333333,95.57333333333332,2.4646666666666666,0.0,,,24.0,1.0,4.217
cavendish,2024-05-02 04:00:00+00:00,3.240666666666667,95.94333333333334,2.6573333333333333,0.0,,,7.0,1.0,4.2115
cavendish,2024-05-02 05:00:00+00:00,3.2310000000000003,96.10666666666665,2.6726666666666667,0.0,,,354.0,1.0,4.2082500000000005
cavendish,2024-05-02 06:00:00+00:00,3.4546666666666668,96.58999999999999,2.9650000000000003,0.0,,,343.0,1.0,4.204416666666667
cavendish,2024-05-02 07:00:00+00:00,3.566666666666667,97.01666666666667,3.1393333333333335,0.0,,,337.0,1.0,4.2035
cavendish,2024-05-02 08:00:00+00:00,3.3579999999999997,97.37666666666668,2.982666666666667,0.0,,,344.0,1.0,4.2015
cavendish,2024-05-02 09:00:00+00:00,3.4676666666666667,97.76333333333334,3.147,0.0,,,333.0,6.066666666666666,4.2259166666666665
cavendish,2024-05-02 10:00:00+00:00,3.5,98.02333333333333,3.2186666666666666,0.0,,,327.0,34.3,4.2985
cavendish,2024-05-02 11:00:00+00:00,3.5373333333333337,98.03,3.2560000000000002,0.0,,,352.0,95.93333333333334,4.307916666666666
cavendish,2024-05-02 12:00:00+00:00,3.427333333333334,98.1,3.155666666666667,0.0,,,358.0,129.33333333333334,4.30875
cavendish,2024-05-02 13:00:00+00:00,3.479,98.18666666666667,3.219666666666667,0.0,,,1.0,176.53333333333333,4.310583333333334
cavendish,2024-05-02 14:00:00+00:00,3.4226666666666667,98.25666666666666,3.173,0.0,,,10.0,185.3,4.309
cavendish,2024-05-02 15:00:00+00:00,3.595666666666667,98.05,3.3176666666666668,0.0,,,14.0,271.6666666666667,4.310083333333334
cavendish,2024-05-02 16:00:00+00:00,3.754,97.83999999999999,3.445666666666667,0.0,,,13.0,319.9,4.310083333333334
cavendish,2024-05-02 17:00:00+00:00,3.6653333333333333,98.0,3.3796666666666666,0.0,,,18.0,264.96666666666664,4.308583333333334
cavendish,2024-05-02 18:00:00+00:00,3.355,98.3,3.1133333333333337,0.0,,,14.0,189.16666666666666,4.31
cavendish,2024-05-02 19:00:00+00:00,3.1806666666666668,98.46000000000001,2.9616666666666664,0.0,,,14.0,154.63333333333333,4.307416666666667
cavendish,2024-05-02 20:00:00+00:00,2.981666666666667,98.64666666666668,2.79,0.0,,,27.0,98.26666666666667,4.30975
cavendish,2024-05-02 21:00:00+00:00,3.034,98.16000000000001,2.771,0.0,,,20.0,67.3,4.310833333333334
cavendish,2024-05-02 22:00:00+00:00,3.1353333333333335,96.88333333333334,2.6883333333333335,0.0,,,25.0,36.766666666666666,4.303999999999999
cavendish,2024-05-02 23:00:00+00:00,3.1046666666666667,96.02666666666667,2.533,0.0,,,27.0,2.566666666666667,4.27375
cavendish,2024-05-03 00:00:00+00:00,3.119333333333333,96.08333333333333,2.557,0.0,,,14.0,1.0,4.241416666666667
cavendish,2024-05-03 01:00:00+00:00,3.4983333333333335,96.64333333333335,3.017333333333333,0.0,,,352.0,1.0,4.228666666666666
cavendish,2024-05-03 02:00:00+00:00,3.613,97.33,3.23,0.0,,,350.0,1.0,4.220666666666667
cavendish,2024-05-03 03:00:00+00:00,3.6493333333333333,97.76666666666667,3.3296666666666668,0.0,,,357.0,1.0,4.21375
cavendish,2024-05-03 04:00:00+00:00,3.6973333333333334,98.16666666666667,3.4346666666666668,0.0,,,355.0,1.0,4.208666666666667
cavendish,2024-05-03 05:00:00+00:00,3.3190000000000004,98.68666666666667,3.1319999999999997,0.2,,,15.0,1.0,4.2035
cavendish,2024-05-03 06:00:00+00:00,3.121666666666667,98.93666666666667,2.9699999999999998,0.2,,,27.0,1.0,4.202833333333333
cavendish,2024-05-03 07:00:00+00:00,2.8493333333333335,99.1,2.7233333333333336,0.0,,,21.0,1.0,4.2004166666666665
cavendish,2024-05-03 08:00:00+00:00,2.76,99.12333333333332,2.636,0.0,,,20.0,1.0,4.1995000000000005
cavendish,2024-05-03 09:00:00+00:00,2.6310000000000002,98.91666666666667,2.4776666666666665,0.2,,,32.0,3.3666666666666667,4.2095
cavendish,2024-05-03 10:00:00+00:00,2.6510000000000002,98.96000000000001,2.5036666666666667,0.0,,,32.0,23.566666666666666,4.2875000000000005
cavendish,2024-05-03 11:00:00+00:00,2.9099999999999997,99.01333333333334,2.7706666666666666,0.0,,,24.0,64.66666666666667,4.306416666666666
cavendish,2024-05-03 12:00:00+00:00,3.148,98.88666666666667,2.9916666666666667,0.0,,,13.0,119.06666666666666,4.311583333333333
cavendish,2024-05-03 13:00:00+00:00,3.1653333333333333,98.81666666666666,2.997666666666667,0.0,,,14.0,141.73333333333332,4.310833333333333
cavendish,2024-05-03 14:00:00+00:00,3.2503333333333333,98.64666666666668,3.0589999999999997,0.0,,,11.0,202.16666666666666,4.311333333333333
cavendish,2024-05-03 15:00:00+00:00,3.0506666666666664,98.61333333333333,2.853,0.0,,,18.0,169.43333333333334,4.305166666666667
cavendish,2024-05-03 16:00:00+00:00,3.073,98.49,2.8583333333333334,0.0,,,15.0,153.33333333333334,4.310416666666667
cavendish,2024-05-03 17:00:00+00:00,3.2306666666666666,98.22,2.9766666666666666,0.0,,,20.0,209.2,4.31
cavendish,2024-05-03 18:00:00+00:00,3.436666666666667,98.15666666666667,3.1726666666666663,0.0,,,27.0,214.13333333333333,4.306166666666667
cavendish,2024-05-03 19:00:00+00:00,3.2920000000000003,98.51,3.0803333333333334,0.0,,,28.0,162.96666666666667,4.309166666666667
cavendish,2024-05-03 20:00:00+00:00,3.195666666666667,98.60666666666665,2.9986666666666664,0.0,,,29.0,85.76666666666667,4.3094166666666665
cavendish,2024-05-03 21:00:00+00:00,3.11,98.33999999999999,2.871,0.0,,,32.0,32.4,4.303
cavendish,2024-05-03 22:00:00+00:00,3.155333333333333,98.42666666666668,2.9323333333333332,0.0,,,34.0,13.133333333333333,4.2945
cavendish,2024-05-03 23:00:00+00:00,3.129,98.55666666666666,2.9223333333333334,0.0,,,34.0,2.433333333333333,4.269666666666667
cavendish,2024-05-04 00:00:00+00:00,3.287,98.71333333333334,3.1046666666666667,0.0,,,38.0,1.0,4.239166666666667
cavendish,2024-05-04 01:00:00+00:00,3.5013333333333336,99.05333333333333,3.366,0.0,,,51.0,1.0,4.22675
cavendish,2024-05-04 02:00:00+00:00,3.932,99.25,3.8276666666666666,0.0,,,67.0,1.0,4.218666666666667
cavendish,2024-05-04 03:00:00+00:00,3.844333333333333,99.32,3.7493333333333334,0.0,,,74.0,1.0,4.212666666666666
cavendish,2024-05-04 04:00:00+00:00,3.6069999999999998,99.31666666666666,3.51,0.0,,,66.0,1.0,4.207916666666667
cavendish,2024-05-04 05:00:00+00:00,3.530666666666667,99.30666666666666,3.432666666666667,0.0,,,69.0,1.0,4.2043333333333335
cavendish,2024-05-04 06:00:00+00:00,3.5116666666666663,99.21666666666667,3.4010000000000002,0.0,,,56.0,1.0,4.202083333333333
cavendish,2024-05-04 07:00:00+00:00,3.655666666666667,99.05333333333333,3.5226666666666664,0.0,,,39.0,1.0,4.199916666666667
cavendish,2024-05-04 08:00:00+00:00,3.6546666666666665,98.67,3.4643333333333337,0.0,,,72.0,1.0666666666666667,4.199666666666666
cavendish,2024-05-04 09:00:00+00:00,3.7746666666666666,97.99,3.4886666666666666,0.0,,,62.0,27.366666666666667,4.26775
cavendish,2024-05-04 10:00:00+00:00,4.300666666666667,96.37333333333332,3.7760000000000002,0.0,,,55.0,123.56666666666666,4.310833333333333
cavendish,2024-05-04 11:00:00+00:00,4.743333333333334,94.64666666666668,3.96,0.0,,,63.0,209.86666666666667,4.311833333333333
cavendish,2024-05-04 12:00:00+00:00,4.999,93.18333333333334,3.9919999999999995,0.0,,,65.0,276.6666666666667,4.311166666666667
cavendish,2024-05-04 13:00:00+00:00,5.834666666666666,90.44666666666667,4.395333333333332,0.0,,,87.0,485.03333333333336,4.310083333333334
cavendish,2024-05-04 14:00:00+00:00,6.7266666666666675,86.94,4.711333333333333,0.0,,,58.0,572.2333333333333,4.3101666666666665
cavendish,2024-05-04 15:00:00+00:00,6.503666666666667,85.95666666666666,4.33,0.0,,,79.0,503.3333333333333,4.309333333333334
cavendish,2024-05-04 16:00:00+00:00,6.941666666666666,83.48666666666666,4.343,0.0,,,46.0,625.4666666666667,4.3084999999999996
cavendish,2024-05-04 17:00:00+00:00,6.985333333333333,82.85,4.276,0.0,,,77.0,653.2758620689655,4.308
cavendish,2024-05-04 18:00:00+00:00,6.400666666666667,84.16333333333334,3.927333333333334,0.0,,,48.0,518.1333333333333,4.310666666666667
cavendish,2024-05-04 19:00:00+00:00,5.391,86.94666666666667,3.3946666666666667,0.0,,,56.0,364.7,4.308583333333334
cavendish,2024-05-04 20:00:00+00:00,4.655333333333333,89.29333333333334,3.0476666666666667,0.0,,,38.0,266.93333333333334,4.308333333333334
cavendish,2024-05-04 21:00:00+00:00,3.94,90.57,2.5396666666666667,0.0,,,52.0,156.66666666666666,4.304333333333333
cavendish,2024-05-04 22:00:00+00:00,3.029333333333333,92.11999999999999,1.8760000000000001,0.0,,,44.0,38.666666666666664,4.3015
cavendish,2024-05-04 23:00:00+00:00,2.494333333333333,93.88000000000001,1.6073333333333333,0.0,,,70.0,3.566666666666667,4.278583333333333
cavendish,2024-05-05 00:00:00+00:00,2.0416666666666665,94.61999999999999,1.268,0.0,,,24.0,1.0,4.246333333333333
cavendish,2024-05-05 01:00:00+00:00,1.9923333333333333,95.18,1.3006666666666669,0.0,,,69.0,1.0,4.233333333333333
cavendish,2024-05-05 02:00:00+00:00,2.010666666666667,95.42333333333335,1.3553333333333335,0.0,,,59.0,1.0,4.223416666666667
cavendish,2024-05-05 03:00:00+00:00,1.8016666666666665,95.47666666666667,1.153,0.0,,,59.0,1.0,4.215916666666667
cavendish,2024-05-05 04:00:00+00:00,1.9806666666666668,95.47333333333333,1.3323333333333334,0.0,,,60.0,1.0,4.210249999999999
cavendish,2024-05-05 05:00:00+00:00,1.7770000000000001,95.08999999999999,1.075,0.0,,,147.0,1.0,4.20625
cavendish,2024-05-05 06:00:00+00:00,1.2340000000000002,94.73333333333333,0.48133333333333334,0.0,,,334.0,1.0,4.202583333333333
cavendish,2024-05-05 07:00:00+00:00,1.454,94.94,0.73,0.0,,,331.0,1.0,4.199083333333333
cavendish,2024-05-05 08:00:00+00:00,1.3003333333333333,94.86999999999999,0.5670000000000001,0.0,,,74.0,1.2333333333333334,4.197666666666667
cavendish,2024-05-05 09:00:00+00:00,1.485,94.61333333333333,0.713,0.0,,,13.0,32.166666666666664,4.274
cavendish,2024-05-05 10:00:00+00:00,2.4646666666666666,93.58666666666666,1.535,0.0,,,91.0,121.16666666666667,4.310833333333333
cavendish,2024-05-05 11:00:00+00:00,3.525,91.36999999999999,2.2506666666666666,0.0,,,285.0,197.5,4.310666666666667
cavendish,2024-05-05 12:00:00+00:00,5.316,87.15333333333334,3.353666666666667,0.0,,,3.0,382.4,4.308083333333333
cavendish,2024-05-05 13:00:00+00:00,7.602,78.95666666666666,4.183333333333334,0.0,,,115.0,622.5,4.312083333333333
cavendish,2024-05-05 14:00:00+00:00,8.223333333333333,76.02,4.24,0.0,,,156.0,778.0333333333333,4.310416666666667
cavendish,2024-05-05 15:00:00+00:00,6.266333333333334,82.23,3.467,0.0,,,17.0,820.1666666666666,4.309833333333334
cavendish,2024-05-05 16:00:00+00:00,7.307333333333333,80.63000000000001,4.205333333333333,0.0,,,53.0,791.3,4.308
cavendish,2024-05-05 17:00:00+00:00,8.031666666666666,78.85,4.590333333333334,0.0,,,25.0,818.9,4.309666666666667
cavendish,2024-05-05 18:00:00+00:00,8.171666666666667,77.32333333333332,4.445333333333334,0.0,,,44.0,732.9,4.30875
cavendish,2024-05-05 19:00:00+00:00,8.327,76.43,4.428,0.0,,,62.0,616.7,4.310083333333334
cavendish,2024-05-05 20:00:00+00:00,9.566333333333334,72.41000000000001,4.857,0.0,,,86.0,457.93333333333334,4.308083333333333
cavendish,2024-05-05 21:00:00+00:00,9.798,71.22666666666667,4.842333333333333,0.0,,,135.0,257.3,4.310083333333333
cavendish,2024-05-05 22:00:00+00:00,7.8646666666666665,78.50333333333333,4.363666666666666,0.0,,,135.0,113.8,4.3069999999999995
cavendish,2024-05-05 23:00:00+00:00,6.641333333333334,85.19,4.337666666666666,0.0,,,145.0,6.1,4.283333333333333
cavendish,2024-05-06 00:00:00+00:00,8.21,76.87666666666668,4.397666666666667,0.0,,,181.0,1.0,4.2530833333333335
cavendish,2024-05-06 01:00:00+00:00,8.254666666666667,76.91333333333334,4.455333333333333,0.0,,,191.0,1.0,4.241333333333333
cavendish,2024-05-06 02:00:00+00:00,8.623,77.31666666666666,4.888333333333334,0.0,,,218.0,1.0,4.2335
cavendish,2024-05-06 03:00:00+00:00,8.267666666666667,78.64,4.782333333333333,0.0,,,222.0,1.0,4.228000000000001
cavendish,2024-05-06 04:00:00+00:00,7.470666666666667,83.03333333333333,4.785666666666667,0.0,,,219.0,1.0,4.22225
cavendish,2024-05-06 05:00:00+00:00,7.082333333333334,84.94666666666667,4.728666666666667,0.0,,,225.0,1.0,4.21775
cavendish,2024-05-06 06:00:00+00:00,6.8806666666666665,85.70333333333333,4.658,0.0,,,220.0,1.0,4.2130833333333335
cavendish,2024-05-06 07:00:00+00:00,6.160666666666667,90.53999999999999,4.732666666666666,0.2,,,223.0,1.0,4.210833333333333
cavendish,2024-05-06 08:00:00+00:00,5.947,93.65333333333334,5.008333333333334,0.8,,,204.0,1.0,4.2075000000000005
cavendish,2024-05-06 09:00:00+00:00,6.029,94.47666666666667,5.214666666666667,0.4,,,212.0,14.166666666666666,4.254583333333334
cavendish,2024-05-06 10:00:00+00:00,6.096,94.43333333333334,5.274333333333333,0.0,,,202.0,36.0,4.298666666666667
cavendish,2024-05-06 11:00:00+00:00,6.202,94.74666666666667,5.428666666666667,0.4,,,220.0,59.3,4.308583333333333
cavendish,2024-05-06 12:00:00+00:00,6.928333333333333,94.14333333333335,6.058000000000001,0.0,,,225.0,134.8,4.308583333333334
cavendish,2024-05-06 13:00:00+00:00,7.715999999999999,92.92333333333333,6.6530000000000005,0.0,,,219.0,179.96666666666667,4.311
cavendish,2024-05-06 14:00:00+00:00,9.073666666666666,90.37666666666668,7.589666666666667,0.0,,,225.0,350.2,4.3115
cavendish,2024-05-06 15:00:00+00:00,10.664,85.67,8.371,0.0,,,239.0,468.2758620689655,4.311166666666667
cavendish,2024-05-06 16:00:00+00:00,11.542666666666666,83.03666666666666,8.773333333333333,0.0,,,232.0,342.6666666666667,4.308833333333333
cavendish,2024-05-06 17:00:00+00:00,13.023,79.29333333333334,9.529,0.0,,,241.0,547.16,4.309916666666667
cavendish,2024-05-06 18:00:00+00:00,13.906666666666666,76.28333333333333,9.814333333333334,0.0,,,250.0,432.62068965517244,4.311416666666667
cavendish,2024-05-06 19:00:00+00:00,13.385333333333334,77.86,9.614,0.0,,,230.0,287.03333333333336,4.3101666666666665
cavendish,2024-05-06 20:00:00+00:00,14.017666666666665,76.23333333333333,9.911,0.0,,,232.0,309.03333333333336,4.309166666666667
cavendish,2024-05-06 21:00:00+00:00,14.185,76.27666666666667,10.083666666666666,0.0,,,227.0,253.6,4.306333333333334
cavendish,2024-05-06 22:00:00+00:00,13.865333333333332,77.06333333333333,9.927,0.0,,,220.0,125.5,4.304083333333334
cavendish,2024-05-06 23:00:00+00:00,12.001666666666667,82.58666666666666,9.137333333333334,0.0,,,220.0,12.5,4.287583333333333
cavendish,2024-05-07 00:00:00+00:00,10.696333333333333,87.10333333333332,8.65,0.0,,,219.0,1.0,4.258916666666667
cavendish,2024-05-07 01:00:00+00:00,9.956333333333333,89.09333333333333,8.254666666666667,0.0,,,227.0,1.0,4.247083333333333
cavendish,2024-05-07 02:00:00+00:00,9.559333333333335,90.33333333333333,8.064333333333334,0.0,,,232.0,1.0,4.239333333333334
cavendish,2024-05-07 03:00:00+00:00,9.464,90.97333333333333,8.074,0.0,,,223.0,1.0,4.233083333333333
cavendish,2024-05-07 04:00:00+00:00,9.029666666666666,93.75666666666666,8.087333333333333,0.4,,,256.0,1.0,4.227666666666667
cavendish,2024-05-07 05:00:00+00:00,8.428333333333333,95.71666666666667,7.793666666666667,0.0,,,240.0,1.0,4.2236666666666665
cavendish,2024-05-07 06:00:00+00:00,8.384333333333334,96.22666666666667,7.828,0.0,,,267.0,1.0,4.220083333333333
cavendish,2024-05-07 07:00:00+00:00,8.120666666666667,94.92,7.363333333333333,0.0,,,250.0,1.0,4.2164166666666665
cavendish,2024-05-07 08:00:00+00:00,7.694,88.74666666666667,5.962666666666666,0.0,,,295.0,2.1333333333333333,4.215916666666667
cavendish,2024-05-07 09:00:00+00:00,8.016666666666667,85.5,5.7396666666666665,0.0,,,254.0,58.63333333333333,4.285583333333333
cavendish,2024-05-07 10:00:00+00:00,9.779333333333334,78.84666666666666,6.292,0.0,,,286.0,192.23333333333332,4.30925
cavendish,2024-05-07 11:00:00+00:00,11.364333333333333,73.23333333333333,6.749333333333333,0.0,,,296.0,355.1666666666667,4.313833333333333
cavendish,2024-05-07 12:00:00+00:00,11.755333333333335,68.42333333333333,6.145,0.0,,,330.0,521.6333333333333,4.312666666666667
cavendish,2024-05-07 13:00:00+00:00,12.067666666666666,65.02666666666667,5.705333333333333,0.0,,,316.0,664.3,4.31275
cavendish,2024-05-07 14:00:00+00:00,12.108333333333333,65.76,5.907666666666667,0.0,,,355.0,716.3333333333334,4.3068333333333335
cavendish,2024-05-07 15:00:00+00:00,11.696,66.59,5.688999999999999,0.0,,,345.0,803.04,4.311916666666667
cavendish,2024-05-07 16:00:00+00:00,12.132,67.24,6.250333333333333,0.0,,,8.0,856.5666666666667,4.311416666666667
cavendish,2024-05-07 17:00:00+00:00,12.349,66.53333333333333,6.3053333333333335,0.0,,,10.0,838.2333333333333,4.311833333333333
cavendish,2024-05-07 18:00:00+00:00,12.306000000000001,63.13,5.503666666666666,0.0,,,20.0,755.3333333333334,4.311916666666667
cavendish,2024-05-07 19:00:00+00:00,12.473333333333333,60.84666666666667,5.132000000000001,0.0,,,77.0,486.7,4.309333333333334
cavendish,2024-05-07 20:00:00+00:00,10.550999999999998,63.763333333333335,3.98,0.0,,,77.0,136.43333333333334,4.305833333333333
cavendish,2024-05-07 21:00:00+00:00,10.276,65.7,4.1513333333333335,0.0,,,91.0,38.06666666666667,4.305583333333334
cavendish,2024-05-07 22:00:00+00:00,9.33,74.35666666666665,5.002,0.0,,,133.0,27.266666666666666,4.3020000000000005
cavendish,2024-05-07 23:00:00+00:00,8.455333333333334,77.26,4.715333333333334,0.2,,,41.0,2.966666666666667,4.278333333333333
cavendish,2024-05-08 00:00:00+00:00,8.256333333333334,76.20333333333333,4.324,0.0,,,41.0,1.0,4.2540000000000004
cavendish,2024-05-08 01:00:00+00:00,7.700333333333333,79.13666666666667,4.320333333333334,0.0,,,330.0,1.0,4.243833333333334
cavendish,2024-05-08 02:00:00+00:00,7.585,77.76,3.9616666666666664,0.0,,,323.0,1.0,4.236
cavendish,2024-05-08 03:00:00+00:00,7.479666666666666,77.29666666666667,3.771666666666667,0.0,,,309.0,1.0,4.23125
cavendish,2024-05-08 04:00:00+00:00,6.910333333333333,77.62666666666668,3.2800000000000002,0.0,,,313.0,1.0,4.22525
cavendish,2024-05-08 05:00:00+00:00,6.467333333333333,78.57333333333332,3.0206666666666666,0.0,,,316.0,1.0,4.22125
cavendish,2024-05-08 06:00:00+00:00,6.105666666666666,79.85666666666665,2.895,0.0,,,317.0,1.0,4.216666666666667
cavendish,2024-05-08 07:00:00+00:00,5.8516666666666675,80.76666666666667,2.807,0.0,,,309.0,1.0,4.213166666666667
cavendish,2024-05-08 08:00:00+00:00,5.306666666666667,83.76333333333334,2.7873333333333337,0.0,,,302.0,2.033333333333333,4.21425
cavendish,2024-05-08 09:00:00+00:00,5.723,83.14333333333335,3.0866666666666664,0.0,,,284.0,49.8,4.287833333333333
cavendish,2024-05-08 10:00:00+00:00,6.9303333333333335,80.81,3.871,0.0,,,320.0,192.5,4.3060833333333335
cavendish,2024-05-08 11:00:00+00:00,7.046666666666667,82.58,4.290666666666667,0.0,,,326.0,255.66666666666666,4.311083333333333
cavendish,2024-05-08 12:00:00+00:00,6.573333333333333,86.55,4.495333333333334,0.0,,,355.0,205.7,4.307916666666666
cavendish,2024-05-08 13:00:00+00:00,6.114,90.07333333333332,4.613333333333333,0.0,,,6.0,236.1,4.308083333333333
cavendish,2024-05-08 14:00:00+00:00,5.88,92.58,4.774666666666667,0.0,,,20.0,344.03333333333336,4.307083333333334
cavendish,2024-05-08 15:00:00+00:00,5.833,92.31,4.686000000000001,0.0,,,8.0,440.5,4.308916666666667
cavendish,2024-05-08 16:00:00+00:00,6.903666666666667,86.47333333333333,4.806333333333333,0.0,,,32.0,609.5862068965517,4.308916666666667
cavendish,2024-05-08 17:00:00+00:00,7.529,82.11,4.681,0.0,,,59.0,564.0,4.309916666666667
cavendish,2024-05-08 18:00:00+00:00,6.632666666666666,82.72333333333333,3.911,0.0,,,24.0,439.0,4.307166666666666
cavendish,2024-05-08 19:00:00+00:00,6.8406666666666665,81.08,3.829333333333333,0.0,,,39.0,439.1,4.30675
cavendish,2024-05-08 20:00:00+00:00,6.122333333333333,82.44333333333334,3.3609999999999998,0.0,,,67.0,273.3666666666667,4.3075
cavendish,2024-05-08 21:00:00+00:00,5.7956666666666665,84.54666666666667,3.396666666666667,0.0,,,59.0,146.1,4.309333333333334
cavendish,2024-05-08 22:00:00+00:00,4.360333333333333,89.61666666666666,2.8040000000000003,0.0,,,87.0,39.43333333333333,4.303583333333333
cavendish,2024-05-08 23:00:00+00:00,3.841333333333333,91.63000000000001,2.6083333333333334,0.0,,,98.0,2.3,4.274416666666666
cavendish,2024-05-09 00:00:00+00:00,3.7846666666666664,92.49333333333334,2.6820000000000004,0.0,,,98.0,1.0,4.2465
cavendish,2024-05-09 01:00:00+00:00,3.8593333333333333,92.46666666666667,2.7516666666666665,0.0,,,94.0,1.0,4.235083333333333
cavendish,2024-05-09 02:00:00+00:00,3.98,93.66000000000001,3.052,0.2,,,100.0,1.0,4.226916666666667
cavendish,2024-05-09 03:00:00+00:00,3.973,94.97666666666667,3.2449999999999997,0.6000000000000001,,,107.0,1.0,4.221916666666667
cavendish,2024-05-09 04:00:00+00:00,3.9506666666666663,95.61333333333333,3.3179999999999996,0.4,,,108.0,1.0,4.216916666666667
cavendish,2024-05-09 05:00:00+00:00,3.9146666666666667,95.86333333333333,3.3160000000000003,0.6000000000000001,,,100.0,1.0,4.213
cavendish,2024-05-09 06:00:00+00:00,3.787,95.64,3.1563333333333334,0.4,,,98.0,1.0,4.210166666666667
cavendish,2024-05-09 07:00:00+00:00,3.665,95.67,3.039,0.6000000000000001,,,93.0,1.0,4.2082500000000005
cavendish,2024-05-09 08:00:00+00:00,3.497333333333333,95.68666666666667,2.874,0.8,,,94.0,1.0,4.206333333333333
cavendish,2024-05-09 09:00:00+00:00,3.543,95.38666666666667,2.8753333333333333,0.6000000000000001,,,97.0,15.466666666666667,4.26
cavendish,2024-05-09 10:00:00+00:00,3.8883333333333336,95.11,3.18,0.2,,,84.0,59.36666666666667,4.31
cavendish,2024-05-09 11:00:00+00:00,4.153666666666667,95.12666666666668,3.444,0.2,,,94.0,82.0,4.312916666666667
cavendish,2024-05-09 12:00:00+00:00,4.216333333333333,95.41333333333334,3.549,0.4,,,93.0,70.5,4.310416666666667
cavendish,2024-05-09 13:00:00+00:00,4.286333333333333,95.75333333333333,3.6696666666666666,0.4,,,74.0,112.36666666666666,4.3115
cavendish,2024-05-09 14:00:00+00:00,4.651666666666667,95.77,4.038,0.4,,,73.0,216.76666666666668,4.313666666666667
cavendish,2024-05-09 15:00:00+00:00,4.757000000000001,95.49666666666667,4.103,0.2,,,79.0,234.43333333333334,4.312166666666667
cavendish,2024-05-09 16:00:00+00:00,4.693,95.52666666666667,4.041666666666667,0.2,,,79.0,187.06666666666666,4.310416666666667
cavendish,2024-05-09 17:00:00+00:00,4.9943333333333335,94.22333333333333,4.146333333333334,0.4,,,70.0,178.66666666666666,4.313916666666667
cavendish,2024-05-09 18:00:00+00:00,4.833666666666667,94.4,4.012,0.2,,,55.0,178.53333333333333,4.31125
cavendish,2024-05-09 19:00:00+00:00,4.189666666666667,96.17333333333333,3.636,0.2,,,42.0,111.7,4.312166666666667
cavendish,2024-05-09 20:00:00+00:00,3.8753333333333333,95.98,3.2953333333333332,0.0,,,31.0,93.63333333333334,4.307666666666667
cavendish,2024-05-09 21:00:00+00:00,3.5406666666666666,93.65666666666667,2.6143333333333336,0.2,,,48.0,48.2,4.313
cavendish,2024-05-09 22:00:00+00:00,3.311,91.7,2.092,0.2,,,45.0,20.2,4.3012500000000005
cavendish,2024-05-09 23:00:00+00:00,3.1083333333333334,93.00666666666666,2.088,0.0,,,49.0,2.6333333333333333,4.2763333333333335
cavendish,2024-05-10 00:00:00+00:00,3.054666666666667,93.6,2.1246666666666667,0.0,,,51.0,1.0,4.24425
cavendish,2024-05-10 01:00:00+00:00,3.0196666666666667,93.56,2.083,0.0,,,49.0,1.0,4.2315
cavendish,2024-05-10 02:00:00+00:00,2.8866666666666663,94.18666666666667,2.0443333333333333,0.0,,,41.0,1.0,4.222833333333333
cavendish,2024-05-10 03:00:00+00:00,2.9613333333333336,94.77666666666666,2.2063333333333333,0.0,,,29.0,1.0,4.216166666666667
cavendish,2024-05-10 04:00:00+00:00,2.9716666666666667,94.86666666666666,2.2303333333333333,0.0,,,31.0,1.0,4.21075
cavendish,2024-05-10 05:00:00+00:00,2.975,93.88000000000001,2.086666666666667,0.0,,,46.0,1.0,4.208
cavendish,2024-05-10 06:00:00+00:00,2.8356666666666666,92.67,1.767,0.0,,,38.0,1.0,4.2045
cavendish,2024-05-10 07:00:00+00:00,2.622333333333333,91.97666666666667,1.4496666666666667,0.0,,,32.0,1.0,4.203416666666667
cavendish,2024-05-10 08:00:00+00:00,2.6006666666666667,92.05,1.4400000000000002,0.0,,,41.0,1.8333333333333333,4.203416666666667
cavendish,2024-05-10 09:00:00+00:00,2.8183333333333334,90.59666666666666,1.4346666666666665,0.0,,,28.0,37.266666666666666,4.2845
cavendish,2024-05-10 10:00:00+00:00,3.5036666666666667,89.64,1.9643333333333333,0.0,,,45.0,78.83333333333333,4.310666666666667
cavendish,2024-05-10 11:00:00+00:00,4.091333333333333,88.97333333333333,2.441666666666667,0.0,,,55.0,127.93333333333334,4.31375
cavendish,2024-05-10 12:00:00+00:00,4.499666666666667,89.01,2.8489999999999998,0.0,,,32.0,187.66666666666666,4.313833333333333
cavendish,2024-05-10 13:00:00+00:00,4.994,88.46000000000001,3.249,0.0,,,45.0,263.0,4.31475
cavendish,2024-05-10 14:00:00+00:00,5.462,87.64,3.5786666666666664,0.0,,,37.0,326.3333333333333,4.314416666666667
cavendish,2024-05-10 15:00:00+00:00,5.873666666666667,87.31333333333333,3.932666666666667,0.0,,,32.0,429.56666666666666,4.31325
cavendish,2024-05-10 16:00:00+00:00,6.675333333333333,86.51666666666667,4.591666666666667,0.0,,,24.0,487.4,4.309833333333333
cavendish,2024-05-10 17:00:00+00:00,6.524666666666667,87.32666666666667,4.576333333333333,0.0,,,25.0,534.9666666666667,4.311833333333333
cavendish,2024-05-10 18:00:00+00:00,6.8790000000000004,87.7,4.987333333333334,0.0,,,21.0,545.4333333333333,4.311833333333333
cavendish,2024-05-10 19:00:00+00:00,7.051666666666667,86.36333333333333,4.935999999999999,0.0,,,10.0,480.6666666666667,4.31
cavendish,2024-05-10 20:00:00+00:00,6.567666666666667,88.76,4.850333333333333,0.0,,,14.0,366.46666666666664,4.3133333333333335
cavendish,2024-05-10 21:00:00+00:00,7.0696666666666665,87.25333333333333,5.102666666666667,0.0,,,21.0,308.23333333333335,4.312083333333334
cavendish,2024-05-10 22:00:00+00:00,6.722333333333333,87.31333333333333,4.767666666666667,0.0,,,42.0,144.4,4.307416666666667
cavendish,2024-05-10 23:00:00+00:00,4.661333333333333,92.25333333333333,3.5126666666666666,0.0,,,17.0,16.333333333333332,4.291166666666666
cavendish,2024-05-11 00:00:00+00:00,3.3096666666666668,94.86666666666666,2.568,0.0,,,11.0,1.0,4.254583333333334
cavendish,2024-05-11 01:00:00+00:00,2.337,95.45,1.6833333333333333,0.0,,,11.0,1.0,4.237916666666667
cavendish,2024-05-11 02:00:00+00:00,1.5833333333333333,95.93,1.003,0.0,,,11.0,1.0,4.226583333333333
cavendish,2024-05-11 03:00:00+00:00,1.651,96.30666666666666,1.1253333333333333,0.0,,,11.0,1.0,4.217583333333334
cavendish,2024-05-11 04:00:00+00:00,2.079333333333333,96.86,1.6313333333333333,0.0,,,11.0,1.0,4.2115
cavendish,2024-05-11 05:00:00+00:00,1.212,97.31333333333333,0.8316666666666667,0.0,,,11.0,1.0,4.205583333333333
cavendish,2024-05-11 06:00:00+00:00,0.45666666666666667,97.66000000000001,0.12533333333333332,0.0,,,225.0,1.0,4.2026666666666666
cavendish,2024-05-11 07:00:00+00:00,0.8626666666666666,97.93333333333334,0.5706666666666667,0.0,,,225.0,1.0,4.198250000000001
cavendish,2024-05-11 08:00:00+00:00,0.5563333333333333,98.15,0.296,0.0,,,225.0,2.6666666666666665,4.203666666666667
cavendish,2024-05-11 09:00:00+00:00,2.806,97.85,2.5003333333333333,0.0,,,225.0,64.33333333333333,4.297166666666667
cavendish,2024-05-11 10:00:00+00:00,4.636,97.03999999999999,4.209,0.0,,,132.0,213.16666666666666,4.315833333333333
cavendish,2024-05-11 11:00:00+00:00,5.9383333333333335,92.6,4.833333333333333,0.0,,,44.0,369.03333333333336,4.31
cavendish,2024-05-11 12:00:00+00:00,7.702,85.82,5.477333333333333,0.0,,,107.0,530.7333333333333,4.3145
cavendish,2024-05-11 13:00:00+00:00,8.145333333333333,81.50666666666666,5.179,0.0,,,111.0,454.2,4.31475
cavendish,2024-05-11 14:00:00+00:00,8.115333333333334,81.03666666666666,5.066333333333334,0.0,,,53.0,470.8,4.312416666666667
cavendish,2024-05-11 15:00:00+00:00,7.842,84.07,5.3276666666666666,0.0,,,51.0,553.4,4.3133333333333335
cavendish,2024-05-11 16:00:00+00:00,8.074333333333334,83.43333333333334,5.444999999999999,0.0,,,49.0,630.0689655172414,4.311166666666667
cavendish,2024-05-11 17:00:00+00:00,7.388333333333334,85.44666666666667,5.114333333333334,0.0,,,56.0,454.03333333333336,4.31125
cavendish,2024-05-11 18:00:00+00:00,7.404,85.71333333333334,5.176,0.0,,,62.0,431.3448275862069,4.312
cavendish,2024-05-11 19:00:00+00:00,7.077666666666667,86.75,5.026333333333333,0.0,,,67.0,286.96666666666664,4.309583333333333
cavendish,2024-05-11 20:00:00+00:00,6.391666666666667,89.83333333333333,4.849,0.0,,,69.0,184.73333333333332,4.3125
cavendish,2024-05-11 21:00:00+00:00,6.383333333333334,90.73333333333333,4.985333333333333,0.0,,,66.0,143.2,4.309583333333333
cavendish,2024-05-11 22:00:00+00:00,7.468333333333334,86.66333333333334,5.397333333333333,0.0,,,81.0,153.8,4.313666666666667
cavendish,2024-05-11 23:00:00+00:00,5.658333333333333,88.92333333333333,3.976,0.0,,,77.0,17.766666666666666,4.290916666666667
cavendish,2024-05-12 00:00:00+00:00,4.711333333333333,92.38666666666667,3.5843333333333334,0.0,,,63.0,1.0,4.255916666666667
cavendish,2024-05-12 01:00:00+00:00,4.805666666666667,92.03666666666666,3.6246666666666667,0.0,,,70.0,1.0,4.240583333333333
cavendish,2024-05-12 02:00:00+00:00,4.956666666666666,90.52666666666667,3.5406666666666666,0.0,,,65.0,1.0,4.231833333333333
cavendish,2024-05-12 03:00:00+00:00,5.111666666666666,89.94666666666667,3.602333333333333,0.0,,,79.0,1.0,4.22525
cavendish,2024-05-12 04:00:00+00:00,4.9783333333333335,89.12333333333332,3.3400000000000003,0.0,,,67.0,1.0,4.219333333333334
cavendish,2024-05-12 05:00:00+00:00,4.466666666666667,90.43333333333334,3.0396666666666667,0.0,,,94.0,1.0,4.214666666666667
cavendish,2024-05-12 06:00:00+00:00,4.225666666666666,92.42666666666668,3.1093333333333333,0.0,,,72.0,1.0,4.211749999999999
cavendish,2024-05-12 07:00:00+00:00,4.180666666666666,93.20666666666666,3.183666666666667,0.0,,,69.0,1.0,4.20775
cavendish,2024-05-12 08:00:00+00:00,4.22,92.75333333333333,3.1536666666666666,0.0,,,69.0,1.3666666666666667,4.208333333333333
cavendish,2024-05-12 09:00:00+00:00,4.545,92.96333333333334,3.5083333333333333,0.0,,,65.0,10.733333333333333,4.25225
cavendish,2024-05-12 10:00:00+00:00,4.818,92.80333333333333,3.755666666666667,0.0,,,53.0,66.5,4.309333333333334
cavendish,2024-05-12 11:00:00+00:00,5.228,91.74,3.9979999999999998,0.0,,,37.0,137.06666666666666,4.313916666666667
cavendish,2024-05-12 12:00:00+00:00,5.626666666666667,89.13000000000001,3.9823333333333335,0.0,,,32.0,163.4,4.314
cavendish,2024-05-12 13:00:00+00:00,6.120333333333334,88.46333333333334,4.363333333333333,0.0,,,14.0,239.93333333333334,4.3095
cavendish,2024-05-12 14:00:00+00:00,5.935999999999999,90.54666666666667,4.5120000000000005,0.0,,,6.0,193.53333333333333,4.313916666666667
cavendish,2024-05-12 15:00:00+00:00,6.053666666666667,90.95666666666666,4.693333333333333,0.0,,,1.0,215.9,4.311333333333334
cavendish,2024-05-12 16:00:00+00:00,6.1593333333333335,90.61,4.744,0.0,,,7.0,217.73333333333332,4.312583333333333
cavendish,2024-05-12 17:00:00+00:00,6.771,89.65333333333334,5.197333333333333,0.0,,,350.0,331.6666666666667,4.3133333333333335
cavendish,2024-05-12 18:00:00+00:00,6.982666666666666,88.38333333333334,5.202,0.0,,,354.0,384.0,4.310083333333334
cavendish,2024-05-12 19:00:00+00:00,6.772,87.46333333333334,4.843,0.0,,,7.0,369.8,4.3125
cavendish,2024-05-12 20:00:00+00:00,6.351333333333333,87.43333333333334,4.422333333333333,0.0,,,18.0,231.13333333333333,4.31
cavendish,2024-05-12 21:00:00+00:00,6.245333333333334,87.17333333333333,4.275333333333333,0.0,,,8.0,162.1,4.3101666666666665
cavendish,2024-05-12 22:00:00+00:00,6.022666666666667,87.47666666666667,4.1066666666666665,0.0,,,4.0,83.06666666666666,4.310583333333334
cavendish,2024-05-12 23:00:00+00:00,5.087666666666666,87.57333333333332,3.198,0.0,,,358.0,19.333333333333332,4.29025
cavendish,2024-05-13 00:00:00+00:00,4.316999999999999,90.37333333333332,2.8819999999999997,0.0,,,46.0,1.0,4.253916666666666
cavendish,2024-05-13 01:00:00+00:00,3.964,91.82333333333332,2.7569999999999997,0.0,,,350.0,1.0,4.238
cavendish,2024-05-13 02:00:00+00:00,4.283666666666666,91.92333333333333,3.0906666666666665,0.0,,,355.0,1.0,4.229
cavendish,2024-05-13 03:00:00+00:00,3.6363333333333334,92.90333333333334,2.5973333333333333,0.0,,,55.0,1.0,4.221
cavendish,2024-05-13 04:00:00+00:00,2.6096666666666666,93.06333333333333,1.6023333333333334,0.0,,,77.0,1.0,4.215833333333333
cavendish,2024-05-13 05:00:00+00:00,1.2676666666666667,93.61666666666666,0.3506666666666666,0.0,,,44.0,1.0,4.210333333333334
cavendish,2024-05-13 06:00:00+00:00,1.5683333333333331,95.02333333333333,0.8566666666666667,0.0,,,44.0,1.0,4.2055
cavendish,2024-05-13 07:00:00+00:00,0.10033333333333333,95.47333333333333,-0.541,0.0,,,44.0,1.0,4.20175
cavendish,2024-05-13 08:00:00+00:00,0.6913333333333332,96.07,0.13566666666666669,0.0,,,44.0,3.2,4.20775
cavendish,2024-05-13 09:00:00+00:00,2.6686666666666667,95.59333333333333,2.0349999999999997,0.0,,,192.0,79.2,4.300833333333333
cavendish,2024-05-13 10:00:00+00:00,5.366333333333333,92.17666666666668,4.197666666666667,0.0,,,212.0,201.33333333333334,4.3125
cavendish,2024-05-13 11:00:00+00:00,7.831333333333333,81.97,4.944999999999999,0.0,,,199.0,366.7,4.312833333333333
cavendish,2024-05-13 12:00:00+00:00,10.214666666666666,72.63333333333334,5.519666666666667,0.0,,,239.0,524.8,4.315166666666666
cavendish,2024-05-13 13:00:00+00:00,11.241999999999999,68.92333333333333,5.757000000000001,0.0,,,240.0,670.4666666666667,4.311
cavendish,2024-05-13 14:00:00+00:00,11.769666666666666,67.13333333333334,5.881333333333333,0.0,,,18.0,781.6333333333333,4.315666666666667
cavendish,2024-05-13 15:00:00+00:00,13.166,64.10333333333332,6.538666666666667,0.0,,,58.0,853.6666666666666,4.31525
cavendish,2024-05-13 16:00:00+00:00,13.847333333333333,62.51,6.823333333333333,0.0,,,59.0,875.7,4.312833333333334
cavendish,2024-05-13 17:00:00+00:00,15.642,52.31333333333334,5.887333333333333,0.0,,,81.0,843.4333333333333,4.313083333333333
cavendish,2024-05-13 18:00:00+00:00,16.389,49.236666666666665,5.73,0.0,,,105.0,755.5,4.313583333333333
cavendish,2024-05-13 19:00:00+00:00,16.710333333333335,49.85333333333333,6.2056666666666676,0.0,,,83.0,643.4666666666667,4.313
cavendish,2024-05-13 20:00:00+00:00,16.675,48.36333333333334,5.717333333333333,0.0,,,80.0,498.93333333333334,4.313833333333333
cavendish,2024-05-13 21:00:00+00:00,15.799333333333333,48.29666666666667,4.9030000000000005,0.0,,,152.0,321.76666666666665,4.311333333333334
cavendish,2024-05-13 22:00:00+00:00,13.469666666666665,54.9,4.576666666666667,0.0,,,132.0,158.26666666666668,4.308
cavendish,2024-05-13 23:00:00+00:00,10.022,65.17666666666666,3.7560000000000002,0.0,,,131.0,17.366666666666667,4.292083333333333
cavendish,2024-05-14 00:00:00+00:00,8.890666666666666,73.30666666666666,4.384666666666666,0.0,,,142.0,1.0,4.2615
cavendish,2024-05-14 01:00:00+00:00,8.585333333333333,71.83,3.8,0.0,,,188.0,1.0,4.249416666666667
cavendish,2024-05-14 02:00:00+00:00,8.089666666666666,73.27,3.6043333333333334,0.0,,,183.0,1.0,4.241083333333333
cavendish,2024-05-14 03:00:00+00:00,7.692666666666667,69.62666666666668,2.499,0.0,,,180.0,1.0,4.234333333333333
cavendish,2024-05-14 04:00:00+00:00,7.3580000000000005,70.86333333333333,2.42,0.0,,,178.0,1.0,4.228916666666667
cavendish,2024-05-14 05:00:00+00:00,6.4766666666666675,77.78999999999999,2.8873333333333333,0.0,,,185.0,1.0,4.224083333333334
cavendish,2024-05-14 06:00:00+00:00,6.339333333333333,76.58999999999999,2.5313333333333334,0.0,,,167.0,1.0,4.220083333333334
cavendish,2024-05-14 07:00:00+00:00,6.365666666666667,71.86999999999999,1.6616666666666666,0.0,,,175.0,1.0,4.216333333333334
cavendish,2024-05-14 08:00:00+00:00,5.881666666666666,70.79666666666667,0.9760000000000001,0.0,,,250.0,2.8666666666666667,4.21975
cavendish,2024-05-14 09:00:00+00:00,8.729000000000001,60.806666666666665,1.5713333333333332,0.0,,,163.0,62.63333333333333,4.298
cavendish,2024-05-14 10:00:00+00:00,11.580333333333334,53.64666666666667,2.5006666666666666,0.0,,,171.0,209.13333333333333,4.314916666666666
cavendish,2024-05-14 11:00:00+00:00,12.406333333333333,53.21,3.1603333333333334,0.0,,,147.0,377.93333333333334,4.317333333333333
cavendish,2024-05-14 12:00:00+00:00,14.486333333333333,52.336666666666666,4.847666666666667,0.0,,,156.0,542.1666666666666,4.31475
cavendish,2024-05-14 13:00:00+00:00,16.378666666666668,49.230000000000004,5.72,0.0,,,133.0,686.3,4.313916666666667
cavendish,2024-05-14 14:00:00+00:00,17.601333333333333,45.29,5.628,0.0,,,121.0,799.1333333333333,4.313416666666666
cavendish,2024-05-14 15:00:00+00:00,15.995,49.88666666666666,5.5056666666666665,0.0,,,124.0,864.4,4.313166666666667
cavendish,2024-05-14 16:00:00+00:00,16.029666666666667,45.269999999999996,4.157,0.0,,,59.0,881.8333333333334,4.31375
cavendish,2024-05-14 17:00:00+00:00,16.927,36.736666666666665,2.036,0.0,,,97.0,843.6333333333333,4.315166666666666
cavendish,2024-05-14 18:00:00+00:00,16.378333333333334,40.50333333333333,2.9323333333333332,0.0,,,95.0,761.7333333333333,4.3125
cavendish,2024-05-14 19:00:00+00:00,16.352666666666668,36.85333333333333,1.5859999999999999,0.0,,,124.0,642.1,4.3148333333333335
cavendish,2024-05-14 20:00:00+00:00,15.461666666666668,38.736666666666665,1.466,0.0,,,132.0,487.6,4.3148333333333335
cavendish,2024-05-14 21:00:00+00:00,13.879333333333333,44.97666666666667,2.143333333333333,0.0,,,133.0,318.26666666666665,4.312
cavendish,2024-05-14 22:00:00+00:00,12.264999999999999,50.45666666666667,2.263,0.0,,,136.0,148.3,4.3075
cavendish,2024-05-14 23:00:00+00:00,9.429666666666666,61.809999999999995,2.449,0.0,,,135.0,18.266666666666666,4.293583333333333
cavendish,2024-05-15 00:00:00+00:00,8.233666666666666,71.71333333333334,3.4376666666666664,0.0,,,136.0,1.0,4.2636666666666665
cavendish,2024-05-15 01:00:00+00:00,7.969333333333333,75.73,3.9563333333333333,0.0,,,140.0,1.0,4.251083333333333
cavendish,2024-05-15 02:00:00+00:00,7.433333333333334,80.33999999999999,4.272666666666667,0.0,,,133.0,1.0,4.2435
cavendish,2024-05-15 03:00:00+00:00,6.586,83.61333333333333,4.015666666666666,0.0,,,173.0,1.0,4.236833333333333
cavendish,2024-05-15 04:00:00+00:00,5.931666666666667,82.92666666666668,3.259333333333333,0.0,,,173.0,1.0,4.231916666666667
cavendish,2024-05-15 05:00:00+00:00,5.509,85.04666666666667,3.202,0.0,,,173.0,1.0,4.225833333333333
cavendish,2024-05-15 06:00:00+00:00,5.921,85.78999999999999,3.7293333333333334,0.0,,,175.0,1.0,4.222583333333334
cavendish,2024-05-15 07:00:00+00:00,6.790333333333334,85.18333333333334,4.482333333333333,0.0,,,234.0,1.0,4.219916666666667
cavendish,2024-05-15 08:00:00+00:00,8.058666666666666,82.10333333333332,5.178666666666667,0.0,,,234.0,2.8,4.2245
cavendish,2024-05-15 09:00:00+00:00,8.215333333333334,83.72333333333333,5.635000000000001,0.0,,,132.0,57.7,4.301416666666666
cavendish,2024-05-15 10:00:00+00:00,11.929666666666666,76.79333333333334,7.972333333333334,0.0,,,132.0,203.16666666666666,4.3116666666666665
cavendish,2024-05-15 11:00:00+00:00,14.257,69.91333333333334,8.854999999999999,0.0,,,265.0,365.56666666666666,4.316833333333333
cavendish,2024-05-15 12:00:00+00:00,16.271,64.34,9.505666666666666,0.0,,,0.0,523.6,4.3155833333333335
cavendish,2024-05-15 13:00:00+00:00,18.366666666666667,52.626666666666665,8.523,0.0,,,114.0,659.4,4.315166666666666
cavendish,2024-05-15 14:00:00+00:00,17.162666666666667,52.730000000000004,7.438000000000001,0.0,,,48.0,764.5333333333333,4.3155
cavendish,2024-05-15 15:00:00+00:00,16.756333333333334,52.61,6.988,0.0,,,60.0,828.7666666666667,4.313166666666667
cavendish,2024-05-15 16:00:00+00:00,16.998666666666665,51.309999999999995,6.880333333333334,0.0,,,79.0,846.4,4.314333333333333
cavendish,2024-05-15 17:00:00+00:00,16.921666666666667,48.730000000000004,6.0696666666666665,0.0,,,91.0,812.8666666666667,4.314166666666667
cavendish,2024-05-15 18:00:00+00:00,18.282666666666668,51.306666666666665,8.072333333333335,0.0,,,86.0,755.2333333333333,4.314166666666667
cavendish,2024-05-15 19:00:00+00:00,17.301,55.233333333333334,8.250666666666667,0.0,,,87.0,606.6,4.31475
cavendish,2024-05-15 20:00:00+00:00,17.52,55.07,8.408333333333333,0.0,,,97.0,444.76666666666665,4.314916666666666
cavendish,2024-05-15 21:00:00+00:00,14.825999999999999,62.46666666666667,7.730666666666667,0.0,,,118.0,253.06666666666666,4.3116666666666665
cavendish,2024-05-15 22:00:00+00:00,11.569333333333333,74.43,7.178,0.0,,,112.0,49.53333333333333,4.307333333333333
cavendish,2024-05-15 23:00:00+00:00,10.217333333333332,80.3,6.982666666666666,0.0,,,117.0,10.433333333333334,4.2915
cavendish,2024-05-16 00:00:00+00:00,9.587,83.64,6.96,0.0,,,138.0,1.0,4.263
cavendish,2024-05-16 01:00:00+00:00,9.397333333333334,86.04333333333334,7.189333333333334,0.0,,,129.0,1.0,4.251416666666667
cavendish,2024-05-16 02:00:00+00:00,9.633000000000001,86.02666666666667,7.421666666666667,0.0,,,104.0,1.0,4.2455
cavendish,2024-05-16 03:00:00+00:00,9.585,85.41666666666667,7.2683333333333335,0.0,,,118.0,1.0,4.24075
cavendish,2024-05-16 04:00:00+00:00,9.308666666666666,85.66666666666667,7.038333333333333,0.0,,,111.0,1.0,4.237
cavendish,2024-05-16 05:00:00+00:00,9.229666666666667,86.16666666666667,7.047333333333333,0.0,,,122.0,1.0,4.233416666666667
cavendish,2024-05-16 06:00:00+00:00,8.663333333333332,87.57333333333332,6.725333333333333,0.0,,,122.0,1.0,4.230416666666667
cavendish,2024-05-16 07:00:00+00:00,8.281,89.31,6.635000000000001,0.0,,,131.0,1.0,4.226583333333333
cavendish,2024-05-16 08:00:00+00:00,8.049666666666667,89.72,6.472666666666667,0.0,,,97.0,2.566666666666667,4.2295
cavendish,2024-05-16 09:00:00+00:00,7.833,90.26,6.346333333333334,0.0,,,132.0,47.56666666666667,4.298166666666667
cavendish,2024-05-16 10:00:00+00:00,9.501,87.69333333333334,7.566333333333334,0.0,,,126.0,160.56666666666666,4.315
cavendish,2024-05-16 11:00:00+00:00,13.433,78.38666666666667,9.740333333333332,0.0,,,140.0,338.5,4.315166666666667
cavendish,2024-05-16 12:00:00+00:00,14.439666666666666,73.75666666666666,9.815666666666665,0.0,,,125.0,508.46666666666664,4.313166666666667
cavendish,2024-05-16 13:00:00+00:00,12.511666666666667,78.20333333333333,8.829666666666666,0.0,,,41.0,642.9,4.314333333333333
cavendish,2024-05-16 14:00:00+00:00,12.998666666666667,75.61333333333333,8.802999999999999,0.0,,,73.0,676.5,4.314916666666666
cavendish,2024-05-16 15:00:00+00:00,12.302666666666665,76.76333333333334,8.353,0.0,,,86.0,609.1034482758621,4.313083333333333
cavendish,2024-05-16 16:00:00+00:00,12.062000000000001,76.53333333333333,8.072,0.0,,,79.0,694.9333333333333,4.312916666666667
cavendish,2024-05-16 17:00:00+00:00,11.542666666666666,78.7,7.980666666666666,0.0,,,55.0,769.9666666666667,4.313
cavendish,2024-05-16 18:00:00+00:00,11.375,78.71000000000001,7.818333333333333,0.0,,,59.0,621.5333333333333,4.31325
cavendish,2024-05-16 19:00:00+00:00,11.235000000000001,79.28999999999999,7.787,0.0,,,87.0,618.9333333333333,4.311916666666667
cavendish,2024-05-16 20:00:00+00:00,10.404333333333334,81.28666666666666,7.345666666666667,0.0,,,69.0,474.1666666666667,4.312666666666666
cavendish,2024-05-16 21:00:00+00:00,9.563333333333333,84.68,7.12,0.0,,,38.0,312.6666666666667,4.312666666666667
cavendish,2024-05-16 22:00:00+00:00,8.782333333333332,87.46333333333334,6.823333333333333,0.0,,,37.0,149.0,4.315166666666666
cavendish,2024-05-16 23:00:00+00:00,7.447,91.55666666666666,6.168666666666667,0.0,,,10.0,21.266666666666666,4.2973333333333334
cavendish,2024-05-17 00:00:00+00:00,6.882666666666666,93.75,5.952333333333333,0.0,,,38.0,1.0,4.263
cavendish,2024-05-17 01:00:00+00:00,6.503,94.75,5.7283333333333335,0.0,,,51.0,1.0,4.24825
cavendish,2024-05-17 02:00:00+00:00,6.4623333333333335,95.45666666666666,5.795333333333333,0.0,,,63.0,1.0,4.240916666666666
cavendish,2024-05-17 03:00:00+00:00,6.448666666666667,95.97333333333333,5.858666666666666,0.0,,,53.0,1.0,4.234416666666667
cavendish,2024-05-17 04:00:00+00:00,6.391666666666667,96.26333333333334,5.845333333333333,0.0,,,60.0,1.0,4.230916666666666
cavendish,2024-05-17 05:00:00+00:00,6.041666666666667,96.55666666666666,5.539333333333333,0.0,,,39.0,1.0,4.226500000000001
cavendish,2024-05-17 06:00:00+00:00,5.463666666666667,96.86999999999999,5.010666666666666,0.0,,,62.0,1.0,4.223083333333333
cavendish,2024-05-17 07:00:00+00:00,5.6659999999999995,97.20333333333333,5.2620000000000005,0.0,,,62.0,1.0,4.219083333333333
cavendish,2024-05-17 08:00:00+00:00,5.6866666666666665,97.41666666666667,5.313666666666666,0.0,,,28.0,5.266666666666667,4.2227500000000004
cavendish,2024-05-17 09:00:00+00:00,6.781666666666666,96.97666666666667,6.340999999999999,0.0,,,28.0,79.46666666666667,4.304166666666666
cavendish,2024-05-17 10:00:00+00:00,8.053333333333333,95.54666666666667,7.393666666666666,0.0,,,38.0,205.46666666666667,4.309916666666667
cavendish,2024-05-17 11:00:00+00:00,9.481333333333334,90.66000000000001,8.037666666666667,0.0,,,48.0,367.2,4.312583333333333
cavendish,2024-05-17 12:00:00+00:00,9.847666666666667,87.58999999999999,7.894333333333333,0.0,,,46.0,525.6333333333333,4.312916666666667
cavendish,2024-05-17 13:00:00+00:00,10.322333333333335,85.19333333333334,7.955,0.0,,,38.0,664.5,4.3135
cavendish,2024-05-17 14:00:00+00:00,10.758999999999999,83.16666666666667,8.028333333333332,0.0,,,45.0,770.1666666666666,4.31425
cavendish,2024-05-17 15:00:00+00:00,10.945666666666666,80.83999999999999,7.793,0.0,,,31.0,836.1,4.310333333333333
cavendish,2024-05-17 16:00:00+00:00,11.413333333333332,79.70333333333333,8.04,0.0,,,28.0,856.0,4.310416666666667
cavendish,2024-05-17 17:00:00+00:00,12.015333333333333,78.84666666666666,8.469,0.0,,,70.0,822.8666666666667,4.3105
cavendish,2024-05-17 18:00:00+00:00,13.053333333333335,76.4,9.01,0.0,,,49.0,744.7,4.310416666666667
cavendish,2024-05-17 19:00:00+00:00,13.526333333333334,75.36666666666666,9.266,0.0,,,76.0,625.5666666666667,4.3109166666666665
cavendish,2024-05-17 20:00:00+00:00,12.618333333333334,77.81,8.858666666666666,0.0,,,67.0,475.6,4.3105
cavendish,2024-05-17 21:00:00+00:00,11.367666666666668,81.27333333333333,8.286,0.0,,,58.0,310.76666666666665,4.31
cavendish,2024-05-17 22:00:00+00:00,10.202,84.39333333333335,7.694333333333334,0.0,,,49.0,135.06666666666666,4.308333333333334
cavendish,2024-05-17 23:00:00+00:00,8.295333333333334,90.57,6.85,0.0,,,37.0,8.3,4.290583333333333
cavendish,2024-05-18 00:00:00+00:00,7.907333333333333,92.98666666666666,6.848333333333333,0.0,,,55.0,1.0,4.2612499999999995
cavendish,2024-05-18 01:00:00+00:00,7.744666666666666,94.24666666666667,6.888,0.0,,,55.0,1.0,4.246666666666667
cavendish,2024-05-18 02:00:00+00:00,7.813999999999999,95.00666666666666,7.074,0.0,,,133.0,1.0,4.239833333333333
cavendish,2024-05-18 03:00:00+00:00,8.525666666666666,94.81666666666666,7.751333333333333,0.0,,,108.0,1.0,4.234
cavendish,2024-05-18 04:00:00+00:00,8.349666666666668,94.62333333333332,7.548666666666667,0.0,,,115.0,1.0,4.230416666666667
cavendish,2024-05-18 05:00:00+00:00,7.626333333333333,94.84333333333333,6.8613333333333335,0.0,,,110.0,1.0,4.226583333333333
cavendish,2024-05-18 06:00:00+00:00,7.184666666666667,95.53666666666666,6.526,0.0,,,132.0,1.0,4.223583333333333
cavendish,2024-05-18 07:00:00+00:00,6.929333333333333,96.2,6.373,0.0,,,132.0,1.0,4.2203333333333335
cavendish,2024-05-18 08:00:00+00:00,6.969666666666667,96.62333333333332,6.475666666666667,0.0,,,139.0,4.2,4.227833333333334
cavendish,2024-05-18 09:00:00+00:00,8.517333333333333,96.53999999999999,8.008666666666667,0.0,,,133.0,83.7,4.30675
cavendish,2024-05-18 10:00:00+00:00,11.359333333333332,95.18666666666667,10.628333333333334,0.0,,,128.0,186.73333333333332,4.31625
cavendish,2024-05-18 11:00:00+00:00,12.382333333333333,90.61,10.900666666666666,0.0,,,122.0,305.5,4.313916666666667
cavendish,2024-05-18 12:00:00+00:00,11.995000000000001,88.03999999999999,10.085333333333333,0.0,,,65.0,468.56666666666666,4.316416666666666
cavendish,2024-05-18 13:00:00+00:00,13.332666666666666,84.46000000000001,10.779,0.0,,,39.0,697.5333333333333,4.310583333333333
cavendish,2024-05-18 14:00:00+00:00,16.459666666666667,77.56666666666666,12.531333333333333,0.0,,,91.0,773.1,4.309
cavendish,2024-05-18 15:00:00+00:00,17.811666666666667,71.60333333333332,12.627666666666666,0.0,,,125.0,808.3666666666667,4.3109166666666665
cavendish,2024-05-18 16:00:00+00:00,15.762333333333334,75.31666666666666,11.413333333333332,0.0,,,94.0,738.6,4.3101666666666665
cavendish,2024-05-18 17:00:00+00:00,15.539333333333333,76.18666666666667,11.378333333333334,0.0,,,81.0,734.5333333333333,4.30975
cavendish,2024-05-18 18:00:00+00:00,16.059666666666665,73.99333333333334,11.438333333333333,0.0,,,74.0,651.7666666666667,4.311166666666667
cavendish,2024-05-18 19:00:00+00:00,14.084,78.83999999999999,10.477333333333332,0.0,,,87.0,384.9,4.31025
cavendish,2024-05-18 20:00:00+00:00,12.896333333333333,83.19333333333334,10.127333333333333,0.0,,,81.0,309.6333333333333,4.31025
cavendish,2024-05-18 21:00:00+00:00,12.060666666666666,85.58333333333333,9.730666666666668,0.0,,,101.0,169.9,4.308583333333334
cavendish,2024-05-18 22:00:00+00:00,11.963333333333333,85.31333333333333,9.587333333333333,0.0,,,88.0,73.96666666666667,4.312916666666667
cavendish,2024-05-18 23:00:00+00:00,11.433666666666666,85.8,9.152,0.0,,,129.0,12.566666666666666,4.295
cavendish,2024-05-19 00:00:00+00:00,11.845666666666666,85.76333333333334,9.549000000000001,0.0,,,129.0,1.0,4.264333333333333
cavendish,2024-05-19 01:00:00+00:00,12.061333333333332,83.01,9.277999999999999,0.0,,,138.0,1.0,4.2540000000000004
cavendish,2024-05-19 02:00:00+00:00,11.311666666666667,84.48,8.802,0.0,,,136.0,1.0,4.247166666666667
cavendish,2024-05-19 03:00:00+00:00,10.629666666666667,84.91000000000001,8.207,0.0,,,143.0,1.0,4.2411666666666665
cavendish,2024-05-19 04:00:00+00:00,9.912333333333333,84.05666666666666,7.355666666666666,0.0,,,136.0,1.0,4.2365
cavendish,2024-05-19 05:00:00+00:00,9.171333333333333,85.78,6.924333333333333,0.0,,,150.0,1.0,4.232083333333334
cavendish,2024-05-19 06:00:00+00:00,8.531666666666666,88.47,6.7443333333333335,0.0,,,136.0,1.0,4.228916666666667
cavendish,2024-05-19 07:00:00+00:00,7.987333333333334,89.94666666666667,6.4479999999999995,0.0,,,159.0,1.0,4.2251666666666665
cavendish,2024-05-19 08:00:00+00:00,7.810666666666666,91.74333333333334,6.5600000000000005,0.0,,,124.0,2.8,4.227
cavendish,2024-05-19 09:00:00+00:00,8.469,91.90666666666668,7.239999999999999,0.0,,,136.0,42.03333333333333,4.30025
cavendish,2024-05-19 10:00:00+00:00,9.233333333333333,91.08999999999999,7.864,0.0,,,136.0,78.6,4.313833333333333
cavendish,2024-05-19 11:00:00+00:00,9.716666666666667,90.42333333333333,8.235,0.0,,,150.0,85.5,4.31375
cavendish,2024-05-19 12:00:00+00:00,9.563666666666668,90.22666666666667,8.051666666666668,0.0,,,128.0,99.86666666666666,4.312416666666667
cavendish,2024-05-19 13:00:00+00:00,10.083,89.65333333333334,8.470333333333333,0.0,,,115.0,138.3,4.316833333333333
cavendish,2024-05-19 14:00:00+00:00,11.858666666666666,84.53999999999999,9.341000000000001,0.0,,,133.0,390.3333333333333,4.312
cavendish,2024-05-19 15:00:00+00:00,14.129,76.78999999999999,10.122000000000002,0.0,,,110.0,656.0357142857143,4.314583333333333
cavendish,2024-05-19 16:00:00+00:00,14.873333333333333,73.99,10.293000000000001,0.0,,,125.0,607.0,4.310083333333334
cavendish,2024-05-19 17:00:00+00:00,15.861333333333333,71.50333333333333,10.730666666666668,0.0,,,95.0,700.1785714285714,4.309833333333334
cavendish,2024-05-19 18:00:00+00:00,14.417333333333334,74.33666666666666,9.902333333333333,0.0,,,112.0,454.8,4.31125
cavendish,2024-05-19 19:00:00+00:00,13.765333333333333,77.22666666666667,9.860666666666667,0.0,,,87.0,315.3666666666667,4.31
cavendish,2024-05-19 20:00:00+00:00,13.964333333333334,76.64666666666668,9.943000000000001,0.0,,,108.0,192.33333333333334,4.310333333333333
cavendish,2024-05-19 21:00:00+00:00,14.269666666666666,76.12666666666668,10.136,0.0,,,117.0,134.06666666666666,4.307833333333334
cavendish,2024-05-19 22:00:00+00:00,13.352,78.91333333333334,9.783333333333333,0.0,,,153.0,52.0,4.312083333333333
cavendish,2024-05-19 23:00:00+00:00,12.214666666666666,81.59333333333333,9.171333333333333,0.0,,,133.0,6.866666666666666,4.2917499999999995
cavendish,2024-05-20 00:00:00+00:00,11.549666666666667,83.09333333333333,8.790666666666668,0.0,,,132.0,1.0,4.264166666666667
cavendish,2024-05-20 01:00:00+00:00,10.771333333333333,84.18333333333334,8.22,0.0,,,138.0,1.0,4.252916666666667
cavendish,2024-05-20 02:00:00+00:00,10.478333333333333,84.7,8.024333333333333,0.0,,,147.0,1.0,4.244666666666666
cavendish,2024-05-20 03:00:00+00:00,10.586666666666668,83.93333333333334,7.997,0.0,,,157.0,1.0,4.239583333333333
cavendish,2024-05-20 04:00:00+00:00,10.412666666666667,84.43333333333334,7.9126666666666665,0.0,,,163.0,1.0,4.23525
cavendish,2024-05-20 05:00:00+00:00,10.146333333333333,86.08,7.934,0.0,,,171.0,1.0,4.231416666666667
cavendish,2024-05-20 06:00:00+00:00,9.662,85.67666666666668,7.389666666666667,0.0,,,180.0,1.0,4.2290833333333335
cavendish,2024-05-20 07:00:00+00:00,9.202,85.03,6.825666666666667,0.0,,,181.0,1.0,4.225583333333334
cavendish,2024-05-20 08:00:00+00:00,8.822333333333335,84.58333333333333,6.376333333333333,0.0,,,161.0,2.2666666666666666,4.224
cavendish,2024-05-20 09:00:00+00:00,8.95,84.64666666666668,6.512,0.0,,,145.0,28.9,4.284916666666667
cavendish,2024-05-20 10:00:00+00:00,9.423,84.16666666666667,6.895,0.0,,,146.0,98.93333333333334,4.310083333333333
cavendish,2024-05-20 11:00:00+00:00,10.238,82.87666666666668,7.468333333333334,0.0,,,178.0,104.66666666666667,4.310416666666667
cavendish,2024-05-20 12:00:00+00:00,12.556000000000001,78.94666666666667,9.006666666666666,0.0,,,190.0,337.03333333333336,4.311916666666666
cavendish,2024-05-20 13:00:00+00:00,16.182666666666666,71.82333333333332,11.105333333333334,0.0,,,237.0,676.7,4.311416666666667
cavendish,2024-05-20 14:00:00+00:00,18.042666666666666,68.61333333333333,12.192,0.0,,,7.0,793.4,4.31
cavendish,2024-05-20 15:00:00+00:00,18.364666666666665,66.28666666666666,11.956999999999999,0.0,,,147.0,537.5925925925926,4.310583333333333
cavendish,2024-05-20 16:00:00+00:00,16.822333333333333,70.19,11.374666666666666,0.0,,,11.0,489.6896551724138,4.311
cavendish,2024-05-20 17:00:00+00:00,17.703333333333333,66.58333333333333,11.397,0.0,,,45.0,590.0,4.310666666666667
cavendish,2024-05-20 18:00:00+00:00,18.716333333333335,59.72666666666667,10.699666666666667,0.0,,,91.0,505.0,4.310416666666667
cavendish,2024-05-20 19:00:00+00:00,19.355,54.75666666666667,10.03,0.0,,,38.0,642.0333333333333,4.310833333333333
cavendish,2024-05-20 20:00:00+00:00,19.717666666666666,55.47,10.565333333333333,0.0,,,0.0,486.3666666666667,4.3105
cavendish,2024-05-20 21:00:00+00:00,19.784333333333333,54.56333333333334,10.380666666666666,0.0,,,7.0,324.1,4.305916666666667
cavendish,2024-05-20 22:00:00+00:00,21.61466666666667,54.74666666666667,12.121,0.0,,,104.0,156.7,4.301416666666666
cavendish,2024-05-20 23:00:00+00:00,17.42366666666667,63.24,10.357333333333333,0.0,,,177.0,15.1,4.293083333333334
cavendish,2024-05-21 00:00:00+00:00,16.059333333333335,64.89,9.470333333333334,0.0,,,177.0,1.0,4.267
cavendish,2024-05-21 01:00:00+00:00,15.487666666666666,59.736666666666665,7.695333333333333,0.0,,,191.0,1.0,4.256583333333333
cavendish,2024-05-21 02:00:00+00:00,15.518,56.64666666666667,6.959333333333333,0.0,,,178.0,1.0,4.2505
cavendish,2024-05-21 03:00:00+00:00,14.777333333333333,64.44,8.124,0.0,,,181.0,1.0,4.245583333333333
cavendish,2024-05-21 04:00:00+00:00,14.125,77.05666666666666,10.169333333333332,0.0,,,205.0,1.0,4.241666666666666
cavendish,2024-05-21 05:00:00+00:00,13.143333333333334,85.05333333333333,10.699666666666667,0.0,,,223.0,1.0,4.237333333333333
cavendish,2024-05-21 06:00:00+00:00,12.791,88.3,10.917333333333334,0.0,,,218.0,1.0,4.233083333333334
cavendish,2024-05-21 07:00:00+00:00,12.390666666666666,89.58666666666666,10.741333333333333,0.0,,,227.0,1.0,4.230250000000001
cavendish,2024-05-21 08:00:00+00:00,11.900333333333332,90.6,10.423666666666666,0.0,,,227.0,3.6,4.236
cavendish,2024-05-21 09:00:00+00:00,11.743,91.87333333333332,10.479666666666667,0.0,,,225.0,44.56666666666667,4.30075
cavendish,2024-05-21 10:00:00+00:00,12.956333333333333,89.32,11.253666666666668,0.0,,,216.0,163.33333333333334,4.308166666666667
cavendish,2024-05-21 11:00:00+00:00,13.564333333333334,86.16000000000001,11.307333333333332,0.0,,,225.0,184.6,4.311916666666667
cavendish,2024-05-21 12:00:00+00:00,14.610999999999999,83.15333333333334,11.798333333333334,0.0,,,247.0,200.16666666666666,4.313083333333334
cavendish,2024-05-21 13:00:00+00:00,16.031333333333333,78.37333333333332,12.277666666666667,0.0,,,185.0,430.1,4.309666666666666
cavendish,2024-05-21 14:00:00+00:00,18.428333333333335,70.47,12.973,0.0,,,246.0,779.8333333333334,4.30975
cavendish,2024-05-21 15:00:00+00:00,20.342,65.38666666666667,13.652,0.0,,,251.0,688.3103448275862,4.31
cavendish,2024-05-21 16:00:00+00:00,21.200666666666667,62.56333333333334,13.789333333333333,0.0,,,229.0,596.4827586206897,4.31075
cavendish,2024-05-21 17:00:00+00:00,21.609666666666666,60.68,13.698666666666666,0.0,,,226.0,662.4333333333333,4.311083333333333
cavendish,2024-05-21 18:00:00+00:00,22.590333333333334,57.05333333333333,13.675333333333333,0.0,,,246.0,663.3666666666667,4.31175
cavendish,2024-05-21 19:00:00+00:00,23.224333333333334,55.86333333333334,13.941666666666666,0.0,,,229.0,625.5,4.311583333333333
cavendish,2024-05-21 20:00:00+00:00,22.517,56.776666666666664,13.529666666666666,0.0,,,229.0,346.73333333333335,4.31075
cavendish,2024-05-21 21:00:00+00:00,20.942333333333334,60.78,13.100333333333333,0.0,,,239.0,142.83333333333334,4.308666666666666
cavendish,2024-05-21 22:00:00+00:00,19.795333333333335,65.15666666666667,13.081333333333333,0.0,,,244.0,71.0,4.305166666666667
cavendish,2024-05-21 23:00:00+00:00,18.158,69.38000000000001,12.473666666666666,0.0,,,216.0,11.733333333333333,4.291833333333334
cavendish,2024-05-22 00:00:00+00:00,15.783999999999999,80.59666666666666,12.429333333333334,0.0,,,234.0,1.0,4.26925
cavendish,2024-05-22 01:00:00+00:00,15.053666666666667,82.93333333333334,12.192,0.0,,,197.0,1.0,4.2585
cavendish,2024-05-22 02:00:00+00:00,14.892666666666667,82.99666666666667,12.046,0.0,,,220.0,1.0,4.252166666666667
cavendish,2024-05-22 03:00:00+00:00,14.693666666666667,84.18666666666667,12.068000000000001,0.0,,,220.0,1.0,4.247833333333333
cavendish,2024-05-22 04:00:00+00:00,14.741999999999999,84.49,12.171333333333333,0.0,,,226.0,1.0,4.244166666666667
cavendish,2024-05-22 05:00:00+00:00,14.250666666666666,85.35333333333332,11.841000000000001,0.0,,,239.0,1.0,4.240749999999999
cavendish,2024-05-22 06:00:00+00:00,13.424000000000001,87.38000000000001,11.383000000000001,0.0,,,237.0,1.0,4.238333333333333
cavendish,2024-05-22 07:00:00+00:00,13.004,88.63000000000001,11.185333333333334,0.0,,,250.0,1.0,4.2355833333333335
cavendish,2024-05-22 08:00:00+00:00,12.923,89.22333333333333,11.206333333333333,0.0,,,239.0,2.1333333333333333,4.2370833333333335
cavendish,2024-05-22 09:00:00+00:00,13.141,88.89666666666668,11.366000000000001,0.0,,,239.0,22.1,4.296166666666667
cavendish,2024-05-22 10:00:00+00:00,13.340333333333335,88.54333333333334,11.498333333333333,0.0,,,236.0,22.1,4.296833333333333
cavendish,2024-05-22 11:00:00+00:00,14.393666666666666,86.27666666666667,12.141666666666667,0.0,,,244.0,168.16666666666666,4.311333333333333
cavendish,2024-05-22 12:00:00+00:00,17.314666666666664,79.17,13.683333333333334,0.0,,,256.0,404.6333333333333,4.31025
cavendish,2024-05-22 13:00:00+00:00,19.705,72.81666666666666,14.700333333333333,0.0,,,271.0,602.6333333333333,4.3125
cavendish,2024-05-22 14:00:00+00:00,19.29866666666667,73.26333333333334,14.406,0.0,,,272.0,159.6,4.30975
cavendish,2024-05-22 15:00:00+00:00,18.425333333333334,76.62666666666668,14.263666666666667,0.0,,,253.0,111.4,4.30875
cavendish,2024-05-22 16:00:00+00:00,18.817333333333334,76.88000000000001,14.694333333333333,0.0,,,272.0,183.83333333333334,4.310583333333333
cavendish,2024-05-22 17:00:00+00:00,20.247999999999998,71.78999999999999,15.003666666666668,0.0,,,254.0,200.36666666666667,4.31025
cavendish,2024-05-22 18:00:00+00:00,20.542333333333332,69.75,14.828,0.0,,,232.0,412.56666666666666,4.311833333333333
cavendish,2024-05-22 19:00:00+00:00,19.232000000000003,72.13333333333334,14.099666666666668,0.0,,,1.0,371.6,4.312916666666666
cavendish,2024-05-22 20:00:00+00:00,16.0,75.36666666666666,11.637,0.0,,,28.0,305.1666666666667,4.313166666666667
cavendish,2024-05-22 21:00:00+00:00,15.04,77.58999999999999,11.170666666666667,0.0,,,48.0,265.9,4.310416666666667
cavendish,2024-05-22 22:00:00+00:00,15.357,77.18666666666667,11.389999999999999,0.0,,,67.0,104.76666666666667,4.306666666666667
cavendish,2024-05-22 23:00:00+00:00,14.200333333333333,79.98333333333333,10.802333333333333,0.0,,,139.0,25.4,4.296916666666667
cavendish,2024-05-23 00:00:00+00:00,12.538333333333332,87.08333333333333,10.457666666666666,0.0,,,129.0,1.0,4.270416666666667
cavendish,2024-05-23 01:00:00+00:00,12.204333333333333,90.13000000000001,10.646666666666667,0.0,,,138.0,1.0,4.257499999999999
cavendish,2024-05-23 02:00:00+00:00,11.190666666666667,91.93,9.938666666666668,0.0,,,115.0,1.0,4.25025
cavendish,2024-05-23 03:00:00+00:00,10.311333333333332,93.30666666666666,9.291,0.0,,,101.0,1.0,4.244416666666667
cavendish,2024-05-23 04:00:00+00:00,10.265333333333333,94.1,9.368333333333334,0.0,,,129.0,1.0,4.23975
cavendish,2024-05-23 05:00:00+00:00,9.97,94.97666666666667,9.214333333333334,0.0,,,93.0,1.0,4.235833333333333
cavendish,2024-05-23 06:00:00+00:00,9.638666666666667,95.87666666666668,9.023666666666665,0.0,,,101.0,1.0,4.23375
cavendish,2024-05-23 07:00:00+00:00,9.365666666666668,96.44333333333334,8.837,0.0,,,110.0,1.0,4.22975
cavendish,2024-05-23 08:00:00+00:00,9.349666666666668,96.90666666666667,8.892666666666665,0.0,,,129.0,4.966666666666667,4.23725
cavendish,2024-05-23 09:00:00+00:00,10.057666666666668,96.96666666666667,9.609666666666667,0.0,,,131.0,50.766666666666666,4.303083333333333
cavendish,2024-05-23 10:00:00+00:00,11.699000000000002,96.59666666666666,11.189333333333334,0.0,,,147.0,78.63333333333334,4.30975
cavendish,2024-05-23 11:00:00+00:00,14.518666666666666,92.8,13.373,0.0,,,168.0,259.96666666666664,4.311
cavendish,2024-05-23 12:00:00+00:00,16.930666666666667,84.79666666666667,14.365666666666666,0.0,,,163.0,387.8333333333333,4.31175
cavendish,2024-05-23 13:00:00+00:00,18.966666666666665,79.51,15.362,0.0,,,108.0,486.8,4.31025
cavendish,2024-05-23 14:00:00+00:00,22.038,71.57666666666667,16.671333333333333,0.0,,,166.0,757.2,4.311
cavendish,2024-05-23 15:00:00+00:00,24.858666666666668,63.61333333333334,17.502666666666666,0.0,,,180.0,682.4333333333333,4.3115
cavendish,2024-05-23 16:00:00+00:00,27.053,55.526666666666664,17.378333333333334,0.0,,,188.0,591.448275862069,4.311916666666667
cavendish,2024-05-23 17:00:00+00:00,18.433,76.33333333333333,13.886,3.0,,,253.0,265.7,4.308916666666667
cavendish,2024-05-23 18:00:00+00:00,17.774333333333335,85.38000000000001,15.294333333333332,0.0,,,58.0,594.4666666666667,4.312166666666666
cavendish,2024-05-23 19:00:00+00:00,19.79866666666667,79.92666666666668,16.253,0.0,,,358.0,464.4,4.312583333333333
cavendish,2024-05-23 20:00:00+00:00,19.647666666666666,81.41666666666667,16.396666666666665,0.0,,,51.0,183.33333333333334,4.311166666666667
cavendish,2024-05-23 21:00:00+00:00,20.705666666666666,83.23666666666666,17.779333333333334,0.2,,,142.0,50.2,4.30375
cavendish,2024-05-23 22:00:00+00:00,19.477666666666668,85.39,16.978666666666665,0.0,,,227.0,25.966666666666665,4.301083333333334
cavendish,2024-05-23 23:00:00+00:00,14.982,89.88666666666667,13.349666666666668,0.0,,,300.0,6.966666666666667,4.290916666666667
cavendish,2024-05-24 00:00:00+00:00,12.067666666666666,92.81,10.955,0.0,,,10.0,1.0,4.2660833333333334
cavendish,2024-05-24 01:00:00+00:00,12.477,93.6,11.487,0.0,,,4.0,1.0,4.255166666666667
cavendish,2024-05-24 02:00:00+00:00,13.089333333333334,94.23666666666666,12.2,0.0,,,4.0,1.0,4.249416666666667
cavendish,2024-05-24 03:00:00+00:00,15.448333333333332,93.64,14.444666666666667,0.0,,,195.0,1.0,4.2455
cavendish,2024-05-24 04:00:00+00:00,15.956,92.81666666666666,14.814333333333334,0.0,,,236.0,1.0,4.244416666666667
cavendish,2024-05-24 05:00:00+00:00,15.505666666666666,94.33999999999999,14.617333333333333,0.0,,,220.0,1.0,4.242
cavendish,2024-05-24 06:00:00+00:00,15.112,94.19666666666667,14.203,0.0,,,246.0,1.0,4.2404166666666665
cavendish,2024-05-24 07:00:00+00:00,14.317,94.06666666666666,13.392666666666665,0.0,,,233.0,1.0,4.237416666666667
cavendish,2024-05-24 08:00:00+00:00,13.862333333333334,94.07,12.941,0.0,,,239.0,4.1,4.24425
cavendish,2024-05-24 09:00:00+00:00,13.990333333333332,93.15666666666667,12.917333333333334,0.0,,,248.0,74.33333333333333,4.299166666666667
cavendish,2024-05-24 10:00:00+00:00,15.654666666666666,89.24333333333334,13.901666666666667,0.0,,,246.0,220.5,4.309583333333333
cavendish,2024-05-24 11:00:00+00:00,17.522666666666666,84.11,14.825,0.0,,,263.0,385.56666666666666,4.317916666666666
cavendish,2024-05-24 12:00:00+00:00,18.958000000000002,78.61999999999999,15.174333333333333,0.0,,,267.0,549.2,4.31175
cavendish,2024-05-24 13:00:00+00:00,20.589,71.68,15.310333333333334,0.0,,,241.0,692.6333333333333,4.31175
cavendish,2024-05-24 14:00:00+00:00,22.28033333333333,62.88666666666666,14.867666666666667,0.0,,,254.0,800.3333333333334,4.312333333333333
cavendish,2024-05-24 15:00:00+00:00,24.340666666666667,51.00666666666667,13.532,0.0,,,272.0,865.9666666666667,4.312916666666666
cavendish,2024-05-24 16:00:00+00:00,25.720000000000002,40.669999999999995,11.363,0.0,,,261.0,888.6333333333333,4.313166666666667
cavendish,2024-05-24 17:00:00+00:00,26.020333333333333,38.97,10.988333333333333,0.0,,,270.0,821.6333333333333,4.313166666666667
cavendish,2024-05-24 18:00:00+00:00,26.300333333333334,37.14,10.512666666666666,0.0,,,256.0,741.1,4.31275
cavendish,2024-05-24 19:00:00+00:00,25.741333333333333,38.016666666666666,10.372333333333334,0.0,,,256.0,609.8666666666667,4.312833333333333
cavendish,2024-05-24 20:00:00+00:00,25.084,38.81666666666667,10.099333333333334,0.0,,,250.0,460.6,4.313083333333333
cavendish,2024-05-24 21:00:00+00:00,22.538333333333334,43.32333333333334,9.456999999999999,0.0,,,240.0,158.56666666666666,4.312333333333333
cavendish,2024-05-24 22:00:00+00:00,19.981,53.39,10.175333333333333,0.0,,,239.0,20.4,4.30075
cavendish,2024-05-24 23:00:00+00:00,17.595333333333333,64.99333333333333,10.922,0.0,,,202.0,2.7666666666666666,4.2865
cavendish,2024-05-25 00:00:00+00:00,12.123333333333333,85.65666666666667,9.778333333333334,0.0,,,334.0,1.0,4.2668333333333335
cavendish,2024-05-25 01:00:00+00:00,11.478666666666667,91.98333333333333,10.233333333333333,0.0,,,317.0,1.0,4.256333333333333
cavendish,2024-05-25 02:00:00+00:00,12.025333333333332,92.85,10.917666666666666,0.0,,,222.0,1.0,4.2505
cavendish,2024-05-25 03:00:00+00:00,12.703,92.19333333333334,11.482333333333335,0.0,,,247.0,1.0,4.24575
cavendish,2024-05-25 04:00:00+00:00,13.271666666666667,88.29333333333334,11.389999999999999,0.0,,,198.0,1.0,4.243833333333334
cavendish,2024-05-25 05:00:00+00:00,12.151666666666667,88.86666666666666,10.382333333333333,0.0,,,277.0,1.0,4.241499999999999
cavendish,2024-05-25 06:00:00+00:00,11.676666666666668,90.32666666666667,10.158,0.0,,,256.0,1.0,4.238833333333333
cavendish,2024-05-25 07:00:00+00:00,12.015333333333333,90.37666666666668,10.501333333333333,0.0,,,288.0,1.0,4.236666666666667
cavendish,2024-05-25 08:00:00+00:00,10.968666666666667,92.03666666666666,9.736666666666668,0.0,,,313.0,5.7,4.243416666666667
cavendish,2024-05-25 09:00:00+00:00,9.773,94.58,8.955,0.0,,,331.0,17.766666666666666,4.296166666666667
cavendish,2024-05-25 10:00:00+00:00,9.361333333333334,95.63666666666667,8.708333333333334,0.0,,,344.0,63.333333333333336,4.308583333333334
cavendish,2024-05-25 11:00:00+00:00,9.942333333333332,94.60999999999999,9.127666666666666,0.0,,,7.0,211.4,4.311416666666667
cavendish,2024-05-25 12:00:00+00:00,9.976333333333335,92.66333333333334,8.853,0.0,,,347.0,171.66666666666666,4.311166666666667
cavendish,2024-05-25 13:00:00+00:00,9.973333333333333,91.77666666666667,8.708333333333334,0.0,,,344.0,144.36666666666667,4.312916666666666
cavendish,2024-05-25 14:00:00+00:00,10.213666666666667,91.91666666666667,8.97,0.0,,,331.0,196.6,4.312583333333333
cavendish,2024-05-25 15:00:00+00:00,11.747000000000002,89.24333333333334,10.046666666666665,0.0,,,303.0,330.96666666666664,4.309333333333334
cavendish,2024-05-25 16:00:00+00:00,12.072666666666667,87.67666666666668,10.104999999999999,0.0,,,357.0,381.26666666666665,4.31025
cavendish,2024-05-25 17:00:00+00:00,11.708,87.44,9.704,0.0,,,8.0,694.3793103448276,4.310666666666667
cavendish,2024-05-25 18:00:00+00:00,11.772,84.35666666666665,9.233,0.0,,,7.0,771.9666666666667,4.311916666666667
cavendish,2024-05-25 19:00:00+00:00,12.174333333333333,81.33333333333333,9.080333333333334,0.0,,,7.0,655.0666666666667,4.312416666666667
cavendish,2024-05-25 20:00:00+00:00,12.54,77.77333333333333,8.777333333333333,0.0,,,81.0,484.96666666666664,4.312583333333333
cavendish,2024-05-25 21:00:00+00:00,12.004999999999999,79.64,8.607333333333333,0.0,,,51.0,313.0,4.3095
cavendish,2024-05-25 22:00:00+00:00,10.751666666666667,82.39,7.878666666666666,0.0,,,93.0,139.9,4.31125
cavendish,2024-05-25 23:00:00+00:00,9.118,86.29666666666667,6.955666666666667,0.0,,,94.0,27.733333333333334,4.302333333333333
cavendish,2024-05-26 00:00:00+00:00,7.443666666666667,90.07666666666667,5.928333333333333,0.0,,,102.0,1.0666666666666667,4.267916666666666
cavendish,2024-05-26 01:00:00+00:00,6.784000000000001,92.19666666666667,5.612,0.0,,,102.0,1.0,4.25
cavendish,2024-05-26 02:00:00+00:00,6.836333333333333,93.38666666666667,5.848666666666667,0.0,,,139.0,1.0,4.242
cavendish,2024-05-26 03:00:00+00:00,7.610666666666666,93.96000000000001,6.710333333333334,0.0,,,125.0,1.0,4.236
cavendish,2024-05-26 04:00:00+00:00,8.232000000000001,93.24666666666667,7.2156666666666665,0.0,,,115.0,1.0,4.2325
cavendish,2024-05-26 05:00:00+00:00,8.060666666666666,91.98333333333333,6.845333333333333,0.0,,,138.0,1.0,4.229416666666666
cavendish,2024-05-26 06:00:00+00:00,6.735,92.75,5.6483333333333325,0.0,,,133.0,1.0,4.228000000000001
cavendish,2024-05-26 07:00:00+00:00,6.500333333333333,93.86,5.587999999999999,0.0,,,133.0,1.0,4.2250000000000005
cavendish,2024-05-26 08:00:00+00:00,6.176,94.61,5.381,0.0,,,133.0,8.033333333333333,4.247583333333333
cavendish,2024-05-26 09:00:00+00:00,7.973666666666667,92.42,6.821666666666667,0.0,,,122.0,70.3,4.312416666666667
cavendish,2024-05-26 10:00:00+00:00,9.212,85.32,6.881333333333333,0.0,,,107.0,210.2,4.313166666666667
cavendish,2024-05-26 11:00:00+00:00,9.702,82.11999999999999,6.807333333333333,0.0,,,76.0,303.46666666666664,4.314166666666667
cavendish,2024-05-26 12:00:00+00:00,10.371666666666666,79.39333333333335,6.968666666666667,0.0,,,132.0,442.0,4.3155833333333335
cavendish,2024-05-26 13:00:00+00:00,10.698666666666666,76.91333333333334,6.825,0.0,,,118.0,440.1333333333333,4.309083333333334
cavendish,2024-05-26 14:00:00+00:00,11.161333333333333,74.98666666666666,6.9046666666666665,0.0,,,81.0,588.8333333333334,4.309166666666667
cavendish,2024-05-26 15:00:00+00:00,11.593,72.09666666666666,6.7459999999999996,0.0,,,80.0,652.1666666666666,4.3094166666666665
cavendish,2024-05-26 16:00:00+00:00,11.793333333333333,71.81,6.884666666666666,0.0,,,77.0,583.5666666666667,4.310583333333333
cavendish,2024-05-26 17:00:00+00:00,10.773666666666665,75.88333333333334,6.698333333333333,0.0,,,66.0,446.76666666666665,4.31125
cavendish,2024-05-26 18:00:00+00:00,10.012,79.61999999999999,6.66,0.0,,,74.0,278.1666666666667,4.312
cavendish,2024-05-26 19:00:00+00:00,9.490666666666668,81.44333333333334,6.4816666666666665,0.0,,,88.0,217.9,4.311
cavendish,2024-05-26 20:00:00+00:00,8.799333333333333,84.23,6.292333333333334,0.0,,,84.0,114.63333333333334,4.31075
cavendish,2024-05-26 21:00:00+00:00,9.058,84.45,6.583666666666667,0.0,,,95.0,169.83333333333334,4.308083333333333
cavendish,2024-05-26 22:00:00+00:00,9.347000000000001,82.64,6.549333333333333,0.0,,,105.0,137.33333333333334,4.309083333333334
cavendish,2024-05-26 23:00:00+00:00,7.888,86.61666666666666,5.800666666666667,0.0,,,117.0,15.266666666666667,4.2995833333333335
cavendish,2024-05-27 00:00:00+00:00,6.941333333333334,89.51666666666667,5.343666666666667,0.0,,,83.0,1.0333333333333334,4.26025
cavendish,2024-05-27 01:00:00+00:00,6.7330000000000005,90.96333333333334,5.367,0.0,,,94.0,1.0,4.244583333333334
cavendish,2024-05-27 02:00:00+00:00,6.2733333333333325,91.98,5.074,0.0,,,122.0,1.0,4.2370833333333335
cavendish,2024-05-27 03:00:00+00:00,5.8,92.94333333333334,4.751,0.0,,,105.0,1.0,4.230916666666666
cavendish,2024-05-27 04:00:00+00:00,5.594666666666667,93.68666666666667,4.662,0.0,,,105.0,1.0,4.226416666666666
cavendish,2024-05-27 05:00:00+00:00,5.9350000000000005,94.36666666666666,5.105333333333333,0.0,,,105.0,1.0,4.222333333333333
cavendish,2024-05-27 06:00:00+00:00,5.280666666666667,94.91333333333334,4.535666666666667,0.0,,,150.0,1.0,4.221583333333333
cavendish,2024-05-27 07:00:00+00:00,4.986666666666666,95.35333333333332,4.309666666666667,0.0,,,168.0,1.0,4.219166666666667
cavendish,2024-05-27 08:00:00+00:00,5.218333333333334,95.75666666666666,4.600666666666667,0.0,,,167.0,6.033333333333333,4.2370833333333335
cavendish,2024-05-27 09:00:00+00:00,5.922333333333333,95.69666666666667,5.292,0.0,,,161.0,70.53333333333333,4.30925
cavendish,2024-05-27 10:00:00+00:00,8.291666666666666,94.14333333333335,7.412000000000001,0.0,,,124.0,181.6,4.31425
cavendish,2024-05-27 11:00:00+00:00,9.493333333333334,87.85333333333332,7.587999999999999,0.0,,,140.0,287.53333333333336,4.312666666666667
cavendish,2024-05-27 12:00:00+00:00,10.423,82.4,7.562333333333333,0.0,,,124.0,541.6333333333333,4.3145
cavendish,2024-05-27 13:00:00+00:00,11.972000000000001,77.30666666666666,8.133333333333333,0.0,,,140.0,696.6,4.312333333333333
cavendish,2024-05-27 14:00:00+00:00,13.811333333333332,71.98333333333333,8.856,0.0,,,132.0,748.8,4.30975
cavendish,2024-05-27 15:00:00+00:00,13.151333333333334,74.03999999999999,8.641,0.0,,,91.0,809.6333333333333,4.30975
cavendish,2024-05-27 16:00:00+00:00,13.785333333333334,73.24333333333334,9.092666666666668,0.0,,,76.0,836.1333333333333,4.3116666666666665
cavendish,2024-05-27 17:00:00+00:00,14.863,69.51,9.351666666666667,0.0,,,79.0,692.2,4.311833333333333
cavendish,2024-05-27 18:00:00+00:00,15.145999999999999,67.23666666666666,9.12,0.0,,,107.0,667.6666666666666,4.312
cavendish,2024-05-27 19:00:00+00:00,16.097333333333335,64.02666666666667,9.308,0.0,,,118.0,618.0666666666667,4.313583333333333
cavendish,2024-05-27 20:00:00+00:00,15.311,69.89666666666668,9.859333333333334,0.0,,,90.0,412.4,4.315166666666667
cavendish,2024-05-27 21:00:00+00:00,16.231333333333332,69.86,10.735333333333333,0.0,,,53.0,240.93333333333334,4.30925
cavendish,2024-05-27 22:00:00+00:00,16.785999999999998,67.94333333333333,10.842666666666668,0.0,,,164.0,161.93333333333334,4.312666666666666
cavendish,2024-05-27 23:00:00+00:00,14.142666666666667,75.28999999999999,9.844333333333333,0.0,,,157.0,24.466666666666665,4.2995833333333335
cavendish,2024-05-28 00:00:00+00:00,13.022,78.91666666666667,9.461333333333332,0.0,,,164.0,1.0,4.268666666666667
cavendish,2024-05-28 01:00:00+00:00,12.103,80.53666666666666,8.868,0.0,,,174.0,1.0,4.256166666666666
cavendish,2024-05-28 02:00:00+00:00,11.103,81.26333333333334,8.024333333333333,0.0,,,171.0,1.0,4.24875
cavendish,2024-05-28 03:00:00+00:00,9.886666666666667,83.33999999999999,7.206666666666666,0.0,,,174.0,1.0,4.24075
cavendish,2024-05-28 04:00:00+00:00,9.475,84.27333333333333,6.963666666666667,0.0,,,173.0,1.0,4.236583333333333
cavendish,2024-05-28 05:00:00+00:00,9.336333333333334,87.66333333333334,7.402,0.0,,,180.0,1.0,4.232666666666667
cavendish,2024-05-28 06:00:00+00:00,9.866333333333333,90.27333333333333,8.359,0.0,,,168.0,1.0,4.229833333333334
cavendish,2024-05-28 07:00:00+00:00,10.68,91.67666666666668,9.391333333333334,0.0,,,170.0,1.0,4.227916666666666
cavendish,2024-05-28 08:00:00+00:00,11.327333333333334,93.00666666666666,10.248666666666667,0.0,,,175.0,4.266666666666667,4.237166666666667
cavendish,2024-05-28 09:00:00+00:00,11.879333333333333,92.91333333333334,10.783,0.0,,,177.0,49.266666666666666,4.3020000000000005
cavendish,2024-05-28 10:00:00+00:00,12.917333333333334,91.03666666666666,11.503666666666668,0.0,,,164.0,122.53333333333333,4.3140833333333335
cavendish,2024-05-28 11:00:00+00:00,13.993666666666666,88.67666666666668,12.17,0.0,,,170.0,196.96666666666667,4.31275
cavendish,2024-05-28 12:00:00+00:00,15.126,86.23666666666666,12.858666666666666,0.0,,,178.0,294.06666666666666,4.31025
cavendish,2024-05-28 13:00:00+00:00,16.454,84.08333333333333,13.769,0.0,,,170.0,497.55172413793105,4.308916666666667
cavendish,2024-05-28 14:00:00+00:00,18.674,79.10333333333332,15.0,0.0,,,175.0,317.73333333333335,4.310833333333334
cavendish,2024-05-28 15:00:00+00:00,17.63533333333333,84.02,14.918666666666667,0.2,,,181.0,208.6,4.309833333333334
cavendish,2024-05-28 16:00:00+00:00,16.746,87.73666666666666,14.720666666666666,0.0,,,175.0,207.43333333333334,4.309666666666667
cavendish,2024-05-28 17:00:00+00:00,16.578,89.96666666666667,14.944333333333333,0.2,,,168.0,228.83333333333334,4.31075
cavendish,2024-05-28 18:00:00+00:00,16.444333333333333,91.01,14.991000000000001,0.2,,,174.0,151.73333333333332,4.307333333333333
cavendish,2024-05-28 19:00:00+00:00,16.184,91.89666666666668,14.884666666666668,0.0,,,175.0,135.03333333333333,4.309666666666667
cavendish,2024-05-28 20:00:00+00:00,17.49233333333333,88.92666666666668,15.663666666666668,0.0,,,173.0,345.6,4.30975
cavendish,2024-05-28 21:00:00+00:00,16.839000000000002,89.42,15.104666666666667,0.0,,,184.0,132.7,4.3077499999999995
cavendish,2024-05-28 22:00:00+00:00,16.223666666666666,91.29333333333334,14.822333333333335,0.0,,,183.0,70.76666666666667,4.304083333333334
cavendish,2024-05-28 23:00:00+00:00,16.023333333333333,92.48333333333333,14.824333333333334,0.0,,,181.0,17.933333333333334,4.301416666666667
cavendish,2024-05-29 00:00:00+00:00,16.250999999999998,92.58333333333333,15.066,0.0,,,191.0,1.0666666666666667,4.2748333333333335
cavendish,2024-05-29 01:00:00+00:00,16.802666666666667,92.51333333333334,15.603000000000002,0.0,,,215.0,1.0,4.261916666666667
cavendish,2024-05-29 02:00:00+00:00,16.752666666666666,93.87666666666668,15.781666666666666,0.0,,,191.0,1.0,4.255833333333333
cavendish,2024-05-29 03:00:00+00:00,16.862000000000002,94.49333333333334,15.993333333333334,0.0,,,195.0,1.0,4.251333333333333
cavendish,2024-05-29 04:00:00+00:00,16.831666666666667,94.00666666666666,15.883333333333333,0.0,,,201.0,1.0,4.247416666666667
cavendish,2024-05-29 05:00:00+00:00,16.305333333333333,94.57,15.452333333333334,0.0,,,201.0,1.0,4.243916666666666
cavendish,2024-05-29 06:00:00+00:00,16.16133333333333,94.95333333333333,15.372666666666667,0.0,,,195.0,1.0,4.240333333333333
cavendish,2024-05-29 07:00:00+00:00,16.122999999999998,94.78333333333333,15.305666666666667,0.0,,,190.0,1.0,4.238499999999999
cavendish,2024-05-29 08:00:00+00:00,15.807333333333334,94.57,14.955333333333334,0.0,,,194.0,2.7666666666666666,4.241499999999999
cavendish,2024-05-29 09:00:00+00:00,15.979999999999999,95.20666666666666,15.231333333333334,0.0,,,198.0,33.166666666666664,4.29375
cavendish,2024-05-29 10:00:00+00:00,15.852,95.45,15.143333333333334,0.0,,,212.0,107.1,4.3115
cavendish,2024-05-29 11:00:00+00:00,15.907666666666668,94.40666666666667,15.028333333333334,0.0,,,219.0,124.4,4.313166666666667
cavendish,2024-05-29 12:00:00+00:00,15.444666666666667,92.78999999999999,14.301333333333334,0.0,,,257.0,191.93333333333334,4.306666666666667
cavendish,2024-05-29 13:00:00+00:00,16.104666666666667,89.89,14.458,0.0,,,236.0,393.17241379310343,4.311166666666667
cavendish,2024-05-29 14:00:00+00:00,17.990666666666666,83.64,15.195,0.0,,,226.0,765.7666666666667,4.307916666666666
cavendish,2024-05-29 15:00:00+00:00,19.971666666666668,76.35666666666665,15.702,0.0,,,233.0,796.6333333333333,4.3094166666666665
cavendish,2024-05-29 16:00:00+00:00,21.244333333333334,69.68666666666667,15.499,0.0,,,253.0,543.375,4.311333333333333
cavendish,2024-05-29 17:00:00+00:00,21.474666666666668,65.59,14.776666666666667,0.0,,,244.0,310.3448275862069,4.312583333333333
cavendish,2024-05-29 18:00:00+00:00,21.857666666666667,61.70333333333333,14.190666666666667,0.0,,,261.0,391.0344827586207,4.312333333333333
cavendish,2024-05-29 19:00:00+00:00,21.482333333333333,61.669999999999995,13.829333333333333,0.0,,,278.0,360.96666666666664,4.3125
cavendish,2024-05-29 20:00:00+00:00,21.596,58.376666666666665,13.092333333333332,0.0,,,247.0,305.8666666666667,4.312083333333333
cavendish,2024-05-29 21:00:00+00:00,20.26066666666667,59.593333333333334,12.158666666666667,0.0,,,305.0,200.06666666666666,4.308583333333334
cavendish,2024-05-29 22:00:00+00:00,14.451666666666666,72.05666666666666,9.482333333333335,0.0,,,354.0,79.73333333333333,4.30425
cavendish,2024-05-29 23:00:00+00:00,13.734333333333334,74.68333333333334,9.332666666666666,0.0,,,0.0,32.46666666666667,4.302833333333333
cavendish,2024-05-30 00:00:00+00:00,13.114333333333333,74.78666666666666,8.756333333333334,0.0,,,316.0,1.1,4.274
cavendish,2024-05-30 01:00:00+00:00,12.163666666666668,75.26,7.926,0.0,,,324.0,1.0,4.260416666666667
cavendish,2024-05-30 02:00:00+00:00,10.484666666666667,80.85666666666665,7.3406666666666665,0.0,,,0.0,1.0,4.252
cavendish,2024-05-30 03:00:00+00:00,9.158,86.26,6.990666666666667,0.0,,,0.0,1.0,4.246083333333334
cavendish,2024-05-30 04:00:00+00:00,9.182666666666668,88.80333333333333,7.441333333333334,0.0,,,0.0,1.0,4.240583333333333
cavendish,2024-05-30 05:00:00+00:00,9.366000000000001,88.06666666666666,7.500333333333333,0.0,,,233.0,1.0,4.237416666666666
cavendish,2024-05-30 06:00:00+00:00,9.240333333333332,87.43,7.27,0.0,,,239.0,1.0,4.232916666666667
cavendish,2024-05-30 07:00:00+00:00,9.002666666666666,86.29666666666667,6.846333333333333,0.0,,,247.0,1.0,4.230416666666667
cavendish,2024-05-30 08:00:00+00:00,8.899666666666667,86.83666666666666,6.836333333333333,0.0,,,234.0,6.966666666666667,4.2530833333333335
cavendish,2024-05-30 09:00:00+00:00,10.438666666666668,83.07666666666667,7.6979999999999995,0.0,,,240.0,91.4,4.30475
cavendish,2024-05-30 10:00:00+00:00,12.490666666666666,78.46000000000001,8.856,0.0,,,218.0,241.76666666666668,4.31175
cavendish,2024-05-30 11:00:00+00:00,13.995000000000001,71.48333333333333,8.931666666666667,0.0,,,270.0,405.6666666666667,4.3084999999999996
cavendish,2024-05-30 12:00:00+00:00,14.257333333333333,66.59,8.131666666666666,0.0,,,295.0,576.5666666666667,4.306416666666666
cavendish,2024-05-30 13:00:00+00:00,13.639666666666667,70.51333333333334,8.385333333333334,0.0,,,17.0,724.0333333333333,4.30725
cavendish,2024-05-30 14:00:00+00:00,13.596,72.34333333333333,8.724666666666668,0.0,,,1.0,814.8,4.307833333333334
cavendish,2024-05-30 15:00:00+00:00,14.102,69.10333333333332,8.533999999999999,0.0,,,13.0,886.2333333333333,4.309083333333334
cavendish,2024-05-30 16:00:00+00:00,14.824,67.42,8.861666666666668,0.0,,,6.0,905.9666666666667,4.309833333333334
cavendish,2024-05-30 17:00:00+00:00,14.513333333333332,68.10666666666667,8.706999999999999,0.0,,,21.0,776.6785714285714,4.3109166666666665
cavendish,2024-05-30 18:00:00+00:00,15.522666666666668,60.64333333333333,7.905333333333333,0.0,,,58.0,717.9333333333333,4.3115
cavendish,2024-05-30 19:00:00+00:00,14.774,59.75333333333333,7.026666666666667,0.0,,,94.0,309.1,4.312416666666667
cavendish,2024-05-30 20:00:00+00:00,16.469,53.263333333333335,6.885999999999999,0.0,,,122.0,474.9,4.312583333333333
cavendish,2024-05-30 21:00:00+00:00,14.986666666666668,59.17666666666666,7.024,0.0,,,131.0,299.6333333333333,4.3140833333333335
cavendish,2024-05-30 22:00:00+00:00,12.222,61.13,4.956,0.0,,,136.0,50.8,4.306333333333334
cavendish,2024-05-30 23:00:00+00:00,12.015333333333333,63.11333333333334,5.223333333333333,0.0,,,131.0,11.933333333333334,4.295333333333334
cavendish,2024-05-31 00:00:00+00:00,10.410666666666666,77.3,6.574666666666667,0.0,,,124.0,1.0666666666666667,4.268083333333333
cavendish,2024-05-31 01:00:00+00:00,9.905,81.72666666666667,6.910666666666667,0.0,,,45.0,1.0,4.2525
cavendish,2024-05-31 02:00:00+00:00,10.694333333333333,60.06666666666667,3.259333333333333,0.0,,,77.0,1.0,4.24475
cavendish,2024-05-31 03:00:00+00:00,10.025333333333332,66.69666666666667,4.088666666666667,0.0,,,115.0,1.0,4.239916666666667
cavendish,2024-05-31 04:00:00+00:00,9.795,74.9,5.564333333333334,0.0,,,143.0,1.0,4.235
cavendish,2024-05-31 05:00:00+00:00,10.316666666666666,71.11999999999999,5.319999999999999,0.0,,,143.0,1.0,4.231916666666667
cavendish,2024-05-31 06:00:00+00:00,9.989,72.34333333333333,5.251333333333333,0.0,,,170.0,1.0,4.2292499999999995
cavendish,2024-05-31 07:00:00+00:00,9.239,72.70666666666666,4.6,0.0,,,161.0,1.0,4.227083333333334
cavendish,2024-05-31 08:00:00+00:00,8.764999999999999,75.00333333333333,4.587,0.0,,,160.0,7.7,4.2476666666666665
cavendish,2024-05-31 09:00:00+00:00,9.637,78.96000000000001,6.174666666666667,0.0,,,326.0,44.46666666666667,4.301333333333333
cavendish,2024-05-31 10:00:00+00:00,10.724666666666668,78.68666666666667,7.182333333333333,0.0,,,338.0,132.03333333333333,4.312
cavendish,2024-05-31 11:00:00+00:00,12.037666666666667,75.17,7.788,0.0,,,355.0,250.63333333333333,4.312916666666667
cavendish,2024-05-31 12:00:00+00:00,12.991000000000001,72.97,8.273,0.0,,,338.0,525.8,4.31175
cavendish,2024-05-31 13:00:00+00:00,13.260666666666667,75.32,9.0,0.0,,,352.0,573.2666666666667,4.311333333333334
cavendish,2024-05-31 14:00:00+00:00,13.238,76.54333333333334,9.215666666666667,0.0,,,35.0,769.6666666666666,4.312833333333333
cavendish,2024-05-31 15:00:00+00:00,12.455666666666668,80.28999999999999,9.168000000000001,0.0,,,18.0,704.047619047619,4.3125
cavendish,2024-05-31 16:00:00+00:00,11.251,82.82,8.447,0.0,,,10.0,378.03333333333336,4.31475
cavendish,2024-05-31 17:00:00+00:00,11.237666666666666,85.56,8.916666666666666,0.0,,,4.0,328.0,4.313916666666667
cavendish,2024-05-31 18:00:00+00:00,10.906666666666666,83.66666666666667,8.262666666666666,0.0,,,357.0,270.1666666666667,4.315833333333333
cavendish,2024-05-31 19:00:00+00:00,10.654666666666666,82.14,7.744,0.0,,,350.0,245.83333333333334,4.313166666666667
cavendish,2024-05-31 20:00:00+00:00,11.925333333333333,82.41000000000001,9.035,0.0,,,4.0,503.26666666666665,4.3148333333333335
cavendish,2024-05-31 21:00:00+00:00,11.667666666666666,84.68666666666667,9.187999999999999,0.0,,,4.0,352.6333333333333,4.31075
cavendish,2024-05-31 22:00:00+00:00,10.388,86.32,8.213,0.0,,,31.0,138.03333333333333,4.308833333333333
cavendish,2024-05-31 23:00:00+00:00,9.234666666666667,87.88333333333334,7.338666666666667,0.0,,,41.0,34.1,4.302583333333334
cavendish,2024-06-01 00:00:00+00:00,7.6353333333333335,89.83333333333333,6.081,0.0,,,58.0,1.2333333333333334,4.2675833333333335
cavendish,2024-06-01 01:00:00+00:00,6.610666666666666,90.33333333333333,5.145,0.0,,,65.0,1.0,4.2484166666666665
cavendish,2024-06-01 02:00:00+00:00,5.774666666666667,91.97,4.576,0.0,,,65.0,1.0,4.238333333333333
