station,timestamp_utc,relative_humidity_pct,air_temperature_c,wind_speed_kmh,wind_direction_deg,rain_mm,solar_radiation_w_m2,wind_gust_speed_kmh,dew_point_c
cavendish,2026-01-01 04:00:00+00:00,78.71332981113348,-4.797206642406545,3.646899622300092,183.91372549019607,0.0,0.625,5.2499324233111215,-7.9302962997037545
cavendish,2026-01-01 05:00:00+00:00,81.62332968091917,-5.957851252268198,0.16030328010110295,196.54901960784315,0.0,0.625,0.48090984030330886,-8.599610365370694
cavendish,2026-01-01 06:00:00+00:00,84.10332956994618,-7.138029036998691,1.2423504207835478,196.54901960784315,0.0,0.625,2.0438668212890625,-9.374848622177593
cavendish,2026-01-01 07:00:00+00:00,86.0066628181107,-6.580758519690098,0.761440580480239,196.54901960784315,0.0,0.625,1.4828053409352022,-8.540992811656482
cavendish,2026-01-01 08:00:00+00:00,87.17999609894066,-6.0643705170138995,0.6412131204044118,181.1058823529412,0.0,0.625,0.9618196806066177,-7.858373768398085
cavendish,2026-01-01 09:00:00+00:00,88.23999605150865,-6.637103816222563,1.082047140682445,181.1058823529412,0.0,0.625,1.843487721162684,-8.268487212756746
cavendish,2026-01-01 10:00:00+00:00,89.04332934889509,-7.591890155412048,1.6431086210363053,181.1058823529412,0.0,0.625,2.7251557617187503,-9.096003728405716
cavendish,2026-01-01 11:00:00+00:00,89.90666264359669,-5.245433987617574,6.85296522432215,160.04705882352943,0.0,1.5,9.778500086167279,-6.650678345324235
cavendish,2026-01-01 12:00:00+00:00,90.43332928669652,-3.861324319582637,10.62009230669807,136.18039215686275,0.0,18.25,14.507446849149817,-5.20416337257406
cavendish,2026-01-01 13:00:00+00:00,90.77999593785081,-2.6826800047887067,12.062821827607996,140.39215686274508,0.0,52.708333333333336,16.07040383013557,-3.986115202885008
cavendish,2026-01-01 14:00:00+00:00,90.71999594053565,-0.5180862982609038,12.78418658806296,134.7764705882353,0.0,178.66666666666666,18.23449811150046,-1.8514490618391697
cavendish,2026-01-01 15:00:00+00:00,88.33666271384978,0.8017482359315992,14.828053409352021,134.7764705882353,0.0,129.33333333333334,21.520715353573067,-0.9086237262558013
cavendish,2026-01-01 16:00:00+00:00,85.83666282571772,1.1594757379021814,15.108584149528951,147.41176470588235,0.0,94.875,23.043596514533547,-0.9476590767636298
cavendish,2026-01-01 17:00:00+00:00,84.84332953683325,1.2512406216090577,17.432981710994945,160.04705882352943,0.0,78.16666666666667,25.56837317612592,-1.0162494998802492
cavendish,2026-01-01 18:00:00+00:00,83.54332959500461,1.8586653690777222,17.072299330767464,157.23921568627452,0.0,75.58333333333333,24.927160055721508,-0.6309515934453548
cavendish,2026-01-01 19:00:00+00:00,85.24666285211856,2.068979951140782,19.396696892233457,151.6235294117647,0.0,38.375,29.53587935862822,-0.1475634189895909
cavendish,2026-01-01 20:00:00+00:00,86.05666281587334,1.967558922604905,17.032223510742188,141.79607843137254,0.0,7.208333333333333,24.005416195140164,-0.11717175886125754
cavendish,2026-01-01 21:00:00+00:00,86.96332944196924,1.7099559753913354,16.190631290211396,136.18039215686275,0.0,0.625,23.76496127498851,-0.2270985964156396
cavendish,2026-01-01 22:00:00+00:00,89.18332934263049,0.9951250584243743,9.417817705939797,126.3529411764706,0.0,0.625,16.3509345703125,-0.5872141121888816
cavendish,2026-01-01 23:00:00+00:00,92.30999586938763,0.315719566720639,10.740319766773897,103.8901960784314,0.0,0.625,19.436772712258733,-0.7885188875056409
cavendish,2026-01-02 00:00:00+00:00,94.27332911486732,0.09590184619436802,9.85865172621783,102.48627450980392,0.0,0.625,16.471162030388328,-0.7185607899503699
cavendish,2026-01-02 01:00:00+00:00,95.26999573693597,0.21224709703931047,8.576225485409006,91.25490196078432,0.0,0.625,14.507446849149817,-0.45860339749790413
cavendish,2026-01-02 02:00:00+00:00,95.78666238048325,0.669870718280868,11.702139447380516,130.56470588235294,0.0,0.625,17.11237515079274,0.07164672935683679
cavendish,2026-01-02 03:00:00+00:00,96.07999570069074,1.0209255660191843,13.585702988568475,140.39215686274508,0.0,0.625,19.3165452521829,0.46375654982239206
cavendish,2026-01-02 04:00:00+00:00,96.27666235855713,1.266728418827969,12.543731667911306,162.8549019607843,0.200048828125,0.625,17.8337399112477,0.7371218819793647
cavendish,2026-01-02 05:00:00+00:00,96.11666236571668,0.8472434233246162,14.106688648897059,172.68235294117648,1.400341796875,0.625,21.921473553825827,0.295871994180561
cavendish,2026-01-02 06:00:00+00:00,95.933329040587,0.4722752175736678,15.669645629882814,182.50980392156865,0.600146484375,0.625,24.927160055721508,-0.10423623468244729
cavendish,2026-01-02 07:00:00+00:00,94.85666242209814,-1.1418755541096188,19.557000172334558,216.20392156862744,0.0,0.625,30.497699039234835,-1.866222430908732
cavendish,2026-01-02 08:00:00+00:00,92.97666250622284,-2.692704372548978,24.96723587574678,255.5137254901961,0.0,0.625,37.39074008358226,-3.677577295647899
cavendish,2026-01-02 09:00:00+00:00,91.84999588997132,-4.345723868460218,26.369889576631433,259.7254901960784,0.0,0.625,39.95559256519991,-5.479863312285189
cavendish,2026-01-02 10:00:00+00:00,89.67999598707272,-5.491532476419163,28.012998197667738,254.10980392156864,0.0,0.625,41.19794298598345,-6.927245933170122
cavendish,2026-01-02 11:00:00+00:00,88.03999606045811,-7.393636356410122,28.253453117819394,251.3019607843137,0.0,0.8333333333333334,44.04332620777803,-9.044231357850878
cavendish,2026-01-02 12:00:00+00:00,87.61332941288356,-9.18787125245041,26.890875236960017,244.28235294117647,0.0,25.083333333333332,41.037639705882356,-10.877382178926204
cavendish,2026-01-02 13:00:00+00:00,84.54999621662576,-9.856653837090446,27.53208835736443,252.7058823529412,0.0,91.41666666666667,42.921203247070316,-11.979999300555862
cavendish,2026-01-02 14:00:00+00:00,82.95332962140543,-10.163189680721368,26.329813756606157,249.89803921568625,0.0,138.70833333333334,41.55862536621093,-12.517143999532292
cavendish,2026-01-02 15:00:00+00:00,81.35332969300092,-9.269574103483114,22.642838314280787,249.89803921568625,0.0,271.4166666666667,36.989981883329506,-11.88287047314355
cavendish,2026-01-02 16:00:00+00:00,79.98666308748874,-8.64470927679554,24.566477675494024,227.43529411764703,0.0,315.75,40.556729865579044,-11.48238880926753
cavendish,2026-01-02 17:00:00+00:00,78.98999646542009,-9.259565380198021,28.734362958122702,227.43529411764703,0.0,189.25,46.528027049345134,-12.24044631888315
cavendish,2026-01-02 18:00:00+00:00,70.77666349961028,-9.49201473439827,27.331709257238053,238.66666666666663,0.0,226.0,46.487951229319854,-13.821905125150604
cavendish,2026-01-02 19:00:00+00:00,65.69666372692596,-9.82007679606148,23.845112915039063,233.05098039215687,0.0,135.375,38.51286304428998,-15.034010014543236
cavendish,2026-01-02 20:00:00+00:00,67.04999699970145,-11.096773613186517,20.19821329273897,230.243137254902,0.0,15.916666666666666,32.66179332059973,-16.01188904341166
cavendish,2026-01-02 21:00:00+00:00,69.69333021475306,-12.012329014396844,21.280260433421414,248.49411764705883,0.0,0.625,33.50338554113052,-16.429689541948083
cavendish,2026-01-02 22:00:00+00:00,69.4799968909658,-12.480990114239557,22.402383394129135,248.49411764705883,0.0,0.625,35.46710072236903,-16.91794692243303
cavendish,2026-01-02 23:00:00+00:00,68.41333027202946,-12.555029827813193,21.280260433421414,231.64705882352945,0.0,0.625,36.06823802274816,-17.17102834004179
cavendish,2026-01-03 00:00:00+00:00,70.46333018029775,-12.365231333213435,21.80124609375,241.4745098039216,0.0,0.625,34.22475030158547,-16.638073881880402
cavendish,2026-01-03 01:00:00+00:00,75.84666327274206,-12.410738755538315,21.9615493738511,254.10980392156864,0.0,0.625,34.98619088206571,-15.810089141385614
cavendish,2026-01-03 02:00:00+00:00,81.44999635534201,-12.503130254308086,20.75927477309283,241.4745098039216,0.0,0.625,32.34118676039752,-15.03459197261299
cavendish,2026-01-03 03:00:00+00:00,77.26999654238526,-12.535243230363225,21.761170273724723,245.68627450980392,0.0,0.625,33.222854800953584,-15.705808605628766
cavendish,2026-01-03 04:00:00+00:00,71.15333014942217,-12.833434592220572,22.242080114028035,251.3019607843137,0.0,0.625,34.14459866153493,-16.97356490436979
cavendish,2026-01-03 05:00:00+00:00,72.10999677328071,-13.071679916515544,21.16003297334559,248.49411764705883,0.0,0.625,32.62171750057445,-17.045252363635754
cavendish,2026-01-03 06:00:00+00:00,72.50999675538183,-13.425024610647162,22.442459214154407,249.89803921568625,0.0,0.625,35.78770728257123,-17.321411456084725
cavendish,2026-01-03 07:00:00+00:00,73.40333004874103,-13.765999968641658,20.799350593118106,251.3019607843137,0.0,0.625,31.78012528004366,-17.50675217135764
cavendish,2026-01-03 08:00:00+00:00,73.02999673211329,-13.92768868036692,21.280260433421414,259.7254901960784,0.0,0.625,32.02058020019531,-17.723622999835083
cavendish,2026-01-03 09:00:00+00:00,75.07666330719739,-14.302708454708418,18.074194831399357,263.9372549019608,0.0,0.625,27.89277073759191,-17.761450023147752
cavendish,2026-01-03 10:00:00+00:00,74.65666332599123,-14.570385116158558,21.600866993623622,259.7254901960784,0.0,0.625,32.942324060776656,-18.087180292938495
cavendish,2026-01-03 11:00:00+00:00,75.15999663680181,-14.6753726952617,18.915787051930145,263.9372549019608,0.0,1.1666666666666667,28.253453117819394,-18.110231248715248
cavendish,2026-01-03 12:00:00+00:00,74.77332998743738,-14.503870449631275,17.8337399112477,266.7450980392157,0.0,32.125,27.61223999741498,-18.004586248579933
cavendish,2026-01-03 13:00:00+00:00,73.28999672047902,-13.783204086583025,21.160032973345587,279.38039215686274,0.0,169.54166666666666,32.06065602022059,-17.542157219067736
cavendish,2026-01-03 14:00:00+00:00,71.57999679699672,-13.555790997312053,20.999729693244483,266.7450980392157,0.0,244.58333333333334,31.980504380170036,-17.600404435242357
cavendish,2026-01-03 15:00:00+00:00,70.34999685203574,-13.287039255555898,17.8337399112477,259.7254901960784,0.0,220.125,28.053074017693014,-17.546523567696816
cavendish,2026-01-03 16:00:00+00:00,69.8399968748568,-13.712416054817563,17.87381573127298,275.1686274509804,0.0,125.54166666666667,28.5740596780216,-18.041292765961476
cavendish,2026-01-03 17:00:00+00:00,71.41333013778791,-13.565987735209037,17.8337399112477,283.59215686274507,0.0,128.66666666666666,26.930951056985293,-17.638539846055128
cavendish,2026-01-03 18:00:00+00:00,74.463330001309,-13.062232470458484,15.870024730009192,276.57254901960783,0.0,170.75,24.806932595645677,-16.657448834242423
cavendish,2026-01-03 19:00:00+00:00,73.91999669228831,-13.386082113364523,14.627674309225645,277.9764705882353,0.0,92.45833333333333,22.80314159438189,-17.063548149618697
cavendish,2026-01-03 20:00:00+00:00,78.836663138948,-14.077236906267178,16.030328010110296,280.78431372549016,0.0,11.333333333333334,26.04928301642923,-16.965230534059824
cavendish,2026-01-03 21:00:00+00:00,75.37332996058906,-14.113372794042448,17.072299330767464,276.57254901960783,0.0,0.625,25.16761497587316,-17.53215491318552
cavendish,2026-01-03 22:00:00+00:00,72.3899967607515,-14.278129746964542,17.312754250919117,270.956862745098,0.0,0.625,25.929055556353397,-18.166483659999574
cavendish,2026-01-03 23:00:00+00:00,73.39333004918849,-14.510359566910132,13.385323888442095,280.78431372549016,0.0,0.625,20.719198953067554,-18.22950659664882
cavendish,2026-01-04 00:00:00+00:00,73.34333005142585,-14.672871607756786,12.663959127987132,280.78431372549016,0.0,0.625,19.63715181238511,-18.39483161786664
cavendish,2026-01-04 01:00:00+00:00,73.68999670258016,-14.832244587984261,10.499864846622243,268.1490196078431,0.0,0.625,15.70972144990809,-18.493979503078855
cavendish,2026-01-04 02:00:00+00:00,74.34999667304702,-14.624094202961933,9.818575906192555,286.40000000000003,0.0,0.625,15.669645629882812,-18.187626114247013
cavendish,2026-01-04 03:00:00+00:00,73.40999671510937,-14.708406141542033,11.621987807329964,273.7647058823529,0.0,0.625,19.63715181238511,-18.41862335727075
cavendish,2026-01-04 04:00:00+00:00,74.49999666633494,-15.108495384667805,10.379637386546415,280.78431372549016,0.0,0.625,16.070403830135568,-18.634196993773774
cavendish,2026-01-04 05:00:00+00:00,74.70999665693803,-15.39729729132514,10.33956156652114,263.9372549019608,0.0,0.625,15.42919070973116,-18.88158736002277
cavendish,2026-01-04 06:00:00+00:00,75.58999661756052,-15.596902304686587,9.097211145737592,256.91764705882355,0.0,0.625,14.146764468922335,-18.939015726644822
cavendish,2026-01-04 07:00:00+00:00,77.0133298872037,-15.699976910215073,9.538045166015625,275.1686274509804,0.0,0.625,13.946385368795957,-18.82182907520591
cavendish,2026-01-04 08:00:00+00:00,78.10666317161345,-16.05874918406038,9.01705950568704,263.9372549019608,0.0,0.625,13.505551348517923,-19.006779487982563
cavendish,2026-01-04 09:00:00+00:00,78.02999650837738,-16.348342588709908,9.65827262609145,254.10980392156864,0.0,0.625,14.387219389073989,-19.300686267986073
cavendish,2026-01-04 10:00:00+00:00,78.25332983171718,-16.699078037928267,10.580016486672795,263.9372549019608,0.0,0.625,15.589493989832262,-19.6096602088919
cavendish,2026-01-04 11:00:00+00:00,78.72332981068601,-17.007258758003935,10.259409926470589,255.5137254901961,0.0,1.0833333333333333,16.030328010110296,-19.841144855510592
cavendish,2026-01-04 12:00:00+00:00,78.57332981739809,-16.922418202530853,8.73652876551011,259.7254901960784,0.0,32.041666666666664,12.944489868164062,-19.78048017357911
cavendish,2026-01-04 13:00:00+00:00,75.12666330496003,-15.673454875339257,10.740319766773897,256.91764705882355,0.0,148.125,16.110479650160848,-19.087024849159047
cavendish,2026-01-04 14:00:00+00:00,72.96333006842978,-14.840740897533061,11.261305427102482,272.3607843137255,0.0,251.0,17.994043191348805,-18.618326664653356
cavendish,2026-01-04 15:00:00+00:00,71.09333015210701,-14.180416880094063,11.982670187557444,269.5529411764706,0.0,304.5416666666667,18.51502885167739,-18.284846342433877
cavendish,2026-01-04 16:00:00+00:00,68.66333026084266,-13.588875256298397,15.990252190085018,238.66666666666663,0.0,350.3333333333333,23.043596514533547,-18.122161553310704
cavendish,2026-01-04 17:00:00+00:00,66.74333034675725,-13.291915344866165,13.746006268669579,268.1490196078431,0.0,318.0,20.238289112764242,-18.17063122750319
cavendish,2026-01-04 18:00:00+00:00,68.45666360342373,-13.884580002432946,10.700243946748621,293.41960784313727,0.0,133.91666666666666,15.990252190085018,-18.44266158421887
cavendish,2026-01-04 19:00:00+00:00,69.90333020535614,-14.196211153053298,8.73652876551011,263.9372549019608,0.0,62.5,13.34524806841682,-18.49699288319472
cavendish,2026-01-04 20:00:00+00:00,71.06999681981779,-14.528532119572816,7.534254164751839,273.7647058823529,0.0,12.666666666666666,11.74221526740579,-18.623836944409
cavendish,2026-01-04 21:00:00+00:00,72.27333009930534,-14.934507311914233,3.406444702148438,259.7254901960784,0.0,0.625,5.650690623563879,-18.82038844960164
cavendish,2026-01-04 22:00:00+00:00,72.8899967383779,-15.166975488568262,3.1659897819967835,279.38039215686274,0.0,0.625,4.929325863108915,-18.94596048717857
cavendish,2026-01-04 23:00:00+00:00,74.42666333628307,-15.494215510656867,5.1297049632352945,272.3607843137255,0.0,0.625,7.534254164751839,-19.020205925781777
cavendish,2026-01-05 00:00:00+00:00,77.0133298872037,-15.499702611044695,6.652586124195773,242.87843137254904,0.0,0.625,9.818575906192555,-18.62694880774221
cavendish,2026-01-05 01:00:00+00:00,78.88999646989481,-14.931726356117663,7.89493654497932,249.89803921568625,0.0,0.625,11.301381247127757,-17.790039989506322
cavendish,2026-01-05 02:00:00+00:00,80.17332974580259,-14.689832349082478,9.978879186293657,252.7058823529412,0.0,0.625,14.46737102912454,-17.36351207170371
cavendish,2026-01-05 03:00:00+00:00,81.93666300023172,-14.144915513298969,10.860547226849723,251.3019607843137,0.0,0.625,16.15055547018612,-16.571434340676756
cavendish,2026-01-05 04:00:00+00:00,80.76999638577011,-13.975325101565454,12.78418658806296,275.1686274509804,0.0,0.625,20.238289112764246,-16.576313692896747
cavendish,2026-01-05 05:00:00+00:00,81.95999633252096,-13.911167560417777,11.621987807329964,268.1490196078431,0.0,0.625,17.192526790843292,-16.3389918752496
cavendish,2026-01-05 06:00:00+00:00,83.7366629196868,-13.51356986830755,12.30327674775965,265.34117647058827,0.0,0.625,17.553209171070772,-15.69260705338393
cavendish,2026-01-05 07:00:00+00:00,85.93666282124302,-12.918324219633446,15.58949398983226,262.5333333333333,0.0,0.625,22.562686674230235,-14.793735215769553
cavendish,2026-01-05 08:00:00+00:00,87.44999608685893,-12.310151902612326,16.75169277056526,266.7450980392157,0.0,0.625,26.129434656479777,-13.982419676103026
cavendish,2026-01-05 09:00:00+00:00,88.71999603003,-11.737537818189553,16.190631290211396,275.1686274509804,0.0,0.625,24.40617439539292,-13.240060377650506
cavendish,2026-01-05 10:00:00+00:00,89.71332931891448,-8.516564834532256,24.847008415670953,245.68627450980392,0.0,0.625,36.30869294289982,-9.915362930385617
cavendish,2026-01-05 11:00:00+00:00,90.13999596648902,-7.822814414930713,31.058760519588695,348.17254901960786,0.0,0.625,43.72271964757582,-9.169128746210275
cavendish,2026-01-05 12:00:00+00:00,84.81999620454401,-7.945883735837612,28.13322565774357,342.55686274509804,0.0,12.375,39.87544092514936,-10.063961694335708
cavendish,2026-01-05 13:00:00+00:00,79.82999642783246,-8.238138381829867,24.6065534955193,342.55686274509804,0.0,33.583333333333336,35.98808638269761,-11.109915325729244
cavendish,2026-01-05 14:00:00+00:00,80.34332973819556,-8.981525674682944,17.47305753102022,329.92156862745094,0.0,72.875,28.17330147776884,-11.756916383655765
cavendish,2026-01-05 15:00:00+00:00,84.97332953101612,-10.412951230061934,14.427295209099265,293.41960784313727,0.0,167.70833333333334,24.486326035443472,-12.466996021114623
cavendish,2026-01-05 16:00:00+00:00,86.75666278455033,-10.99881476757067,14.387219389073989,287.80392156862746,0.0,114.875,25.287842435948985,-12.785833133693448
cavendish,2026-01-05 17:00:00+00:00,82.1066629926247,-10.08113055774206,13.34524806841682,294.8235294117647,0.0,226.33333333333334,22.763065774356615,-12.573703926275623
cavendish,2026-01-05 18:00:00+00:00,77.08666321725556,-10.130792205114073,11.702139447380516,304.65098039215684,0.0,203.45833333333334,20.95965387321921,-13.388341672753503
cavendish,2026-01-05 19:00:00+00:00,74.91332998117278,-11.244037104195735,11.421608707203584,287.80392156862746,0.0,93.29166666666667,18.87571123190487,-14.818871945435633
cavendish,2026-01-05 20:00:00+00:00,76.30666325215837,-12.059276105504914,9.65827262609145,310.26666666666665,0.0,9.833333333333334,15.70972144990809,-15.387696671462747
cavendish,2026-01-05 21:00:00+00:00,76.63999657057597,-12.654088858606979,6.091524643841912,297.6313725490196,0.0,0.625,11.301381247127757,-15.913965004700366
cavendish,2026-01-05 22:00:00+00:00,77.72999652180154,-12.635613811020653,4.248036922679228,294.8235294117647,0.0,0.625,7.454102524701287,-15.726808745597522
cavendish,2026-01-05 23:00:00+00:00,77.9733298442464,-12.56739773279733,5.330084063361673,245.68627450980392,0.0,0.625,8.055239825080424,-15.622621254159846
cavendish,2026-01-06 00:00:00+00:00,77.37999653746306,-12.958540826007503,5.0896291432100185,255.5137254901961,0.0,0.625,7.935012365004596,-16.095343952388244
cavendish,2026-01-06 01:00:00+00:00,77.7633298536433,-13.32167784636073,8.015164005055148,247.09019607843135,0.0,0.625,11.822366907456342,-16.390052176148625
cavendish,2026-01-06 02:00:00+00:00,77.87999651508946,-13.32435597607505,9.938803366268383,262.5333333333333,0.0,0.625,15.108584149528953,-16.375114512028933
cavendish,2026-01-06 03:00:00+00:00,78.93999646765745,-14.322871623547908,9.618196806066177,266.7450980392157,0.0,0.625,14.547522669175093,-17.18816771921222
cavendish,2026-01-06 04:00:00+00:00,79.77999643006982,-14.897799066646277,9.177362785788144,265.34117647058827,0.0,0.625,13.064717328239889,-17.62487176044419
cavendish,2026-01-06 05:00:00+00:00,81.2999963620541,-15.369105492421857,8.135391465130974,254.10980392156864,0.0,0.625,11.66206362735524,-17.86345316602622
cavendish,2026-01-06 06:00:00+00:00,81.13666303602947,-15.282510106606292,9.217438605813419,262.5333333333333,0.0,0.625,13.505551348517923,-17.802327476525953
cavendish,2026-01-06 07:00:00+00:00,80.9933297091099,-15.220472656611273,9.057135325712316,256.91764705882355,0.0,0.625,13.7059304486443,-17.76235246017673
cavendish,2026-01-06 08:00:00+00:00,81.23332969837058,-15.14985949152899,7.694557444852942,241.4745098039216,0.0,0.625,11.301381247127756,-17.658315838331415
cavendish,2026-01-06 09:00:00+00:00,81.05999637279342,-15.259612553392646,3.967506182502298,251.3019607843137,0.0,0.625,7.1735717845243565,-17.79097443688324
cavendish,2026-01-06 10:00:00+00:00,81.42999635623696,-14.468375175380977,5.971297183766085,196.54901960784315,0.0,0.625,9.938803366268383,-16.96212434398076
cavendish,2026-01-06 11:00:00+00:00,81.48332968718378,-13.204742397394563,6.011373003791361,223.2235294117647,0.0,0.6666666666666666,10.018955006318935,-15.716552402749393
cavendish,2026-01-06 12:00:00+00:00,80.6433297247714,-12.205399752762524,5.891145543715534,196.54901960784315,0.0,15.666666666666666,10.219334106445311,-14.863624097849257
cavendish,2026-01-06 13:00:00+00:00,77.14999654775491,-10.647989366192828,7.814784904928769,200.76078431372548,0.0,55.5,12.663959127987132,-13.881841335412721
cavendish,2026-01-06 14:00:00+00:00,77.8199965177743,-9.049448191185794,7.654481624827666,196.54901960784315,0.0,91.375,12.623883307961856,-12.218136383473173
cavendish,2026-01-06 15:00:00+00:00,78.95666313357833,-7.919688664426191,6.57243448414522,204.97254901960784,0.0,107.20833333333333,10.900623046875001,-10.93612750450285
cavendish,2026-01-06 16:00:00+00:00,78.75999647571194,-6.7188182273315435,6.21175210391774,224.62745098039213,0.0,102.16666666666667,9.578120986040899,-9.796223852621939
cavendish,2026-01-06 17:00:00+00:00,79.3799964479687,-6.67523793108592,6.011373003791361,175.49019607843135,0.0,55.416666666666664,8.93690786563649,-9.65456064047344
cavendish,2026-01-06 18:00:00+00:00,81.07999637189847,-6.230951284420061,3.8873545424517464,175.49019607843135,0.0,58.458333333333336,6.372055384018841,-8.951148786402081
cavendish,2026-01-06 19:00:00+00:00,83.85666291431714,-6.762445619526796,7.373950884650736,140.39215686274508,0.0,26.416666666666668,10.539940666647517,-9.04355423304177
cavendish,2026-01-06 20:00:00+00:00,86.0766628149784,-6.664766055127186,5.851069723690258,157.23921568627452,0.0,3.7083333333333335,8.93690786563649,-8.613473186665704
cavendish,2026-01-06 21:00:00+00:00,87.29332942720266,-6.1647309743596255,3.646899622300092,112.31372549019608,0.0,0.625,5.931221363740809,-7.940557592892915
cavendish,2026-01-06 22:00:00+00:00,87.886662733986,-5.346461839740353,4.448416022805606,144.60392156862744,0.0,0.625,7.373950884650736,-7.045637248087974
cavendish,2026-01-06 23:00:00+00:00,88.18332938737767,-3.745909935157919,11.702139447380514,164.25882352941176,0.0,0.625,17.072299330767464,-5.421500241648391
cavendish,2026-01-07 00:00:00+00:00,88.12999605643085,-2.657285644618204,14.627674309225645,174.08627450980393,0.0,0.625,20.03791001263787,-4.354675298248253
cavendish,2026-01-07 01:00:00+00:00,88.16999605464096,-2.257283638824639,15.749797269933364,165.6627450980392,0.0,0.625,22.202004294002755,-3.953713787871242
cavendish,2026-01-07 02:00:00+00:00,88.62999603405726,-2.0788007135669475,16.07040383013557,175.49019607843135,0.0,0.625,22.081776833926927,-3.7081278729505724
cavendish,2026-01-07 03:00:00+00:00,89.27999600497158,-1.9134237264916598,14.10668864889706,176.89411764705883,0.0,0.625,19.63715181238511,-3.4471307811849887
cavendish,2026-01-07 04:00:00+00:00,89.90666264359669,-1.645289186336275,13.385323888442095,175.49019607843135,0.0,0.625,18.15434647144991,-3.08827177496483
cavendish,2026-01-07 05:00:00+00:00,90.36999595619717,-1.2970195764296004,12.543731667911306,175.49019607843135,0.0,0.625,17.6734366311466,-2.6745186753093506
cavendish,2026-01-07 06:00:00+00:00,90.253329294751,-0.9694274750599031,12.824262408088236,160.04705882352943,0.0,0.625,18.715407951803765,-2.367631520331378
cavendish,2026-01-07 07:00:00+00:00,90.32999595798705,-0.9703651184235231,14.026537008846509,167.06666666666666,0.0,0.625,20.19821329273897,-2.357107020739287
cavendish,2026-01-07 08:00:00+00:00,90.53332928222179,-1.0808813097596588,10.660168126723345,161.45098039215688,0.0,0.625,15.469266529756434,-2.4362051409237266
cavendish,2026-01-07 09:00:00+00:00,90.89332926611281,-1.7176121648419467,8.135391465130974,136.18039215686275,0.0,0.625,12.663959127987132,-3.0135515158249615
cavendish,2026-01-07 10:00:00+00:00,91.47666257334362,-1.4710502685050235,14.307067749023439,146.0078431372549,0.0,0.625,19.79745509248621,-2.683152948704486
cavendish,2026-01-07 11:00:00+00:00,91.77999589310363,-0.6284225865967765,14.787977589326747,161.45098039215688,0.0,0.625,21.11995715332031,-1.8029118944446316
cavendish,2026-01-07 12:00:00+00:00,92.13999587699465,-0.09812531271247688,14.747901769301471,148.8156862745098,0.0,21.708333333333332,20.83942641314338,-1.2236824076506658
cavendish,2026-01-07 13:00:00+00:00,92.64666252098941,0.3452772872157695,15.910100550034468,147.41176470588235,0.0,69.54166666666667,22.722989954331343,-0.7087516228262669
cavendish,2026-01-07 14:00:00+00:00,92.48332919496478,0.43747640815009275,11.101002147001378,133.37254901960785,0.0,63.125,16.791768590590532,-0.6413795768654437
cavendish,2026-01-07 15:00:00+00:00,91.66999589802582,0.8939437961492231,8.576225485409006,116.52549019607844,0.200048828125,86.58333333333333,14.066612828871785,-0.30978285738168726
cavendish,2026-01-07 16:00:00+00:00,90.90666259884952,0.8465091734373137,9.65827262609145,101.08235294117648,0.200048828125,102.16666666666667,16.55131367043888,-0.4713725775126491
cavendish,2026-01-07 17:00:00+00:00,92.18332920838893,0.07364602190483203,10.780395586799171,85.63921568627451,0.200048828125,74.25,17.994043191348805,-1.0470382225670316
cavendish,2026-01-07 18:00:00+00:00,93.55999581345365,0.08941941843753506,12.824262408088234,78.61960784313726,0.200048828125,48.375,20.679123133042275,-0.8288567602843264
cavendish,2026-01-07 19:00:00+00:00,94.55999576870646,0.007850588516070902,11.782291087431068,82.8313725490196,0.40009765625,13.625,18.955862871955425,-0.764558936705369
cavendish,2026-01-07 20:00:00+00:00,95.29666240240937,0.13941467944654415,11.942594367532168,80.02352941176471,1.000244140625,3.125,20.398592392865346,-0.5273426169107699
cavendish,2026-01-07 21:00:00+00:00,95.83666237824589,0.1412687321014132,11.301381247127757,88.44705882352942,1.000244140625,0.625,19.476848532284006,-0.4480273330165116
cavendish,2026-01-07 22:00:00+00:00,96.24332902671537,0.13201683242004514,9.818575906192555,87.04313725490196,1.000244140625,0.625,16.83184441061581,-0.3991768335922859
cavendish,2026-01-07 23:00:00+00:00,96.55666234602795,0.08943478796273795,9.818575906192555,71.60000000000001,0.600146484375,0.625,16.671541130514704,-0.3970580009750329
cavendish,2026-01-08 00:00:00+00:00,96.77332900299939,0.05238551421777797,9.898727546243105,61.77254901960784,0.200048828125,0.625,16.791768590590532,-0.40326807821839367
cavendish,2026-01-08 01:00:00+00:00,97.01666232544424,-0.001395466643736158,10.539940666647517,64.58039215686274,0.200048828125,0.625,17.95396737132353,-0.42250145756759877
cavendish,2026-01-08 02:00:00+00:00,97.35999564341436,-0.173224399732364,9.85865172621783,63.1764705882353,0.0,0.625,16.591389490464156,-0.5456134206020182
cavendish,2026-01-08 03:00:00+00:00,97.49999563714977,-0.19461195030562853,8.616301305434284,53.34901960784314,0.0,0.625,15.549418169806986,-0.5472767721934432
cavendish,2026-01-08 04:00:00+00:00,97.57999563357,-0.16206070254458824,6.812889404296876,39.30980392156863,0.0,0.625,12.78418658806296,-0.5035285232574971
cavendish,2026-01-08 05:00:00+00:00,97.61666229859593,-0.11278905957588746,7.935012365004596,28.07843137254902,0.0,0.625,14.587598489200367,-0.44916713912514666
cavendish,2026-01-08 06:00:00+00:00,97.69999562820031,-0.2989499749041637,8.015164005055148,40.71372549019608,0.0,0.625,15.308963249655331,-0.6234247172535848
cavendish,2026-01-08 07:00:00+00:00,97.7999956237256,-0.42491329607183365,7.454102524701287,25.27058823529412,0.0,0.625,12.263200927734374,-0.7352574425590095
cavendish,2026-01-08 08:00:00+00:00,97.84999562148823,-0.5025184773772082,8.37584638528263,12.635294117647058,0.0,0.625,12.02274600758272,-0.8058038025394183
cavendish,2026-01-08 09:00:00+00:00,97.98332894885529,-0.6392839164272767,9.538045166015625,9.827450980392156,0.0,0.625,13.585702988568475,-0.923848573392053
cavendish,2026-01-08 10:00:00+00:00,97.92666228472427,-0.6908750593995165,7.935012365004596,5.615686274509804,0.0,0.625,11.581911987304688,-0.983296740072339
cavendish,2026-01-08 11:00:00+00:00,97.92666228472427,-0.7227954607988494,8.215543105181526,348.17254901960786,0.0,0.625,12.343352567784926,-1.015191695582651
cavendish,2026-01-08 12:00:00+00:00,97.95332895019769,-0.6655446231653144,10.740319766773897,336.94117647058823,0.0,9.5,15.749797269933364,-0.9542719574630618
cavendish,2026-01-08 13:00:00+00:00,97.83666228875153,-0.4707545365828835,14.587598489200369,353.78823529411767,0.0,60.458333333333336,20.077985832663142,-0.7759393107943822
cavendish,2026-01-08 14:00:00+00:00,97.59666229949087,-0.29809909325174755,17.032223510742188,1.4039215686274509,0.0,105.16666666666667,22.80314159438189,-0.6370766883240454
cavendish,2026-01-08 15:00:00+00:00,97.44666230620295,-0.2728422182503934,14.908205049402573,1.4039215686274509,0.0,91.29166666666667,19.396696892233457,-0.6328959139098745
cavendish,2026-01-08 16:00:00+00:00,97.23999564878405,-0.29242643528460094,13.184944788315716,349.5764705882353,0.200048828125,88.16666666666667,17.593284991096045,-0.6815158317321012
cavendish,2026-01-08 17:00:00+00:00,96.56999567876464,-0.4483254180452808,12.704034948012408,339.74901960784314,0.0,93.45833333333333,18.67533213177849,-0.9316277288913102
cavendish,2026-01-08 18:00:00+00:00,95.5833290562485,-0.4744651709975832,12.183049287683822,332.7294117647059,0.0,90.125,18.555104671702665,-1.0978949369244748
cavendish,2026-01-08 19:00:00+00:00,94.19999578481544,-0.5952096578628026,10.980774686925551,325.7098039215686,0.0,54.333333333333336,17.312754250919117,-1.4166464795958207
cavendish,2026-01-08 20:00:00+00:00,93.3166624910088,-0.7736019126783948,10.33956156652114,320.09411764705885,0.0,15.708333333333334,17.032223510742188,-1.7218880566279775
cavendish,2026-01-08 21:00:00+00:00,93.77666247042508,-0.9034245430796948,9.377741885914523,322.90196078431376,0.0,0.625,15.950176370059744,-1.784284041169331
cavendish,2026-01-08 22:00:00+00:00,94.44666244044448,-0.9845258064385073,7.61440580480239,317.2862745098039,0.0,0.625,13.305172248391546,-1.7683732185653556
cavendish,2026-01-08 23:00:00+00:00,94.42666244133943,-1.003907225943555,6.85296522432215,307.45882352941175,0.0,0.625,11.702139447380514,-1.7905393569185069
cavendish,2026-01-09 00:00:00+00:00,94.99332908264935,-1.8983285857588286,5.851069723690258,289.2078431372549,0.0,0.625,9.65827262609145,-2.6000443857829367
cavendish,2026-01-09 01:00:00+00:00,95.65999571948457,-2.3415445767122045,5.450311523437501,276.57254901960783,0.0,0.625,8.37584638528263,-2.9474631033733596
cavendish,2026-01-09 02:00:00+00:00,95.95332903969205,-2.2384219666271927,3.967506182502298,249.89803921568625,0.0,0.625,6.091524643841912,-2.803523247348956
cavendish,2026-01-09 03:00:00+00:00,95.90332904192942,-1.1617674479222633,4.769022583007812,254.10980392156864,0.0,0.625,7.654481624827666,-1.7373805801287672
cavendish,2026-01-09 04:00:00+00:00,95.36666239927708,-0.31105534158234843,5.770918083639706,294.8235294117647,0.0,0.625,10.82047140682445,-0.9659984573688424
cavendish,2026-01-09 05:00:00+00:00,94.81666242388802,-0.31571537434769303,5.0896291432100185,300.4392156862745,0.0,0.625,9.85865172621783,-1.0495946823167972
cavendish,2026-01-09 06:00:00+00:00,94.11666245521106,-0.44080175414935824,4.127809462603401,306.0549019607843,0.0,0.625,8.055239825080424,-1.2750179601693656
cavendish,2026-01-09 07:00:00+00:00,93.50666248250683,-0.980815561379391,4.769022583007812,293.41960784313727,0.0,0.625,7.734633264878217,-1.900180178716656
cavendish,2026-01-09 08:00:00+00:00,93.13332916587912,-1.894504789876794,6.57243448414522,270.956862745098,0.0,0.625,9.538045166015625,-2.862114784056804
cavendish,2026-01-09 09:00:00+00:00,93.7599958045042,-2.78259251374477,8.215543105181526,265.34117647058827,0.0,0.625,11.74221526740579,-3.655059369045087
cavendish,2026-01-09 10:00:00+00:00,93.1766624972734,-3.4336418370745445,7.293799244600184,275.1686274509804,0.0,0.625,10.740319766773897,-4.385071265196541
cavendish,2026-01-09 11:00:00+00:00,93.09666250085318,-3.9853032410596123,7.935012365004596,255.5137254901961,0.0,1.0,11.020850506950827,-4.94454269716223
cavendish,2026-01-09 12:00:00+00:00,92.7299958505938,-3.8745663417421095,8.776604585535386,265.34117647058827,0.0,56.375,13.104793148265166,-4.886692586616108
cavendish,2026-01-09 13:00:00+00:00,90.96332926298051,-2.8490139134968975,7.454102524701287,265.34117647058827,0.0,148.33333333333334,11.101002147001378,-4.1248780330702735
cavendish,2026-01-09 14:00:00+00:00,87.46999608596398,-1.006220393695295,3.847278722426471,286.40000000000003,0.0,207.625,7.574329984777114,-2.829501217759663
cavendish,2026-01-09 15:00:00+00:00,81.90999633475832,0.38164492325783783,4.448416022805606,310.26666666666665,0.0,326.4166666666667,8.816680405560662,-2.349893205696409
cavendish,2026-01-09 16:00:00+00:00,77.59999652761867,0.9994944498714664,4.087733642578125,275.1686274509804,0.0,296.5,7.373950884650736,-2.474079237275801
cavendish,2026-01-09 17:00:00+00:00,74.55999666365011,2.102123891257716,3.646899622300092,290.6117647058824,1.000244140625,309.4166666666667,6.291903743968291,-1.9428404777951145
cavendish,2026-01-09 18:00:00+00:00,74.98999664440882,1.8057391515343895,5.1297049632352945,256.91764705882355,0.8001953125,253.16666666666666,8.656377125459558,-2.151799020669387
cavendish,2026-01-09 19:00:00+00:00,78.54332981874049,0.1288379172061795,6.331979563993567,213.39607843137256,0.200048828125,73.20833333333333,9.85865172621783,-3.1614319605321444
cavendish,2026-01-09 20:00:00+00:00,83.83666291521209,-0.7556814375919553,6.21175210391774,168.47058823529412,0.0,13.5,9.818575906192557,-3.151615987959233
cavendish,2026-01-09 21:00:00+00:00,88.0266627277214,-0.7331585411271831,7.89493654497932,188.12549019607843,0.0,0.625,12.744110768037682,-2.471374635984007
cavendish,2026-01-09 22:00:00+00:00,89.84332931309736,-0.5578581464033382,9.778500086167279,169.87450980392157,0.0,0.625,15.028432509478401,-2.021927438140798
cavendish,2026-01-09 23:00:00+00:00,90.33332929117122,-0.2346667563180626,14.547522669175093,188.12549019607843,0.0,0.625,21.24018461339614,-1.628307531916642
cavendish,2026-01-10 00:00:00+00:00,90.66999594277301,-0.5174978792750465,15.589493989832262,178.2980392156863,0.0,0.625,22.442459214154415,-1.8579395289663359
cavendish,2026-01-10 01:00:00+00:00,91.14666258811017,-0.14375860981269095,15.188735789579505,174.08627450980393,0.0,0.625,23.404278894761028,-1.4164762165589064
cavendish,2026-01-10 02:00:00+00:00,90.88999593292864,0.04588544414242883,19.71730345243566,195.14509803921567,0.0,0.625,30.89845723948759,-1.2669590349153486
cavendish,2026-01-10 03:00:00+00:00,91.53666257065878,0.0874979115432353,18.114270651424633,181.1058823529412,0.0,0.625,27.131330157111673,-1.1291229998968595
cavendish,2026-01-10 04:00:00+00:00,91.77666255991946,0.5027209504432956,18.474953031652113,186.721568627451,0.0,0.625,27.171405977136946,-0.6816250416769261
cavendish,2026-01-10 05:00:00+00:00,92.66999585327864,0.8143115116619076,25.36799407599954,174.08627450980393,1.400341796875,0.625,37.711346643784466,-0.23965037755825266
cavendish,2026-01-10 06:00:00+00:00,93.47332915066507,1.810977736439421,24.32602275534237,179.7019607843137,1.20029296875,0.625,37.83157410386029,0.8694424336585121
cavendish,2026-01-10 07:00:00+00:00,93.59666247847959,2.252519693204332,26.69049613683364,189.52941176470588,1.000244140625,0.625,42.19983848661535,1.3265646005601563
cavendish,2026-01-10 08:00:00+00:00,93.72332913947827,2.871961012150577,25.768752276252297,186.721568627451,0.8001953125,0.625,40.31627494542739,1.9611610951861642
cavendish,2026-01-10 09:00:00+00:00,94.5266624368647,3.46083598507407,22.642838314280787,200.76078431372548,0.200048828125,0.625,37.87164992388557,2.666631847587512
cavendish,2026-01-10 10:00:00+00:00,94.9999957490177,4.491553710531614,21.841321913775275,221.81960784313725,0.0,0.625,35.14649416216682,3.762894574984396
cavendish,2026-01-10 11:00:00+00:00,91.02666259347984,5.561613503353376,26.77064777688419,244.28235294117647,0.0,0.625,40.236123305376836,4.216046213537142
cavendish,2026-01-10 12:00:00+00:00,84.29666289462838,5.0680928440016135,29.375576078527114,268.1490196078431,0.0,34.75,47.32954344985065,2.635946495878268
cavendish,2026-01-10 13:00:00+00:00,76.94332989033599,4.61880945777845,25.488221536075365,292.0156862745098,0.0,155.45833333333334,43.963174567727485,0.9289941787496988
cavendish,2026-01-10 14:00:00+00:00,74.76666332106903,4.295810982572764,23.724885454963232,290.6117647058824,0.0,202.45833333333334,40.236123305376836,0.21870422716506302
cavendish,2026-01-10 15:00:00+00:00,71.7066634579954,4.085382204951481,20.03791001263787,292.0156862745098,0.0,270.4166666666667,34.385053581686584,-0.5627311800856799
cavendish,2026-01-10 16:00:00+00:00,68.02333028948085,4.189932859283078,18.79555959185432,300.4392156862745,0.0,322.0416666666667,31.82020110006893,-1.18161390483997
cavendish,2026-01-10 17:00:00+00:00,64.18666379449421,4.396810301869098,18.35472557157629,306.0549019607843,0.0,333.1666666666667,32.461414220473344,-1.7714345291924234
cavendish,2026-01-10 18:00:00+00:00,64.95999709322305,3.451701983201947,16.591389490464156,303.2470588235294,0.0,185.16666666666666,28.85459041819853,-2.5086660364702658
cavendish,2026-01-10 19:00:00+00:00,65.38666374079759,3.2498502297751823,14.307067749023439,303.2470588235294,0.0,144.375,24.6065534955193,-2.6135864096897206
cavendish,2026-01-10 20:00:00+00:00,67.01666366785967,2.4585546713024207,13.385323888442095,287.80392156862746,0.0,22.666666666666668,21.80124609375,-3.037392119259203
cavendish,2026-01-10 21:00:00+00:00,68.19999694824217,1.8357518276376898,10.299485746495863,289.2078431372549,0.0,0.625,16.751692770565256,-3.3994365668979394
cavendish,2026-01-10 22:00:00+00:00,69.36333022951962,1.361885996579918,11.060926326976103,272.3607843137255,0.0,0.625,17.593284991096045,-3.628245546256869
cavendish,2026-01-10 23:00:00+00:00,67.33333032035641,1.2390652307864598,12.142973467658548,307.45882352941175,0.0,0.625,20.75927477309283,-4.140874486484344
cavendish,2026-01-11 00:00:00+00:00,70.38666351706168,0.17896523180394772,8.816680405560662,310.26666666666665,0.0,0.625,15.669645629882812,-4.573558774139301
cavendish,2026-01-11 01:00:00+00:00,73.45999671287201,-0.5308316943069243,7.053344324448529,303.2470588235294,0.0,0.625,11.702139447380516,-4.68928214018329
cavendish,2026-01-11 02:00:00+00:00,76.10332992792362,-1.2013765703038113,5.770918083639706,296.2274509803921,0.0,0.625,9.257514425838696,-4.87221092789408
cavendish,2026-01-11 03:00:00+00:00,78.78666314118534,-1.968188271360208,3.686975442325368,308.8627450980392,0.0,0.625,6.732737764246323,-5.160774789359822
cavendish,2026-01-11 04:00:00+00:00,81.93332966704754,-2.5315343919604647,2.6850799416934743,303.2470588235294,0.0,0.625,4.608719302906709,-5.195406681669593
cavendish,2026-01-11 05:00:00+00:00,83.6133295918723,-2.6551817846310275,6.331979563993566,345.3647058823529,0.0,0.625,9.057135325712316,-5.0486289953896835
cavendish,2026-01-11 06:00:00+00:00,82.81332962767003,-2.408216103431259,5.0896291432100185,5.615686274509804,0.0,0.625,7.975088185029872,-4.933053857003143
cavendish,2026-01-11 07:00:00+00:00,84.5033295520473,-2.190812880312456,4.248036922679228,25.27058823529412,0.0,0.625,8.055239825080424,-4.45246591663899
cavendish,2026-01-11 08:00:00+00:00,84.74999620767633,-1.976798334469376,2.5648524816176472,68.7921568627451,0.0,0.625,5.370159883386949,-4.203405278283373
cavendish,2026-01-11 09:00:00+00:00,85.55999617143111,-1.6873635362868213,5.891145543715534,81.42745098039215,0.0,0.625,10.219334106445311,-3.7922883242783736
cavendish,2026-01-11 10:00:00+00:00,86.42999613250105,-1.4460369210717705,8.896832045611212,91.25490196078432,0.0,0.625,15.068508329503677,-3.4196013634434115
cavendish,2026-01-11 11:00:00+00:00,86.82666278141801,-1.4412914524425782,9.898727546243105,116.52549019607844,0.0,0.625,17.39290589096967,-3.3537889907616805
cavendish,2026-01-11 12:00:00+00:00,87.48999608506905,-1.5279131356910531,11.38153288717831,109.5058823529412,0.0,9.208333333333334,19.356621072208178,-3.3372870885865074
cavendish,2026-01-11 13:00:00+00:00,87.46666275277981,-1.4298279365631668,9.217438605813419,112.31372549019608,0.0,31.791666666666668,16.110479650160848,-3.2441002233891902
cavendish,2026-01-11 14:00:00+00:00,87.51332941735828,-1.3775523939437562,10.700243946748621,106.69803921568628,0.0,58.25,17.994043191348805,-3.1853863256058417
cavendish,2026-01-11 15:00:00+00:00,87.71999607477719,-1.279730281603596,12.062821827607996,96.87058823529412,0.0,73.5,20.358516572840074,-3.0572700969861004
cavendish,2026-01-11 16:00:00+00:00,89.47332932965381,-1.4680314944797894,13.986461188821233,95.46666666666668,0.0,62.0,24.005416195140167,-2.978823007560929
cavendish,2026-01-11 17:00:00+00:00,93.05332916945889,-1.6051749933315662,15.990252190085018,95.46666666666668,0.0,34.083333333333336,26.49011703670726,-2.5865939232881607
cavendish,2026-01-11 18:00:00+00:00,94.62332909920582,-1.4289002252384857,16.431086210363052,84.23529411764706,0.0,46.041666666666664,26.249662116555605,-2.1853301054073477
cavendish,2026-01-11 19:00:00+00:00,95.39332906475049,-1.2712291863322676,16.71161695053998,81.42745098039215,0.0,24.291666666666668,27.17140597713695,-1.9186748415625723
cavendish,2026-01-11 20:00:00+00:00,95.93999570695536,-1.1036964092091035,14.547522669175093,82.8313725490196,0.0,3.7083333333333335,23.885188735064336,-1.6742446629883299
cavendish,2026-01-11 21:00:00+00:00,96.32999568950395,-0.8365874371707255,12.623883307961856,89.85098039215686,0.0,0.625,21.200108793370863,-1.3528019158154478
cavendish,2026-01-11 22:00:00+00:00,96.69332900657918,-0.827153697018026,14.347143569048713,88.44705882352942,0.0,0.625,24.96723587574678,-1.292152682675713
cavendish,2026-01-11 23:00:00+00:00,96.9666623276816,-0.7998859360003375,13.144868968290442,85.63921568627451,0.0,0.625,22.883293234432447,-1.2264954647364141
cavendish,2026-01-12 00:00:00+00:00,97.10999565460116,-0.5980615823780852,9.578120986040899,95.46666666666668,0.0,0.625,16.150555470186124,-1.0049043766329036
cavendish,2026-01-12 01:00:00+00:00,97.36332897659855,-0.43145971016695006,6.532358664119944,91.25490196078432,0.0,0.625,12.2231251077091,-0.8029916951027575
cavendish,2026-01-12 02:00:00+00:00,97.56999563401746,-0.3464904590741464,3.4865963421989887,99.67843137254904,0.0,0.625,8.095315645105698,-0.6891355871759909
cavendish,2026-01-12 03:00:00+00:00,97.6899956286478,-0.3791513748551836,0.5209856603285846,126.3529411764706,0.0,0.625,2.16409428136489,-0.7049416257144094
cavendish,2026-01-12 04:00:00+00:00,97.84332895511989,-0.39782855599443295,1.8034119011374081,237.2627450980392,0.0,0.625,4.288112742704503,-0.7021404144346746
cavendish,2026-01-12 05:00:00+00:00,98.00666228114451,-0.5175753723674674,5.730842263614431,268.1490196078431,0.0,0.625,9.898727546243105,-0.7989737675117506
cavendish,2026-01-12 06:00:00+00:00,98.07999561119638,-0.8782152427860278,9.898727546243105,272.3607843137255,0.0,0.625,16.310858750287228,-1.1491653829006252
cavendish,2026-01-12 07:00:00+00:00,98.16332894080078,-1.3834294053643081,12.824262408088234,268.1490196078431,0.0,0.625,20.719198953067554,-1.642530503123538
cavendish,2026-01-12 08:00:00+00:00,98.21999560493177,-1.7217335188994745,15.469266529756434,277.9764705882353,0.0,0.625,24.4462502154182,-1.9728431468736218
cavendish,2026-01-12 09:00:00+00:00,98.18999560627418,-2.2136958227388326,15.950176370059744,283.59215686274507,0.0,0.625,26.57026867675781,-2.4686644286304795
cavendish,2026-01-12 10:00:00+00:00,97.74332895959462,-3.318178376383803,17.913891551298253,311.67058823529413,0.0,0.625,29.495803538602942,-3.633481150264669
cavendish,2026-01-12 11:00:00+00:00,97.12999565370622,-3.779674723613539,16.3509345703125,314.47843137254904,0.0,0.7916666666666666,27.17140597713695,-4.178197913141314
cavendish,2026-01-12 12:00:00+00:00,96.77666233618358,-4.155675070735558,17.994043191348805,284.9960784313725,0.0,15.875,29.33550025850184,-4.601807347699922
cavendish,2026-01-12 13:00:00+00:00,96.53332901373872,-3.940351260813576,18.15434647144991,283.59215686274507,0.0,55.875,30.17709247903263,-4.4203099465799465
cavendish,2026-01-12 14:00:00+00:00,96.07999570069074,-3.8207123218448245,18.675332131778493,296.2274509803921,0.0,118.04166666666667,31.41944289981618,-4.36360211813004
cavendish,2026-01-12 15:00:00+00:00,90.74999593919323,-3.3503266970426773,19.877606732536766,306.0549019607843,0.0,164.41666666666666,33.10262734087776,-4.658992179146019
cavendish,2026-01-12 16:00:00+00:00,82.80666296130168,-2.8876703395964802,21.11995715332031,307.45882352941175,0.0,252.45833333333334,36.42892040297564,-5.404670454383468
cavendish,2026-01-12 17:00:00+00:00,81.32332969434333,-2.883693409061861,22.282155934053307,293.41960784313727,0.0,183.625,37.23043680348116,-5.638038009634471
cavendish,2026-01-12 18:00:00+00:00,80.0466630848039,-2.632885642502825,19.757379272460934,296.2274509803921,0.0,167.16666666666666,33.623613001206344,-5.600284656063683
cavendish,2026-01-12 19:00:00+00:00,79.0433297963669,-2.7981807543700032,21.721094453699447,283.59215686274507,0.0,79.58333333333333,36.188465482823986,-5.927039085895791
cavendish,2026-01-12 20:00:00+00:00,78.75999647571194,-3.466289800189308,24.24587111529182,280.78431372549016,0.0,16.666666666666668,38.47278722426471,-6.624928258157423
cavendish,2026-01-12 21:00:00+00:00,78.85666313805305,-3.8923801250123953,24.085567835190716,275.1686274509804,0.0,0.6666666666666666,38.87354542451747,-7.024434287237392
cavendish,2026-01-12 22:00:00+00:00,78.05999650703498,-4.448057531552156,22.763065774356615,284.9960784313725,0.0,0.625,38.1521806640625,-7.6971885516179945
cavendish,2026-01-12 23:00:00+00:00,79.38332978115287,-5.058332051753847,18.755483771829045,290.6117647058824,0.0,0.625,32.62171750057445,-8.075923207242012
cavendish,2026-01-13 00:00:00+00:00,79.7966630959907,-5.748129934167671,18.03411901137408,287.80392156862746,0.0,0.625,30.49769903923483,-8.682981626397861
cavendish,2026-01-13 01:00:00+00:00,80.24999640903864,-6.249744306998694,16.591389490464156,283.59215686274507,0.0,0.625,27.572164177389705,-9.100423812117851
cavendish,2026-01-13 02:00:00+00:00,80.96999637682067,-6.663679305802905,13.665854628619027,292.0156862745098,0.0,0.625,22.682914134306067,-9.391629224659631
cavendish,2026-01-13 03:00:00+00:00,81.73666300918117,-6.974719215006532,14.707825949276195,277.9764705882353,0.0,0.625,22.121852653952203,-9.576583882277003
cavendish,2026-01-13 04:00:00+00:00,83.39332960171667,-7.252483153768763,12.864338228113512,283.59215686274507,0.0,0.625,19.637151812385113,-9.594565852471685
cavendish,2026-01-13 05:00:00+00:00,83.01666295190476,-7.407614331819483,14.587598489200367,268.1490196078431,0.0,0.625,21.32033625344669,-9.804250248275341
cavendish,2026-01-13 06:00:00+00:00,82.74999629717068,-7.249310572417202,12.062821827607996,270.956862745098,0.0,0.625,18.835635411879593,-9.689589786782536
cavendish,2026-01-13 07:00:00+00:00,85.77999616158674,-7.239517772750672,11.141077967026655,276.57254901960783,0.0,0.625,16.55131367043888,-9.223857194979663
cavendish,2026-01-13 08:00:00+00:00,86.58666279215734,-6.584826589507474,8.93690786563649,247.09019607843135,0.0,0.625,13.746006268669579,-8.459032064571199
cavendish,2026-01-13 09:00:00+00:00,87.38666275635958,-5.882196423543073,9.618196806066177,255.5137254901961,0.0,0.625,14.747901769301471,-7.648126323811365
cavendish,2026-01-13 10:00:00+00:00,87.90999606627523,-5.820212515776461,5.931221363740809,241.4745098039216,0.0,0.625,10.219334106445311,-7.510092427342399
cavendish,2026-01-13 11:00:00+00:00,87.97999606314292,-5.083884036535351,5.891145543715534,213.39607843137256,0.0,1.0833333333333333,10.299485746495863,-6.773250834841442
cavendish,2026-01-13 12:00:00+00:00,85.99999615174235,-3.8277335037078535,7.2537234245749085,211.9921568627451,0.0,23.583333333333332,12.663959127987132,-5.831370382661681
cavendish,2026-01-13 13:00:00+00:00,85.12999619067241,-2.4292267895118944,10.900623046875001,231.64705882352945,0.0,86.08333333333333,17.873815731272977,-4.589079685892627
cavendish,2026-01-13 14:00:00+00:00,84.12999623541958,-1.2334625424255434,13.34524806841682,251.3019607843137,0.0,183.125,20.158137472713694,-3.5716100783047398
cavendish,2026-01-13 15:00:00+00:00,82.42332964512143,-0.44678663102966143,11.782291087431068,265.34117647058827,0.0,166.79166666666666,17.633360811121324,-3.0738399041802915
cavendish,2026-01-13 16:00:00+00:00,80.11666308167159,0.2442231278362783,12.062821827607996,255.5137254901961,1.000244140625,170.70833333333334,18.274573931525733,-2.780173370721157
cavendish,2026-01-13 17:00:00+00:00,77.37666320427888,0.88485036938962,11.301381247127757,251.3019607843137,1.000244140625,174.16666666666666,17.633360811121324,-2.623358107068929
cavendish,2026-01-13 18:00:00+00:00,73.39333004918849,1.988238353338344,11.702139447380516,245.68627450980392,0.0,253.91666666666666,18.555104671702665,-2.268577475486556
cavendish,2026-01-13 19:00:00+00:00,72.98333006753484,2.2721096968493244,11.461684527228861,237.2627450980392,0.0,166.41666666666666,17.513133351045497,-2.067419477902774
cavendish,2026-01-13 20:00:00+00:00,76.70666323425948,1.0746696714742816,7.694557444852942,228.83921568627449,0.0,37.875,13.305172248391546,-2.5611078295692455
cavendish,2026-01-13 21:00:00+00:00,79.78332976325399,-0.7116512693253464,5.2499324233111215,214.8,0.0,0.6666666666666666,8.45599802533318,-3.768305367993485
cavendish,2026-01-13 22:00:00+00:00,81.90999633475832,-0.6099169617978765,6.85296522432215,213.39607843137256,0.0,0.625,11.782291087431066,-3.3176920776303356
cavendish,2026-01-13 23:00:00+00:00,78.11999650435014,0.5289006192644895,6.251827923943015,211.9921568627451,0.0,0.625,11.101002147001378,-2.8420871023625076
cavendish,2026-01-14 00:00:00+00:00,78.44332982321522,0.5714721092118893,6.812889404296874,213.39607843137256,0.0,0.625,10.059030826344209,-2.7446227444127183
cavendish,2026-01-14 01:00:00+00:00,83.32999627121733,0.06522770376375982,6.452207024069394,189.52941176470588,0.0,0.625,9.618196806066177,-2.4266405766616557
cavendish,2026-01-14 02:00:00+00:00,85.87332949074366,-0.25015438945726154,8.976983685661764,186.721568627451,0.0,0.625,13.184944788315716,-2.329061932705868
cavendish,2026-01-14 03:00:00+00:00,85.71332949790322,0.4363656747851593,9.417817705939797,188.12549019607843,0.0,0.625,13.465475528492647,-1.6786003187800573
cavendish,2026-01-14 04:00:00+00:00,85.19332952117175,0.838282897387397,9.938803366268383,179.7019607843137,0.0,0.625,14.587598489200367,-1.3665019014703708
cavendish,2026-01-14 05:00:00+00:00,82.71666296532892,1.1658605490019858,9.938803366268383,197.9529411764706,0.0,0.625,14.94828086942785,-1.4457585265941286
cavendish,2026-01-14 06:00:00+00:00,82.76999629627575,1.3220898728253065,12.42350420783548,183.91372549019607,0.0,0.625,18.675332131778493,-1.2838726355069987
cavendish,2026-01-14 07:00:00+00:00,83.74666291923933,1.2567335325300586,12.30327674775965,167.06666666666666,0.0,0.625,17.633360811121324,-1.1883236753323556
cavendish,2026-01-14 08:00:00+00:00,85.20666285390845,1.1631126248950507,14.307067749023439,168.47058823529412,0.0,0.625,20.83942641314338,-1.044734939493053
cavendish,2026-01-14 09:00:00+00:00,86.82332944823384,1.360061450507914,16.75169277056526,168.47058823529412,0.0,0.625,24.366098575367644,-0.5937173254550788
cavendish,2026-01-14 10:00:00+00:00,88.00666272861635,1.9158107851421586,18.635256311753217,178.2980392156863,0.0,0.625,27.291633437212777,0.14030934468779196
cavendish,2026-01-14 11:00:00+00:00,89.04666268207926,2.359700875326345,15.629569809857538,165.6627450980392,0.0,0.625,23.243975614659924,0.7408955380843621
cavendish,2026-01-14 12:00:00+00:00,89.60332932383668,3.0915392271223685,18.955862871955425,183.91372549019607,0.0,9.25,28.614135498046878,1.5509400807267044
cavendish,2026-01-14 13:00:00+00:00,89.50999599467973,4.246376442215397,21.80124609375,178.2980392156863,0.0,43.166666666666664,33.303006441004136,2.6781366225347503
cavendish,2026-01-14 14:00:00+00:00,88.14999605553591,5.151370785711924,18.15434647144991,185.31764705882355,0.0,109.29166666666667,29.97671337890625,3.355120971594468
cavendish,2026-01-14 15:00:00+00:00,83.76999625152855,6.289430099347769,17.312754250919117,193.7411764705882,0.0,249.70833333333334,28.614135498046874,3.7460414541207596
cavendish,2026-01-14 16:00:00+00:00,77.37999653746306,7.618246485360697,19.3165452521829,210.58823529411765,0.0,315.4583333333333,32.100731840245864,3.9223148988145633
cavendish,2026-01-14 17:00:00+00:00,76.30332991897419,7.242294808098786,17.713512451171876,203.5686274509804,0.0,206.75,29.13512115837546,3.3582440422029864
cavendish,2026-01-14 18:00:00+00:00,74.89332998206773,7.545744490428015,14.828053409352021,221.81960784313725,0.0,180.20833333333334,24.4462502154182,3.388665368822436
cavendish,2026-01-14 19:00:00+00:00,75.51999662069282,7.162559368472616,11.261305427102482,216.20392156862744,0.0,73.45833333333333,19.436772712258733,3.1354252066854524
cavendish,2026-01-14 20:00:00+00:00,77.48999653254086,6.388491591526975,4.769022583007812,211.9921568627451,0.0,14.25,8.696452945484834,2.7462165862297243
cavendish,2026-01-14 21:00:00+00:00,80.47999639874679,5.625512256171591,2.5648524816176472,219.0117647058824,0.0,0.625,5.2499324233111215,2.536224639118815
cavendish,2026-01-14 22:00:00+00:00,82.78332962901246,5.171467382471835,2.4446250215418197,211.9921568627451,0.0,0.625,4.929325863108915,2.489358444102824
cavendish,2026-01-14 23:00:00+00:00,85.05666286062052,3.7864770220023205,2.0839426413143385,169.87450980392157,0.0,0.625,2.8453832217945774,1.5093284068685726
cavendish,2026-01-15 00:00:00+00:00,87.08332943659957,3.104335345694433,1.8434877211626841,168.47058823529412,0.0,0.625,2.805307401769302,1.1663635911803754
cavendish,2026-01-15 01:00:00+00:00,88.09332939140492,3.2769846048684825,1.8835635411879599,168.47058823529412,0.0,0.625,3.28621724207261,1.4973155189085998
cavendish,2026-01-15 02:00:00+00:00,85.71999616427156,5.730312879844299,6.21175210391774,189.52941176470588,0.0,0.625,10.059030826344209,3.5284687787760793
cavendish,2026-01-15 03:00:00+00:00,87.7633294061715,5.451060400451923,9.417817705939797,193.7411764705882,0.0,0.625,13.465475528492647,3.58759060663198
cavendish,2026-01-15 04:00:00+00:00,90.11666263419978,5.287485453802818,13.585702988568475,175.49019607843135,0.0,0.625,18.434877211626837,3.8032826447589723
cavendish,2026-01-15 05:00:00+00:00,90.7966626037717,5.050113666570961,11.702139447380516,175.49019607843135,1.000244140625,0.625,16.310858750287224,3.674798655755582
cavendish,2026-01-15 06:00:00+00:00,92.55332919183247,4.423747095602269,9.057135325712316,144.60392156862744,0.600146484375,0.625,12.78418658806296,3.325522026683261
cavendish,2026-01-15 07:00:00+00:00,93.7333291390308,4.408210716044508,13.14486896829044,169.87450980392157,4.40107421875,0.625,18.474953031652113,3.489663427319535
cavendish,2026-01-15 08:00:00+00:00,94.60332910010077,4.375280088430778,14.066612828871785,157.23921568627452,2.4005859375,0.625,19.79745509248621,3.587896948889351
cavendish,2026-01-15 09:00:00+00:00,95.2666624037518,4.57463709846755,13.665854628619027,171.27843137254902,2.6006347656249997,0.625,18.835635411879597,3.8856021822934337
cavendish,2026-01-15 10:00:00+00:00,95.75666238182566,4.5822902031492925,12.183049287683822,150.21960784313725,2.200537109375,0.625,16.83184441061581,3.966211153983695
cavendish,2026-01-15 11:00:00+00:00,96.16332903029515,4.87097622341868,11.862442727481616,167.06666666666666,2.6006347656249997,0.625,16.952071870691636,4.314297947723904
cavendish,2026-01-15 12:00:00+00:00,96.45666235050265,4.863930902945624,12.102897647633272,167.06666666666666,1.400341796875,7.041666666666667,17.513133351045497,4.350777607187952
cavendish,2026-01-15 13:00:00+00:00,96.72999567160511,5.575971977189171,11.381532887178308,134.7764705882353,0.40009765625,24.875,16.751692770565256,5.101549914428887
cavendish,2026-01-15 14:00:00+00:00,96.8266623339462,5.816062630685963,4.167885282628677,221.81960784313725,0.40009765625,40.75,7.774709084903493,5.355445871328018
cavendish,2026-01-15 15:00:00+00:00,96.84666233305126,5.920935969714739,1.643108621036305,197.9529411764706,0.200048828125,85.625,3.4465205221737136,5.463073131777774
cavendish,2026-01-15 16:00:00+00:00,97.01666232544424,4.4071005559253615,1.0419713206571692,341.15294117647056,0.0,92.66666666666667,1.9637151812385112,3.9774807716348137
cavendish,2026-01-15 17:00:00+00:00,97.24332898196822,4.952743748286786,0.761440580480239,49.13725490196079,0.0,56.791666666666664,1.5629569809857538,4.555422611989365
cavendish,2026-01-15 18:00:00+00:00,97.50666230351813,5.487864491492219,0.24045492015165446,49.13725490196079,0.200048828125,39.333333333333336,0.6412131204044118,5.128442716246663
cavendish,2026-01-15 19:00:00+00:00,97.71332896093703,5.038000525986894,0.2003791001263787,5.615686274509804,0.0,20.791666666666668,0.601137300379136,4.709528204681592
cavendish,2026-01-15 20:00:00+00:00,97.91332895198758,5.780005350650095,1.3225020608340994,5.615686274509804,0.0,10.291666666666666,2.8453832217945774,5.480152197648694
cavendish,2026-01-15 21:00:00+00:00,98.03666227980209,6.998553456449086,8.776604585535386,226.0313725490196,0.200048828125,1.0,15.349039069680606,6.715889116266111
cavendish,2026-01-15 22:00:00+00:00,97.7733289582522,6.620410216257663,14.30706774902344,231.64705882352945,0.0,0.625,24.566477675494024,6.299035147734421
cavendish,2026-01-15 23:00:00+00:00,97.47666230486054,5.964318104714047,13.545627168543199,235.85882352941172,0.0,0.625,23.00352069450827,5.599811037984448
cavendish,2026-01-16 00:00:00+00:00,97.47666230486054,6.069861054227456,14.347143569048713,235.85882352941172,0.0,0.625,23.845112915039063,5.705194855718999
cavendish,2026-01-16 01:00:00+00:00,97.3833289757036,6.017035736091376,13.946385368795955,211.9921568627451,0.0,0.625,23.043596514533547,5.638635958622148
cavendish,2026-01-16 02:00:00+00:00,97.23332898241569,5.480317947133495,11.702139447380516,224.62745098039213,0.0,0.625,19.677227632410386,5.080606444418313
cavendish,2026-01-16 03:00:00+00:00,97.07999565594359,5.206791875866344,5.410235703412225,224.62745098039213,0.0,0.625,11.501760347254136,4.784939772213976
cavendish,2026-01-16 04:00:00+00:00,97.04332899091766,5.1973540164583945,4.488491842830882,237.2627450980392,0.0,0.625,9.137286965762867,4.770107039384227
cavendish,2026-01-16 05:00:00+00:00,96.8833289980772,5.255634375036264,5.490387343462776,188.12549019607843,0.0,0.625,9.01705950568704,4.804640224916795
cavendish,2026-01-16 06:00:00+00:00,96.99666232633919,4.443619337083993,6.532358664119944,133.37254901960785,0.0,0.625,10.219334106445311,4.010974240279731
cavendish,2026-01-16 07:00:00+00:00,97.21999564967898,4.8192887295023725,3.7671270823759193,200.76078431372548,0.200048828125,0.625,7.2136476045496325,4.418752330798758
cavendish,2026-01-16 08:00:00+00:00,97.31999564520426,5.015873366780598,2.925534861845129,179.7019607843137,0.600146484375,0.625,5.891145543715534,4.6296985467634215
cavendish,2026-01-16 09:00:00+00:00,97.41666230754537,4.7481594370677,3.0056865018956804,183.91372549019607,1.20029296875,0.625,5.330084063361673,4.376581896866907
cavendish,2026-01-16 10:00:00+00:00,97.59090472399093,4.373774061787189,3.278930729340742,150.21960784313725,0.40009765625,0.625,6.557861458681484,4.0281933541497805
cavendish,2026-01-17 04:00:00+00:00,,,,,0.0,,,
cavendish,2026-01-18 04:00:00+00:00,,,,,0.0,,,
cavendish,2026-01-19 04:00:00+00:00,,,,,0.0,,,
cavendish,2026-01-20 04:00:00+00:00,,,,,0.0,,,
cavendish,2026-01-21 04:00:00+00:00,,,,,0.0,,,
cavendish,2026-01-22 04:00:00+00:00,,,,,0.0,,,
cavendish,2026-01-23 04:00:00+00:00,,,,,0.0,,,
cavendish,2026-01-24 04:00:00+00:00,,,,,0.0,,,
cavendish,2026-01-25 04:00:00+00:00,,,,,0.0,,,
cavendish,2026-01-26 04:00:00+00:00,,,,,0.0,,,
cavendish,2026-01-27 04:00:00+00:00,,,,,0.0,,,
cavendish,2026-01-28 04:00:00+00:00,,,,,0.0,,,
cavendish,2026-01-29 04:00:00+00:00,,,,,0.0,,,
cavendish,2026-01-30 04:00:00+00:00,,,,,0.0,,,
cavendish,2026-01-31 04:00:00+00:00,,,,,0.0,,,
