station,timestamp_utc,rain_mm,wind_direction_deg,solar_radiation_w_m2,battery_v,air_temperature_c,wind_speed_ms,wind_gust_speed_max_kmh
stanley_bridge,2023-09-01 03:00:00+00:00,0.0,167.0,1.0,4.237916666666666,9.429666666666666,,
stanley_bridge,2023-09-01 04:00:00+00:00,0.0,173.0,1.0,4.231416666666667,9.071,,
stanley_bridge,2023-09-01 05:00:00+00:00,0.0,177.0,1.0,4.229333333333334,8.719666666666665,,
stanley_bridge,2023-09-01 06:00:00+00:00,0.0,170.0,1.0,4.22525,8.281,,
stanley_bridge,2023-09-01 07:00:00+00:00,0.0,154.0,1.0,4.223166666666667,8.624333333333334,,
stanley_bridge,2023-09-01 08:00:00+00:00,0.0,168.0,1.0,4.222166666666667,9.205666666666668,,
stanley_bridge,2023-09-01 09:00:00+00:00,0.0,187.0,4.8,4.23725,9.764666666666667,,
stanley_bridge,2023-09-01 10:00:00+00:00,0.0,195.0,75.83333333333333,4.301083333333334,12.031333333333333,,
stanley_bridge,2023-09-01 11:00:00+00:00,0.0,177.0,233.9,4.31125,15.651333333333334,,
stanley_bridge,2023-09-01 12:00:00+00:00,0.0,197.0,396.56666666666666,4.316916666666667,16.829,,
stanley_bridge,2023-09-01 13:00:00+00:00,0.0,326.0,413.6,4.31625,16.836333333333332,,
stanley_bridge,2023-09-01 14:00:00+00:00,0.0,337.0,648.5333333333333,4.313,17.139666666666663,,
stanley_bridge,2023-09-01 15:00:00+00:00,0.0,345.0,706.0666666666667,4.315666666666666,17.348666666666666,,
stanley_bridge,2023-09-01 16:00:00+00:00,0.0,345.0,241.96666666666667,4.316,17.521,,
stanley_bridge,2023-09-01 17:00:00+00:00,0.0,4.0,103.63333333333334,4.313916666666667,17.957,,
stanley_bridge,2023-09-01 18:00:00+00:00,0.0,0.0,537.6333333333333,4.313833333333333,18.389,,
stanley_bridge,2023-09-01 19:00:00+00:00,0.0,7.0,463.26666666666665,4.315,18.432000000000002,,
stanley_bridge,2023-09-01 20:00:00+00:00,0.0,355.0,292.53333333333336,4.315833333333333,19.239666666666665,,
stanley_bridge,2023-09-01 21:00:00+00:00,0.0,220.0,136.53333333333333,4.31475,19.368,,
stanley_bridge,2023-09-01 22:00:00+00:00,0.0,159.0,30.866666666666667,4.3045,16.932666666666666,,
stanley_bridge,2023-09-01 23:00:00+00:00,0.0,131.0,1.0333333333333334,4.2755,14.641333333333334,,
stanley_bridge,2023-09-02 00:00:00+00:00,0.0,160.0,1.0,4.26,14.264999999999999,,
stanley_bridge,2023-09-02 01:00:00+00:00,0.0,168.0,1.0,4.250416666666667,14.403666666666668,,
stanley_bridge,2023-09-02 02:00:00+00:00,0.0,167.0,1.0,4.245333333333334,14.893,,
stanley_bridge,2023-09-02 03:00:00+00:00,0.0,195.0,1.0,4.240833333333334,14.677666666666665,,
stanley_bridge,2023-09-02 04:00:00+00:00,0.0,197.0,1.0,4.237416666666667,14.464333333333334,,
stanley_bridge,2023-09-02 05:00:00+00:00,0.0,202.0,1.0,4.234583333333333,14.241999999999999,,
stanley_bridge,2023-09-02 06:00:00+00:00,0.0,184.0,1.0,4.233583333333333,13.863,,
stanley_bridge,2023-09-02 07:00:00+00:00,0.0,184.0,1.0,4.230833333333334,13.377,,
stanley_bridge,2023-09-02 08:00:00+00:00,0.0,180.0,1.0,4.2295,13.460666666666667,,
stanley_bridge,2023-09-02 09:00:00+00:00,0.0,175.0,4.966666666666667,4.23725,13.777999999999999,,
stanley_bridge,2023-09-02 10:00:00+00:00,0.0,191.0,76.43333333333334,4.298916666666666,14.359,,
stanley_bridge,2023-09-02 11:00:00+00:00,0.0,190.0,200.4,4.309666666666667,16.565,,
stanley_bridge,2023-09-02 12:00:00+00:00,0.0,208.0,280.5,4.3140833333333335,17.532,,
stanley_bridge,2023-09-02 13:00:00+00:00,0.0,195.0,396.93333333333334,4.3174166666666665,19.259,,
stanley_bridge,2023-09-02 14:00:00+00:00,0.0,212.0,593.3666666666667,4.31325,20.863999999999997,,
stanley_bridge,2023-09-02 15:00:00+00:00,0.0,204.0,673.0666666666667,4.313,21.911333333333335,,
stanley_bridge,2023-09-02 16:00:00+00:00,0.0,204.0,264.93333333333334,4.317083333333334,22.781333333333336,,
stanley_bridge,2023-09-02 17:00:00+00:00,0.0,199.0,183.46666666666667,4.314166666666666,23.570333333333334,,
stanley_bridge,2023-09-02 18:00:00+00:00,0.0,185.0,519.6333333333333,4.313916666666667,23.947,,
stanley_bridge,2023-09-02 19:00:00+00:00,0.0,192.0,425.56666666666666,4.315083333333333,23.657,,
stanley_bridge,2023-09-02 20:00:00+00:00,0.0,191.0,259.7,4.316583333333333,22.764666666666667,,
stanley_bridge,2023-09-02 21:00:00+00:00,0.0,194.0,143.7,4.316083333333333,21.702333333333335,,
stanley_bridge,2023-09-02 22:00:00+00:00,0.0,194.0,29.8,4.300583333333333,20.296666666666667,,
stanley_bridge,2023-09-02 23:00:00+00:00,0.0,187.0,1.0,4.276,19.208666666666666,,
stanley_bridge,2023-09-03 00:00:00+00:00,0.0,187.0,1.0,4.263833333333333,18.548333333333336,,
stanley_bridge,2023-09-03 01:00:00+00:00,0.0,192.0,1.0,4.257,17.775333333333332,,
stanley_bridge,2023-09-03 02:00:00+00:00,0.0,175.0,1.0,4.250916666666667,17.138666666666666,,
stanley_bridge,2023-09-03 03:00:00+00:00,0.0,167.0,1.0,4.247,16.358666666666668,,
stanley_bridge,2023-09-03 04:00:00+00:00,0.0,171.0,1.0,4.243666666666667,15.706,,
stanley_bridge,2023-09-03 05:00:00+00:00,0.0,166.0,1.0,4.239333333333334,15.507666666666667,,
stanley_bridge,2023-09-03 06:00:00+00:00,0.0,173.0,1.0,4.2363333333333335,15.479333333333333,,
stanley_bridge,2023-09-03 07:00:00+00:00,0.0,171.0,1.0,4.234583333333333,15.33,,
stanley_bridge,2023-09-03 08:00:00+00:00,0.0,171.0,1.0,4.232916666666667,15.256,,
stanley_bridge,2023-09-03 09:00:00+00:00,0.0,178.0,3.8,4.238916666666666,15.481666666666666,,
stanley_bridge,2023-09-03 10:00:00+00:00,0.0,180.0,64.9,4.299,16.191333333333333,,
stanley_bridge,2023-09-03 11:00:00+00:00,0.0,174.0,181.16666666666666,4.31275,17.55933333333333,,
stanley_bridge,2023-09-03 12:00:00+00:00,0.0,188.0,334.9,4.3094166666666665,18.717333333333332,,
stanley_bridge,2023-09-03 13:00:00+00:00,0.0,170.0,396.53333333333336,4.313083333333334,20.468666666666664,,
stanley_bridge,2023-09-03 14:00:00+00:00,0.0,185.0,565.9,4.316916666666667,21.533333333333335,,
stanley_bridge,2023-09-03 15:00:00+00:00,0.0,181.0,600.9333333333333,4.315333333333333,21.870333333333335,,
stanley_bridge,2023-09-03 16:00:00+00:00,0.0,180.0,207.63333333333333,4.315,21.935666666666666,,
stanley_bridge,2023-09-03 17:00:00+00:00,0.0,177.0,74.43333333333334,4.31525,22.66433333333333,,
stanley_bridge,2023-09-03 18:00:00+00:00,0.0,209.0,518.2,4.316333333333334,22.895,,
stanley_bridge,2023-09-03 19:00:00+00:00,0.0,185.0,451.0,4.3175,23.009,,
stanley_bridge,2023-09-03 20:00:00+00:00,0.0,191.0,303.3666666666667,4.318666666666666,22.717,,
stanley_bridge,2023-09-03 21:00:00+00:00,0.0,198.0,147.26666666666668,4.317666666666667,22.41166666666667,,
stanley_bridge,2023-09-03 22:00:00+00:00,0.0,180.0,27.166666666666668,4.304833333333334,21.115333333333336,,
stanley_bridge,2023-09-03 23:00:00+00:00,0.0,178.0,1.0333333333333334,4.275833333333334,19.757333333333335,,
stanley_bridge,2023-09-04 00:00:00+00:00,0.0,181.0,1.0,4.264833333333333,19.359333333333332,,
stanley_bridge,2023-09-04 01:00:00+00:00,0.0,180.0,1.0,4.258583333333333,18.846999999999998,,
stanley_bridge,2023-09-04 02:00:00+00:00,0.0,195.0,1.0,4.25375,18.14466666666667,,
stanley_bridge,2023-09-04 03:00:00+00:00,0.0,157.0,1.0,4.248916666666667,17.70133333333333,,
stanley_bridge,2023-09-04 04:00:00+00:00,0.0,166.0,1.0,4.2455,17.654,,
stanley_bridge,2023-09-04 05:00:00+00:00,0.0,173.0,1.0,4.242416666666666,17.557333333333336,,
stanley_bridge,2023-09-04 06:00:00+00:00,0.0,160.0,1.0,4.23925,17.13533333333333,,
stanley_bridge,2023-09-04 07:00:00+00:00,0.0,166.0,1.0,4.237583333333333,16.784,,
stanley_bridge,2023-09-04 08:00:00+00:00,0.0,188.0,1.0,4.235083333333333,16.758666666666667,,
stanley_bridge,2023-09-04 09:00:00+00:00,0.0,175.0,2.8666666666666667,4.2370833333333335,16.249,,
stanley_bridge,2023-09-04 10:00:00+00:00,0.0,174.0,38.833333333333336,4.291333333333333,16.218333333333334,,
stanley_bridge,2023-09-04 11:00:00+00:00,0.0,175.0,96.16666666666667,4.311416666666667,16.609,,
stanley_bridge,2023-09-04 12:00:00+00:00,0.0,183.0,212.3,4.3148333333333335,17.954666666666665,,
stanley_bridge,2023-09-04 13:00:00+00:00,0.0,223.0,390.56666666666666,4.315916666666666,19.692333333333334,,
stanley_bridge,2023-09-04 14:00:00+00:00,0.0,190.0,474.2,4.316083333333333,22.248333333333335,,
stanley_bridge,2023-09-04 15:00:00+00:00,0.0,226.0,366.73333333333335,4.312583333333333,21.700333333333333,,
stanley_bridge,2023-09-04 16:00:00+00:00,0.0,350.0,343.93333333333334,4.3148333333333335,21.518333333333334,,
stanley_bridge,2023-09-04 17:00:00+00:00,0.0,351.0,269.43333333333334,4.314916666666666,21.857000000000003,,
stanley_bridge,2023-09-04 18:00:00+00:00,0.0,358.0,364.96666666666664,4.315333333333333,22.279666666666667,,
stanley_bridge,2023-09-04 19:00:00+00:00,0.0,343.0,332.03333333333336,4.318416666666667,21.675666666666665,,
stanley_bridge,2023-09-04 20:00:00+00:00,0.0,343.0,331.3666666666667,4.3189166666666665,20.682000000000002,,
stanley_bridge,2023-09-04 21:00:00+00:00,0.0,3.0,182.76666666666668,4.318583333333334,21.496666666666666,,
stanley_bridge,2023-09-04 22:00:00+00:00,0.0,84.0,38.7,4.306333333333334,20.873,,
stanley_bridge,2023-09-04 23:00:00+00:00,0.0,45.0,1.1333333333333333,4.27875,19.10033333333333,,
stanley_bridge,2023-09-05 00:00:00+00:00,0.0,74.0,1.0,4.264583333333333,18.288333333333334,,
stanley_bridge,2023-09-05 01:00:00+00:00,0.0,250.0,1.0,4.255833333333333,17.657666666666668,,
stanley_bridge,2023-09-05 02:00:00+00:00,0.0,3.0,1.0,4.250583333333334,17.058,,
stanley_bridge,2023-09-05 03:00:00+00:00,0.0,48.0,1.0,4.246333333333333,16.464000000000002,,
stanley_bridge,2023-09-05 04:00:00+00:00,0.0,24.0,1.0,4.243666666666667,17.946666666666665,,
stanley_bridge,2023-09-05 05:00:00+00:00,0.0,60.0,1.0,4.240916666666666,16.968333333333334,,
stanley_bridge,2023-09-05 06:00:00+00:00,0.0,22.0,1.0,4.238416666666667,17.829666666666665,,
stanley_bridge,2023-09-05 07:00:00+00:00,0.0,15.0,1.0,4.2363333333333335,17.87,,
stanley_bridge,2023-09-05 08:00:00+00:00,0.0,4.0,1.0,4.235,17.96833333333333,,
stanley_bridge,2023-09-05 09:00:00+00:00,0.0,6.0,2.066666666666667,4.238833333333333,18.04733333333333,,
stanley_bridge,2023-09-05 10:00:00+00:00,0.0,10.0,42.1,4.288250000000001,18.355,,
stanley_bridge,2023-09-05 11:00:00+00:00,0.0,10.0,201.13333333333333,4.306166666666667,19.333666666666666,,
stanley_bridge,2023-09-05 12:00:00+00:00,0.0,7.0,364.53333333333336,4.310583333333334,19.64,,
stanley_bridge,2023-09-05 13:00:00+00:00,0.0,1.0,393.3,4.31325,19.567,,
stanley_bridge,2023-09-05 14:00:00+00:00,0.0,8.0,609.5666666666667,4.313666666666667,19.634666666666664,,
stanley_bridge,2023-09-05 15:00:00+00:00,0.0,1.0,660.1,4.315416666666667,19.333666666666666,,
stanley_bridge,2023-09-05 16:00:00+00:00,0.0,357.0,227.03333333333333,4.315416666666667,19.220000000000002,,
stanley_bridge,2023-09-05 17:00:00+00:00,0.0,357.0,103.23333333333333,4.316,19.294,,
stanley_bridge,2023-09-05 18:00:00+00:00,0.0,355.0,538.1666666666666,4.316,19.340333333333334,,
stanley_bridge,2023-09-05 19:00:00+00:00,0.0,0.0,461.43333333333334,4.317749999999999,19.61433333333333,,
stanley_bridge,2023-09-05 20:00:00+00:00,0.0,6.0,240.0,4.319500000000001,19.64,,
stanley_bridge,2023-09-05 21:00:00+00:00,0.0,10.0,129.6,4.319166666666667,19.378333333333334,,
stanley_bridge,2023-09-05 22:00:00+00:00,0.0,357.0,19.933333333333334,4.292666666666666,18.805999999999997,,
stanley_bridge,2023-09-05 23:00:00+00:00,0.0,7.0,1.0,4.263083333333333,18.776666666666664,,
stanley_bridge,2023-09-06 00:00:00+00:00,0.0,7.0,1.0,4.25575,18.687,,
stanley_bridge,2023-09-06 01:00:00+00:00,0.0,11.0,1.0,4.24975,18.62633333333333,,
stanley_bridge,2023-09-06 02:00:00+00:00,0.0,6.0,1.0,4.24725,18.57633333333333,,
stanley_bridge,2023-09-06 03:00:00+00:00,0.0,17.0,1.0,4.244166666666667,18.663999999999998,,
stanley_bridge,2023-09-06 04:00:00+00:00,0.0,1.0,1.0,4.241416666666667,18.755999999999997,,
stanley_bridge,2023-09-06 05:00:00+00:00,0.0,18.0,1.0,4.239,18.625999999999998,,
stanley_bridge,2023-09-06 06:00:00+00:00,0.0,21.0,1.0,4.237583333333333,18.496,,
stanley_bridge,2023-09-06 07:00:00+00:00,0.0,11.0,1.0,4.236666666666667,18.190333333333335,,
stanley_bridge,2023-09-06 08:00:00+00:00,0.0,22.0,1.0,4.235666666666667,17.951666666666664,,
stanley_bridge,2023-09-06 09:00:00+00:00,0.0,17.0,1.3666666666666667,4.234583333333333,17.727666666666668,,
stanley_bridge,2023-09-06 10:00:00+00:00,0.0,29.0,13.766666666666667,4.267,17.642333333333333,,
stanley_bridge,2023-09-06 11:00:00+00:00,0.0,13.0,71.03333333333333,4.305666666666666,17.788999999999998,,
stanley_bridge,2023-09-06 12:00:00+00:00,0.0,18.0,138.86666666666667,4.315083333333333,18.112666666666666,,
stanley_bridge,2023-09-06 13:00:00+00:00,0.0,7.0,215.3,4.3180000000000005,18.637333333333334,,
stanley_bridge,2023-09-06 14:00:00+00:00,0.0,10.0,249.13333333333333,4.317666666666667,19.102333333333334,,
stanley_bridge,2023-09-06 15:00:00+00:00,0.0,8.0,164.76666666666668,4.313166666666667,19.35533333333333,,
stanley_bridge,2023-09-06 16:00:00+00:00,0.0,15.0,289.3333333333333,4.315333333333333,20.046333333333333,,
stanley_bridge,2023-09-06 17:00:00+00:00,0.0,17.0,363.6666666666667,4.316333333333334,20.56833333333333,,
stanley_bridge,2023-09-06 18:00:00+00:00,0.0,7.0,474.8666666666667,4.317666666666667,21.758666666666667,,
stanley_bridge,2023-09-06 19:00:00+00:00,0.0,62.0,382.2,4.317,21.067333333333334,,
stanley_bridge,2023-09-06 20:00:00+00:00,0.0,4.0,87.36666666666666,4.314416666666666,18.842666666666666,,
stanley_bridge,2023-09-06 21:00:00+00:00,0.0,10.0,59.13333333333333,4.309916666666667,18.51966666666667,,
stanley_bridge,2023-09-06 22:00:00+00:00,0.0,8.0,6.233333333333333,4.2935,18.109333333333332,,
stanley_bridge,2023-09-06 23:00:00+00:00,0.0,355.0,1.0,4.268666666666667,18.125333333333334,,
stanley_bridge,2023-09-07 00:00:00+00:00,0.0,4.0,1.0,4.2595,18.325666666666667,,
stanley_bridge,2023-09-07 01:00:00+00:00,0.0,73.0,1.0,4.25425,18.157333333333334,,
stanley_bridge,2023-09-07 02:00:00+00:00,0.0,42.0,1.0,4.250583333333333,18.448333333333334,,
stanley_bridge,2023-09-07 03:00:00+00:00,0.0,336.0,1.0,4.247333333333334,18.217,,
stanley_bridge,2023-09-07 04:00:00+00:00,0.0,338.0,1.0,4.243916666666666,18.119333333333334,,
stanley_bridge,2023-09-07 05:00:00+00:00,0.0,0.0,1.0,4.242166666666667,18.487333333333332,,
stanley_bridge,2023-09-07 06:00:00+00:00,0.0,347.0,1.0,4.240166666666666,18.028333333333332,,
stanley_bridge,2023-09-07 07:00:00+00:00,0.0,345.0,1.0,4.238416666666667,17.505999999999997,,
stanley_bridge,2023-09-07 08:00:00+00:00,0.0,11.0,1.0,4.236166666666667,17.498333333333335,,
stanley_bridge,2023-09-07 09:00:00+00:00,0.0,7.0,1.7,4.236583333333333,17.519000000000002,,
stanley_bridge,2023-09-07 10:00:00+00:00,0.0,0.0,11.966666666666667,4.270583333333334,17.567333333333334,,
stanley_bridge,2023-09-07 11:00:00+00:00,0.0,348.0,33.7,4.300916666666667,17.563333333333333,,
stanley_bridge,2023-09-07 12:00:00+00:00,0.0,341.0,54.3,4.3068333333333335,17.557000000000002,,
stanley_bridge,2023-09-07 13:00:00+00:00,0.0,336.0,177.93333333333334,4.3181666666666665,17.691,,
stanley_bridge,2023-09-07 14:00:00+00:00,0.0,347.0,245.3,4.3172500000000005,18.226666666666667,,
stanley_bridge,2023-09-07 15:00:00+00:00,0.0,314.0,164.1,4.315833333333333,17.938666666666666,,
stanley_bridge,2023-09-07 16:00:00+00:00,0.0,337.0,177.13333333333333,4.316416666666667,18.139,,
stanley_bridge,2023-09-07 17:00:00+00:00,0.0,320.0,203.1,4.318333333333333,18.03666666666667,,
stanley_bridge,2023-09-07 18:00:00+00:00,0.0,329.0,191.73333333333332,4.316583333333333,17.93,,
stanley_bridge,2023-09-07 19:00:00+00:00,0.0,337.0,146.5,4.3155,18.126666666666665,,
stanley_bridge,2023-09-07 20:00:00+00:00,0.0,319.0,69.93333333333334,4.3105,18.010333333333335,,
stanley_bridge,2023-09-07 21:00:00+00:00,0.0,324.0,40.7,4.305583333333334,17.816333333333333,,
stanley_bridge,2023-09-07 22:00:00+00:00,0.0,298.0,6.733333333333333,4.293083333333334,17.487000000000002,,
stanley_bridge,2023-09-07 23:00:00+00:00,0.0,265.0,1.0,4.268583333333333,17.473333333333336,,
stanley_bridge,2023-09-08 00:00:00+00:00,0.0,296.0,1.0,4.258916666666667,17.812,,
stanley_bridge,2023-09-08 01:00:00+00:00,0.0,324.0,1.0,4.2530833333333335,18.125333333333334,,
stanley_bridge,2023-09-08 02:00:00+00:00,0.0,305.0,1.0,4.249416666666666,17.869000000000003,,
stanley_bridge,2023-09-08 03:00:00+00:00,0.0,299.0,1.0,4.245916666666667,17.582333333333334,,
stanley_bridge,2023-09-08 04:00:00+00:00,0.0,302.0,1.0,4.242999999999999,17.240333333333336,,
stanley_bridge,2023-09-08 05:00:00+00:00,0.0,272.0,1.0,4.240833333333334,16.924333333333333,,
stanley_bridge,2023-09-08 06:00:00+00:00,0.0,213.0,1.0,4.2387500000000005,16.861333333333334,,
stanley_bridge,2023-09-08 07:00:00+00:00,0.0,208.0,1.0,4.236833333333333,16.63266666666667,,
stanley_bridge,2023-09-08 08:00:00+00:00,0.0,212.0,1.0,4.235083333333333,16.182,,
stanley_bridge,2023-09-08 09:00:00+00:00,0.0,83.0,2.9,4.238666666666667,15.817666666666666,,
stanley_bridge,2023-09-08 10:00:00+00:00,0.0,174.0,74.0,4.298416666666667,16.57133333333333,,
stanley_bridge,2023-09-08 11:00:00+00:00,0.0,181.0,99.06666666666666,4.313916666666667,17.904666666666667,,
stanley_bridge,2023-09-08 12:00:00+00:00,0.0,177.0,164.2,4.315916666666666,19.813,,
stanley_bridge,2023-09-08 13:00:00+00:00,0.0,147.0,217.13333333333333,4.31625,20.720000000000002,,
stanley_bridge,2023-09-08 14:00:00+00:00,0.0,76.0,238.1,4.315666666666666,22.308333333333334,,
stanley_bridge,2023-09-08 15:00:00+00:00,0.0,180.0,300.56666666666666,4.316666666666666,24.17366666666667,,
stanley_bridge,2023-09-08 16:00:00+00:00,0.0,180.0,252.76666666666668,4.3155,26.504666666666665,,
stanley_bridge,2023-09-08 17:00:00+00:00,0.0,175.0,81.46666666666667,4.316,27.656333333333336,,
stanley_bridge,2023-09-08 18:00:00+00:00,0.0,183.0,511.6333333333333,4.314583333333333,28.699,,
stanley_bridge,2023-09-08 19:00:00+00:00,0.0,177.0,403.1,4.3135,29.244333333333334,,
stanley_bridge,2023-09-08 20:00:00+00:00,0.0,181.0,122.73333333333333,4.311916666666667,28.174666666666667,,
stanley_bridge,2023-09-08 21:00:00+00:00,0.0,327.0,95.43333333333334,4.307416666666667,22.079,,
stanley_bridge,2023-09-08 22:00:00+00:00,0.0,6.0,13.533333333333333,4.293833333333333,20.799333333333333,,
stanley_bridge,2023-09-08 23:00:00+00:00,0.0,62.0,1.0,4.272583333333333,20.367666666666665,,
stanley_bridge,2023-09-09 00:00:00+00:00,0.0,156.0,1.0,4.262666666666667,20.874333333333333,,
stanley_bridge,2023-09-09 01:00:00+00:00,0.0,140.0,1.0,4.2564166666666665,21.412,,
stanley_bridge,2023-09-09 02:00:00+00:00,0.0,173.0,1.0,4.252666666666666,22.497,,
stanley_bridge,2023-09-09 03:00:00+00:00,0.0,183.0,1.0,4.25075,22.444000000000003,,
stanley_bridge,2023-09-09 04:00:00+00:00,0.0,188.0,1.0,4.248,22.393333333333334,,
stanley_bridge,2023-09-09 05:00:00+00:00,0.0,192.0,1.0,4.2450833333333335,22.24566666666667,,
stanley_bridge,2023-09-09 06:00:00+00:00,0.0,194.0,1.0,4.244166666666667,22.31866666666667,,
stanley_bridge,2023-09-09 07:00:00+00:00,0.0,190.0,1.0,4.241750000000001,21.928333333333335,,
stanley_bridge,2023-09-09 08:00:00+00:00,0.0,190.0,1.0,4.240166666666666,21.649,,
stanley_bridge,2023-09-09 09:00:00+00:00,0.0,187.0,2.433333333333333,4.241416666666667,21.754,,
stanley_bridge,2023-09-09 10:00:00+00:00,0.0,198.0,47.53333333333333,4.29075,22.227666666666668,,
stanley_bridge,2023-09-09 11:00:00+00:00,0.0,192.0,122.83333333333333,4.3101666666666665,23.004,,
stanley_bridge,2023-09-09 12:00:00+00:00,0.0,192.0,91.7,4.307083333333334,23.017,,
stanley_bridge,2023-09-09 13:00:00+00:00,0.0,211.0,137.33333333333334,4.309916666666667,22.959666666666667,,
stanley_bridge,2023-09-09 14:00:00+00:00,0.0,194.0,289.26666666666665,4.3155833333333335,23.740666666666666,,
stanley_bridge,2023-09-09 15:00:00+00:00,0.0,206.0,307.8666666666667,4.317,24.662666666666667,,
stanley_bridge,2023-09-09 16:00:00+00:00,0.0,195.0,223.2,4.315,26.115333333333336,,
stanley_bridge,2023-09-09 17:00:00+00:00,0.0,204.0,65.26666666666667,4.315166666666666,26.808333333333334,,
stanley_bridge,2023-09-09 18:00:00+00:00,0.0,202.0,488.3666666666667,4.316666666666666,27.147,,
stanley_bridge,2023-09-09 19:00:00+00:00,0.0,188.0,419.6666666666667,4.316333333333334,26.455333333333332,,
stanley_bridge,2023-09-09 20:00:00+00:00,0.0,201.0,272.53333333333336,4.317083333333334,25.567999999999998,,
stanley_bridge,2023-09-09 21:00:00+00:00,0.0,185.0,112.4,4.315416666666667,24.814666666666668,,
stanley_bridge,2023-09-09 22:00:00+00:00,0.0,192.0,4.033333333333333,4.291250000000001,23.545333333333335,,
stanley_bridge,2023-09-09 23:00:00+00:00,0.0,188.0,1.0,4.272833333333334,22.63266666666667,,
stanley_bridge,2023-09-10 00:00:00+00:00,0.0,198.0,1.0,4.264833333333333,22.211000000000002,,
stanley_bridge,2023-09-10 01:00:00+00:00,0.0,188.0,1.0,4.2589999999999995,21.974333333333334,,
stanley_bridge,2023-09-10 02:00:00+00:00,0.0,183.0,1.0,4.25525,21.809,,
stanley_bridge,2023-09-10 03:00:00+00:00,0.0,195.0,1.0,4.25125,21.49233333333333,,
stanley_bridge,2023-09-10 04:00:00+00:00,0.0,211.0,1.0,4.248583333333333,21.273333333333333,,
stanley_bridge,2023-09-10 05:00:00+00:00,0.0,219.0,1.0,4.246666666666667,20.908666666666665,,
stanley_bridge,2023-09-10 06:00:00+00:00,0.0,234.0,1.0,4.2443333333333335,19.738999999999997,,
stanley_bridge,2023-09-10 07:00:00+00:00,0.0,230.0,1.0,4.2411666666666665,18.707666666666668,,
stanley_bridge,2023-09-10 08:00:00+00:00,0.0,202.0,1.0,4.239583333333333,18.000999999999998,,
stanley_bridge,2023-09-10 09:00:00+00:00,0.0,209.0,1.9666666666666666,4.239999999999999,17.391333333333332,,
stanley_bridge,2023-09-10 10:00:00+00:00,0.0,202.0,52.833333333333336,4.287333333333334,18.149,,
stanley_bridge,2023-09-10 11:00:00+00:00,0.0,173.0,197.26666666666668,4.3075,19.846666666666668,,
stanley_bridge,2023-09-10 12:00:00+00:00,0.0,271.0,269.9,4.316,20.204333333333334,,
stanley_bridge,2023-09-10 13:00:00+00:00,0.0,329.0,175.43333333333334,4.315416666666667,20.12633333333333,,
stanley_bridge,2023-09-10 14:00:00+00:00,0.0,352.0,405.8,4.313,20.275666666666666,,
stanley_bridge,2023-09-10 15:00:00+00:00,0.0,6.0,404.1666666666667,4.314,20.215,,
stanley_bridge,2023-09-10 16:00:00+00:00,0.0,8.0,294.03333333333336,4.3155,20.367666666666665,,
stanley_bridge,2023-09-10 17:00:00+00:00,0.0,348.0,177.4,4.315416666666667,20.725,,
stanley_bridge,2023-09-10 18:00:00+00:00,0.0,345.0,303.46666666666664,4.31575,21.028000000000002,,
stanley_bridge,2023-09-10 19:00:00+00:00,0.0,333.0,407.76666666666665,4.3172500000000005,21.946,,
stanley_bridge,2023-09-10 20:00:00+00:00,0.0,343.0,237.73333333333332,4.317166666666666,22.747666666666664,,
stanley_bridge,2023-09-10 21:00:00+00:00,0.0,63.0,124.13333333333334,4.317,21.748333333333335,,
stanley_bridge,2023-09-10 22:00:00+00:00,0.0,84.0,8.9,4.294333333333333,19.592666666666666,,
stanley_bridge,2023-09-10 23:00:00+00:00,0.0,86.0,1.0,4.273083333333333,18.951999999999998,,
stanley_bridge,2023-09-11 00:00:00+00:00,0.0,93.0,1.0,4.262666666666667,18.605666666666664,,
stanley_bridge,2023-09-11 01:00:00+00:00,0.0,28.0,1.0,4.256833333333334,18.639333333333333,,
stanley_bridge,2023-09-11 02:00:00+00:00,0.0,97.0,1.0,4.251833333333333,18.608,,
stanley_bridge,2023-09-11 03:00:00+00:00,0.0,105.0,1.0,4.248666666666666,18.300333333333334,,
stanley_bridge,2023-09-11 04:00:00+00:00,0.2,98.0,1.0,4.245666666666667,18.32633333333333,,
stanley_bridge,2023-09-11 05:00:00+00:00,0.4,139.0,1.0,4.24275,18.124000000000002,,
stanley_bridge,2023-09-11 06:00:00+00:00,0.0,39.0,1.0,4.24125,18.211,,
stanley_bridge,2023-09-11 07:00:00+00:00,2.0,8.0,1.0,4.2395000000000005,18.333000000000002,,
stanley_bridge,2023-09-11 08:00:00+00:00,6.8,302.0,1.0,4.237333333333333,18.368666666666666,,
stanley_bridge,2023-09-11 09:00:00+00:00,0.0,8.0,1.2,4.236833333333333,18.136333333333333,,
stanley_bridge,2023-09-11 10:00:00+00:00,0.2,52.0,15.2,4.2705,18.512999999999998,,
stanley_bridge,2023-09-11 11:00:00+00:00,0.2,90.0,59.833333333333336,4.304333333333333,18.809666666666665,,
stanley_bridge,2023-09-11 12:00:00+00:00,0.0,146.0,74.86666666666666,4.306916666666667,19.066,,
stanley_bridge,2023-09-11 13:00:00+00:00,0.0,100.0,97.4,4.31275,19.399,,
stanley_bridge,2023-09-11 14:00:00+00:00,0.2,108.0,173.5,4.315916666666666,19.799666666666667,,
stanley_bridge,2023-09-11 15:00:00+00:00,0.0,104.0,126.63333333333334,4.309583333333333,20.286,,
stanley_bridge,2023-09-11 16:00:00+00:00,0.0,70.0,223.13333333333333,4.316083333333333,21.567,,
stanley_bridge,2023-09-11 17:00:00+00:00,0.0,352.0,202.6,4.312083333333333,21.708333333333332,,
stanley_bridge,2023-09-11 18:00:00+00:00,0.0,358.0,74.33333333333333,4.306333333333334,20.63266666666667,,
stanley_bridge,2023-09-11 19:00:00+00:00,0.0,24.0,33.46666666666667,4.303166666666667,19.541666666666668,,
stanley_bridge,2023-09-11 20:00:00+00:00,0.0,17.0,32.233333333333334,4.302833333333333,18.999666666666666,,
stanley_bridge,2023-09-11 21:00:00+00:00,0.0,86.0,17.866666666666667,4.296666666666667,18.892666666666667,,
stanley_bridge,2023-09-11 22:00:00+00:00,0.0,35.0,1.7333333333333334,4.279416666666667,18.653333333333332,,
stanley_bridge,2023-09-11 23:00:00+00:00,0.0,24.0,1.0,4.262083333333333,18.334,,
stanley_bridge,2023-09-12 00:00:00+00:00,0.0,13.0,1.0,4.254583333333334,18.454333333333334,,
stanley_bridge,2023-09-12 01:00:00+00:00,0.0,7.0,1.0,4.249916666666667,18.381333333333334,,
stanley_bridge,2023-09-12 02:00:00+00:00,0.0,7.0,1.0,4.246166666666666,18.129666666666665,,
stanley_bridge,2023-09-12 03:00:00+00:00,0.0,10.0,1.0,4.242583333333333,18.008666666666667,,
stanley_bridge,2023-09-12 04:00:00+00:00,0.0,11.0,1.0,4.2404166666666665,17.801666666666666,,
stanley_bridge,2023-09-12 05:00:00+00:00,0.2,8.0,1.0,4.238166666666666,17.849333333333334,,
stanley_bridge,2023-09-12 06:00:00+00:00,0.0,18.0,1.0,4.235833333333333,17.737666666666666,,
stanley_bridge,2023-09-12 07:00:00+00:00,0.0,21.0,1.0,4.234666666666667,17.622333333333334,,
stanley_bridge,2023-09-12 08:00:00+00:00,0.0,28.0,1.0,4.232583333333333,17.50133333333333,,
stanley_bridge,2023-09-12 09:00:00+00:00,0.0,18.0,1.1,4.232833333333333,17.428333333333335,,
stanley_bridge,2023-09-12 10:00:00+00:00,0.0,25.0,9.8,4.257000000000001,17.582666666666668,,
stanley_bridge,2023-09-12 11:00:00+00:00,0.0,58.0,33.46666666666667,4.2973333333333334,17.70633333333333,,
stanley_bridge,2023-09-12 12:00:00+00:00,0.0,17.0,44.733333333333334,4.300916666666667,17.622666666666664,,
stanley_bridge,2023-09-12 13:00:00+00:00,0.0,18.0,122.9,4.308416666666667,17.84,,
stanley_bridge,2023-09-12 14:00:00+00:00,0.0,48.0,146.53333333333333,4.31375,17.957333333333334,,
stanley_bridge,2023-09-12 15:00:00+00:00,0.0,21.0,193.3,4.310833333333334,18.215333333333334,,
stanley_bridge,2023-09-12 16:00:00+00:00,0.0,21.0,255.83333333333334,4.31675,18.66,,
stanley_bridge,2023-09-12 17:00:00+00:00,0.0,8.0,240.46666666666667,4.313666666666666,18.784666666666666,,
stanley_bridge,2023-09-12 18:00:00+00:00,0.0,17.0,242.8,4.3125,18.975,,
stanley_bridge,2023-09-12 19:00:00+00:00,0.0,21.0,167.93333333333334,4.31125,18.824333333333335,,
stanley_bridge,2023-09-12 20:00:00+00:00,0.0,8.0,99.5,4.309333333333334,18.488666666666667,,
stanley_bridge,2023-09-12 21:00:00+00:00,0.0,15.0,45.233333333333334,4.305416666666667,17.98,,
stanley_bridge,2023-09-12 22:00:00+00:00,0.0,354.0,3.2,4.286333333333333,17.438333333333333,,
stanley_bridge,2023-09-12 23:00:00+00:00,0.0,25.0,1.0,4.2645,17.567999999999998,,
stanley_bridge,2023-09-13 00:00:00+00:00,0.0,10.0,1.0,4.255333333333334,17.52,,
stanley_bridge,2023-09-13 01:00:00+00:00,0.0,6.0,1.0,4.250333333333333,17.304333333333332,,
stanley_bridge,2023-09-13 02:00:00+00:00,0.0,1.0,1.0,4.244916666666667,16.910666666666668,,
stanley_bridge,2023-09-13 03:00:00+00:00,0.0,60.0,1.0,4.241833333333333,16.646666666666665,,
stanley_bridge,2023-09-13 04:00:00+00:00,0.0,147.0,1.0,4.239,16.215333333333334,,
stanley_bridge,2023-09-13 05:00:00+00:00,0.0,124.0,1.0,4.237166666666666,16.034333333333333,,
stanley_bridge,2023-09-13 06:00:00+00:00,0.0,111.0,1.0,4.235416666666667,16.340333333333334,,
stanley_bridge,2023-09-13 07:00:00+00:00,0.0,288.0,1.0,4.23325,16.601,,
stanley_bridge,2023-09-13 08:00:00+00:00,0.0,292.0,1.0,4.232166666666667,16.863333333333333,,
stanley_bridge,2023-09-13 09:00:00+00:00,0.0,66.0,1.1666666666666667,4.232166666666667,16.933666666666667,,
stanley_bridge,2023-09-13 10:00:00+00:00,0.0,88.0,15.0,4.269833333333334,17.28666666666667,,
stanley_bridge,2023-09-13 11:00:00+00:00,0.0,107.0,63.6,4.305666666666666,17.96033333333333,,
stanley_bridge,2023-09-13 12:00:00+00:00,0.0,73.0,87.4,4.3101666666666665,18.792666666666666,,
stanley_bridge,2023-09-13 13:00:00+00:00,0.0,69.0,131.26666666666668,4.314916666666667,19.674333333333333,,
stanley_bridge,2023-09-13 14:00:00+00:00,0.0,115.0,184.43333333333334,4.313166666666667,20.528000000000002,,
stanley_bridge,2023-09-13 15:00:00+00:00,0.0,119.0,270.8,4.312666666666667,21.954,,
stanley_bridge,2023-09-13 16:00:00+00:00,0.0,171.0,267.76666666666665,4.309916666666667,22.73,,
stanley_bridge,2023-09-13 17:00:00+00:00,0.0,124.0,269.7,4.316083333333333,23.747666666666664,,
stanley_bridge,2023-09-13 18:00:00+00:00,0.0,118.0,278.46666666666664,4.311916666666667,23.952,,
stanley_bridge,2023-09-13 19:00:00+00:00,0.0,138.0,211.63333333333333,4.31675,24.204666666666665,,
stanley_bridge,2023-09-13 20:00:00+00:00,0.0,140.0,135.76666666666668,4.310416666666667,23.778666666666666,,
stanley_bridge,2023-09-13 21:00:00+00:00,0.0,146.0,38.86666666666667,4.301416666666666,22.915666666666667,,
stanley_bridge,2023-09-13 22:00:00+00:00,3.8000000000000003,143.0,3.9,4.28575,21.145333333333333,,
stanley_bridge,2023-09-13 23:00:00+00:00,2.8000000000000003,166.0,1.0,4.267333333333333,20.736666666666668,,
stanley_bridge,2023-09-14 00:00:00+00:00,0.0,128.0,1.0,4.260083333333333,20.529333333333334,,
stanley_bridge,2023-09-14 01:00:00+00:00,0.2,149.0,1.0,4.2545,20.680999999999997,,
stanley_bridge,2023-09-14 02:00:00+00:00,0.0,147.0,1.0,4.25075,20.618333333333332,,
stanley_bridge,2023-09-14 03:00:00+00:00,0.0,149.0,1.0,4.247333333333334,20.461000000000002,,
stanley_bridge,2023-09-14 04:00:00+00:00,0.0,153.0,1.0,4.24475,20.246,,
stanley_bridge,2023-09-14 05:00:00+00:00,0.0,152.0,1.0,4.242249999999999,19.927666666666667,,
stanley_bridge,2023-09-14 06:00:00+00:00,0.0,135.0,1.0,4.239583333333333,19.750333333333334,,
stanley_bridge,2023-09-14 07:00:00+00:00,0.0,126.0,1.0,4.237916666666666,19.757333333333335,,
stanley_bridge,2023-09-14 08:00:00+00:00,0.0,157.0,1.0,4.23625,20.169,,
stanley_bridge,2023-09-14 09:00:00+00:00,0.0,146.0,2.1666666666666665,4.237833333333334,20.373333333333335,,
stanley_bridge,2023-09-14 10:00:00+00:00,0.0,143.0,55.666666666666664,4.293416666666666,20.71066666666667,,
stanley_bridge,2023-09-14 11:00:00+00:00,0.0,147.0,111.7,4.312333333333333,21.38266666666667,,
stanley_bridge,2023-09-14 12:00:00+00:00,0.0,168.0,149.03333333333333,4.3135,21.937666666666665,,
stanley_bridge,2023-09-14 13:00:00+00:00,0.0,163.0,199.0,4.315416666666667,22.452333333333335,,
stanley_bridge,2023-09-14 14:00:00+00:00,0.0,156.0,376.4,4.3181666666666665,23.799333333333333,,
stanley_bridge,2023-09-14 15:00:00+00:00,0.0,163.0,488.1666666666667,4.315083333333333,24.722666666666665,,
stanley_bridge,2023-09-14 16:00:00+00:00,0.0,191.0,293.1,4.31375,24.936666666666667,,
stanley_bridge,2023-09-14 17:00:00+00:00,0.0,173.0,247.0,4.31275,24.83,,
stanley_bridge,2023-09-14 18:00:00+00:00,1.4000000000000001,154.0,48.266666666666666,4.305,22.511666666666667,,
stanley_bridge,2023-09-14 19:00:00+00:00,5.800000000000001,180.0,8.833333333333334,4.295,21.26833333333333,,
stanley_bridge,2023-09-14 20:00:00+00:00,2.8000000000000003,152.0,10.466666666666667,4.294583333333333,19.669666666666668,,
stanley_bridge,2023-09-14 21:00:00+00:00,0.2,121.0,11.566666666666666,4.295583333333333,19.025666666666666,,
stanley_bridge,2023-09-14 22:00:00+00:00,0.0,156.0,2.7666666666666666,4.28425,19.182000000000002,,
stanley_bridge,2023-09-14 23:00:00+00:00,0.0,154.0,1.0,4.2655,19.519000000000002,,
stanley_bridge,2023-09-15 00:00:00+00:00,0.0,164.0,1.0,4.25875,19.958666666666666,,
stanley_bridge,2023-09-15 01:00:00+00:00,0.0,181.0,1.0,4.253333333333333,19.887666666666668,,
stanley_bridge,2023-09-15 02:00:00+00:00,0.0,205.0,1.0,4.249583333333333,19.426333333333332,,
stanley_bridge,2023-09-15 03:00:00+00:00,0.0,213.0,1.0,4.245333333333334,19.002666666666666,,
stanley_bridge,2023-09-15 04:00:00+00:00,0.0,213.0,1.0,4.24225,18.741,,
stanley_bridge,2023-09-15 05:00:00+00:00,0.0,230.0,1.0,4.2396666666666665,18.096999999999998,,
stanley_bridge,2023-09-15 06:00:00+00:00,0.0,232.0,1.0,4.23825,17.256666666666668,,
stanley_bridge,2023-09-15 07:00:00+00:00,0.0,236.0,1.0,4.2355,16.473333333333333,,
stanley_bridge,2023-09-15 08:00:00+00:00,0.0,205.0,1.0,4.232,15.684333333333335,,
stanley_bridge,2023-09-15 09:00:00+00:00,0.0,201.0,1.3333333333333333,4.233083333333334,15.333666666666666,,
stanley_bridge,2023-09-15 10:00:00+00:00,0.0,233.0,24.2,4.28125,15.184666666666667,,
stanley_bridge,2023-09-15 11:00:00+00:00,0.0,227.0,140.06666666666666,4.308,15.934666666666667,,
stanley_bridge,2023-09-15 12:00:00+00:00,0.0,264.0,138.96666666666667,4.314166666666666,16.37,,
stanley_bridge,2023-09-15 13:00:00+00:00,0.0,239.0,242.66666666666666,4.3155833333333335,17.392666666666667,,
stanley_bridge,2023-09-15 14:00:00+00:00,0.0,213.0,524.6,4.311416666666667,18.199,,
stanley_bridge,2023-09-15 15:00:00+00:00,0.0,261.0,553.7333333333333,4.312666666666667,18.824666666666666,,
stanley_bridge,2023-09-15 16:00:00+00:00,0.0,337.0,199.03333333333333,4.313833333333333,18.564,,
stanley_bridge,2023-09-15 17:00:00+00:00,0.0,351.0,75.93333333333334,4.314,18.228666666666665,,
stanley_bridge,2023-09-15 18:00:00+00:00,0.0,355.0,438.3,4.315666666666666,18.529999999999998,,
stanley_bridge,2023-09-15 19:00:00+00:00,0.0,6.0,350.46666666666664,4.315,18.221333333333334,,
stanley_bridge,2023-09-15 20:00:00+00:00,0.0,352.0,193.5,4.31575,18.188333333333333,,
stanley_bridge,2023-09-15 21:00:00+00:00,0.0,24.0,52.53333333333333,4.303833333333333,17.721,,
stanley_bridge,2023-09-15 22:00:00+00:00,0.0,63.0,3.8333333333333335,4.283666666666666,17.259666666666664,,
stanley_bridge,2023-09-15 23:00:00+00:00,0.0,3.0,1.0,4.263416666666667,17.174666666666667,,
stanley_bridge,2023-09-16 00:00:00+00:00,0.0,15.0,1.0,4.253916666666666,16.492,,
stanley_bridge,2023-09-16 01:00:00+00:00,0.0,65.0,1.0,4.247833333333333,16.288333333333334,,
stanley_bridge,2023-09-16 02:00:00+00:00,0.0,32.0,1.0,4.244666666666666,16.717333333333332,,
stanley_bridge,2023-09-16 03:00:00+00:00,0.0,34.0,1.0,4.2405,17.18166666666667,,
stanley_bridge,2023-09-16 04:00:00+00:00,0.2,25.0,1.0,4.238666666666666,17.584666666666667,,
stanley_bridge,2023-09-16 05:00:00+00:00,0.2,27.0,1.0,4.237,17.375999999999998,,
stanley_bridge,2023-09-16 06:00:00+00:00,0.2,29.0,1.0,4.23625,17.654,,
stanley_bridge,2023-09-16 07:00:00+00:00,0.6000000000000001,31.0,1.0,4.234583333333333,17.700666666666667,,
stanley_bridge,2023-09-16 08:00:00+00:00,1.8,13.0,1.0,4.233,17.571666666666665,,
stanley_bridge,2023-09-16 09:00:00+00:00,7.6000000000000005,8.0,1.0,4.232166666666667,17.058666666666667,,
stanley_bridge,2023-09-16 10:00:00+00:00,1.2000000000000002,32.0,5.333333333333333,4.244583333333334,17.63566666666667,,
stanley_bridge,2023-09-16 11:00:00+00:00,1.6,45.0,26.2,4.292666666666666,18.06933333333333,,
stanley_bridge,2023-09-16 12:00:00+00:00,0.2,20.0,53.3,4.30375,18.663333333333334,,
stanley_bridge,2023-09-16 13:00:00+00:00,0.0,6.0,96.53333333333333,4.312833333333333,19.555666666666664,,
stanley_bridge,2023-09-16 14:00:00+00:00,0.0,56.0,69.16666666666667,4.3075,19.974333333333334,,
stanley_bridge,2023-09-16 15:00:00+00:00,0.6000000000000001,7.0,134.06666666666666,4.312,20.774,,
stanley_bridge,2023-09-16 16:00:00+00:00,0.0,66.0,155.83333333333334,4.31125,22.55233333333333,,
stanley_bridge,2023-09-16 17:00:00+00:00,0.0,88.0,207.63333333333333,4.313083333333333,24.03166666666667,,
stanley_bridge,2023-09-16 18:00:00+00:00,0.0,108.0,258.46666666666664,4.3175,24.207666666666668,,
stanley_bridge,2023-09-16 19:00:00+00:00,0.0,129.0,144.16666666666666,4.313083333333333,21.442666666666664,,
stanley_bridge,2023-09-16 20:00:00+00:00,0.0,132.0,70.06666666666666,4.304916666666666,20.337666666666667,,
stanley_bridge,2023-09-16 21:00:00+00:00,0.0,114.0,11.266666666666667,4.294083333333334,20.004666666666665,,
stanley_bridge,2023-09-16 22:00:00+00:00,0.0,122.0,1.2333333333333334,4.2749999999999995,18.66466666666667,,
stanley_bridge,2023-09-16 23:00:00+00:00,0.0,129.0,1.0,4.261083333333333,18.200666666666667,,
stanley_bridge,2023-09-17 00:00:00+00:00,0.0,131.0,1.0,4.253833333333334,17.638333333333332,,
stanley_bridge,2023-09-17 01:00:00+00:00,0.0,126.0,1.0,4.248333333333334,17.326,,
stanley_bridge,2023-09-17 02:00:00+00:00,0.0,133.0,1.0,4.244416666666667,17.334,,
stanley_bridge,2023-09-17 03:00:00+00:00,0.0,121.0,1.0,4.24075,17.214333333333332,,
stanley_bridge,2023-09-17 04:00:00+00:00,0.0,132.0,1.0,4.238,16.873333333333335,,
stanley_bridge,2023-09-17 05:00:00+00:00,0.6000000000000001,129.0,1.0,4.235666666666667,16.113666666666667,,
stanley_bridge,2023-09-17 06:00:00+00:00,0.4,126.0,1.0,4.2339166666666666,15.687666666666667,,
stanley_bridge,2023-09-17 07:00:00+00:00,2.0,124.0,1.0,4.23125,15.589333333333334,,
stanley_bridge,2023-09-17 08:00:00+00:00,2.0,145.0,1.0,4.231166666666667,15.876,,
stanley_bridge,2023-09-17 09:00:00+00:00,3.6,132.0,1.3,4.230416666666667,16.15533333333333,,
stanley_bridge,2023-09-17 10:00:00+00:00,0.2,184.0,27.1,4.27975,16.019666666666666,,
stanley_bridge,2023-09-17 11:00:00+00:00,0.4,230.0,71.4,4.305499999999999,17.040666666666667,,
stanley_bridge,2023-09-17 12:00:00+00:00,0.2,246.0,128.96666666666667,4.31275,17.446,,
stanley_bridge,2023-09-17 13:00:00+00:00,0.0,243.0,91.3,4.311,17.333333333333332,,
stanley_bridge,2023-09-17 14:00:00+00:00,0.6000000000000001,251.0,150.93333333333334,4.311833333333333,16.997666666666667,,
stanley_bridge,2023-09-17 15:00:00+00:00,0.0,253.0,236.76666666666668,4.313833333333333,17.512666666666668,,
stanley_bridge,2023-09-17 16:00:00+00:00,0.0,260.0,272.1,4.314416666666667,18.319333333333336,,
stanley_bridge,2023-09-17 17:00:00+00:00,0.0,279.0,261.1,4.315083333333333,19.349333333333334,,
stanley_bridge,2023-09-17 18:00:00+00:00,0.0,246.0,293.76666666666665,4.312416666666667,20.085333333333335,,
stanley_bridge,2023-09-17 19:00:00+00:00,0.0,261.0,161.46666666666667,4.31175,20.607333333333333,,
stanley_bridge,2023-09-17 20:00:00+00:00,0.0,251.0,97.23333333333333,4.31225,20.596,,
stanley_bridge,2023-09-17 21:00:00+00:00,0.0,244.0,30.066666666666666,4.30225,20.158333333333335,,
stanley_bridge,2023-09-17 22:00:00+00:00,0.0,243.0,5.3,4.286833333333333,19.463666666666665,,
stanley_bridge,2023-09-17 23:00:00+00:00,0.0,213.0,1.0,4.2651666666666666,19.050333333333334,,
stanley_bridge,2023-09-18 00:00:00+00:00,0.0,225.0,1.0,4.256833333333334,19.263666666666666,,
stanley_bridge,2023-09-18 01:00:00+00:00,0.0,219.0,1.0,4.250333333333333,18.717333333333332,,
stanley_bridge,2023-09-18 02:00:00+00:00,0.0,204.0,1.0,4.245916666666667,18.151,,
stanley_bridge,2023-09-18 03:00:00+00:00,0.0,198.0,1.0,4.241916666666667,16.913666666666664,,
stanley_bridge,2023-09-18 04:00:00+00:00,0.0,191.0,1.0,4.239,16.480666666666668,,
stanley_bridge,2023-09-18 05:00:00+00:00,0.0,205.0,1.0,4.235333333333333,16.040666666666667,,
stanley_bridge,2023-09-18 06:00:00+00:00,0.0,212.0,1.0,4.233,15.95,,
stanley_bridge,2023-09-18 07:00:00+00:00,0.0,201.0,1.0,4.232166666666667,15.520666666666667,,
stanley_bridge,2023-09-18 08:00:00+00:00,0.0,198.0,1.0,4.2295,15.181000000000001,,
stanley_bridge,2023-09-18 09:00:00+00:00,0.0,166.0,1.4333333333333333,4.2295,14.493,,
stanley_bridge,2023-09-18 10:00:00+00:00,0.0,145.0,31.666666666666668,4.28225,14.847,,
stanley_bridge,2023-09-18 11:00:00+00:00,0.2,171.0,164.9,4.310583333333334,18.108333333333334,,
stanley_bridge,2023-09-18 12:00:00+00:00,0.0,187.0,247.7,4.3105,19.417666666666666,,
stanley_bridge,2023-09-18 13:00:00+00:00,0.0,216.0,432.46666666666664,4.31925,20.788999999999998,,
stanley_bridge,2023-09-18 14:00:00+00:00,0.0,220.0,338.56666666666666,4.313583333333333,20.377666666666666,,
stanley_bridge,2023-09-18 15:00:00+00:00,0.0,354.0,385.3666666666667,4.318666666666666,19.070333333333334,,
stanley_bridge,2023-09-18 16:00:00+00:00,0.0,326.0,214.36666666666667,4.313416666666667,19.247666666666667,,
stanley_bridge,2023-09-18 17:00:00+00:00,0.0,354.0,243.16666666666666,4.314166666666666,20.068666666666665,,
stanley_bridge,2023-09-18 18:00:00+00:00,0.0,336.0,201.9,4.3109166666666665,20.646333333333335,,
stanley_bridge,2023-09-18 19:00:00+00:00,0.0,206.0,137.43333333333334,4.314583333333333,21.695666666666668,,
stanley_bridge,2023-09-18 20:00:00+00:00,0.0,184.0,88.0,4.3060833333333335,21.105,,
stanley_bridge,2023-09-18 21:00:00+00:00,0.0,190.0,27.8,4.29825,20.05366666666667,,
stanley_bridge,2023-09-18 22:00:00+00:00,0.0,205.0,2.1666666666666665,4.281,18.923333333333336,,
stanley_bridge,2023-09-18 23:00:00+00:00,0.0,139.0,1.0,4.263083333333333,18.165666666666667,,
stanley_bridge,2023-09-19 00:00:00+00:00,0.0,124.0,1.0,4.255083333333333,17.66433333333333,,
stanley_bridge,2023-09-19 01:00:00+00:00,0.0,60.0,1.0,4.250166666666667,17.424,,
stanley_bridge,2023-09-19 02:00:00+00:00,0.0,175.0,1.0,4.245333333333334,17.271666666666665,,
stanley_bridge,2023-09-19 03:00:00+00:00,0.0,132.0,1.0,4.2410000000000005,16.782333333333334,,
stanley_bridge,2023-09-19 04:00:00+00:00,0.0,156.0,1.0,4.238666666666666,16.518333333333334,,
stanley_bridge,2023-09-19 05:00:00+00:00,0.0,87.0,1.0,4.236833333333333,16.22233333333333,,
stanley_bridge,2023-09-19 06:00:00+00:00,0.0,112.0,1.0,4.234166666666667,15.981,,
stanley_bridge,2023-09-19 07:00:00+00:00,0.0,138.0,1.0,4.232166666666667,16.042333333333332,,
stanley_bridge,2023-09-19 08:00:00+00:00,0.0,135.0,1.0,4.230833333333333,16.51366666666667,,
stanley_bridge,2023-09-19 09:00:00+00:00,0.0,121.0,1.0,4.229416666666666,16.278,,
stanley_bridge,2023-09-19 10:00:00+00:00,0.0,112.0,2.3333333333333335,4.2335,15.936,,
stanley_bridge,2023-09-19 11:00:00+00:00,1.4000000000000001,105.0,13.8,4.267333333333333,15.158999999999999,,
stanley_bridge,2023-09-19 12:00:00+00:00,3.2,56.0,48.06666666666667,4.300333333333334,15.319333333333333,,
stanley_bridge,2023-09-19 13:00:00+00:00,2.4000000000000004,77.0,82.4,4.313,14.757333333333333,,
stanley_bridge,2023-09-19 14:00:00+00:00,2.2,80.0,120.76666666666667,4.31325,15.163,,
stanley_bridge,2023-09-19 15:00:00+00:00,1.8,80.0,121.96666666666667,4.312333333333333,16.172333333333334,,
stanley_bridge,2023-09-19 16:00:00+00:00,0.0,107.0,242.63333333333333,4.312416666666667,19.483,,
stanley_bridge,2023-09-19 17:00:00+00:00,0.0,140.0,268.23333333333335,4.314,22.145333333333333,,
stanley_bridge,2023-09-19 18:00:00+00:00,0.0,161.0,511.43333333333334,4.311916666666666,23.163,,
stanley_bridge,2023-09-19 19:00:00+00:00,0.0,173.0,389.4,4.317583333333333,23.573333333333334,,
stanley_bridge,2023-09-19 20:00:00+00:00,0.0,170.0,259.3666666666667,4.313083333333333,22.413333333333334,,
stanley_bridge,2023-09-19 21:00:00+00:00,0.0,190.0,97.7,4.314416666666666,19.487000000000002,,
stanley_bridge,2023-09-19 22:00:00+00:00,0.0,223.0,3.6666666666666665,4.286416666666667,17.115666666666666,,
stanley_bridge,2023-09-19 23:00:00+00:00,0.0,204.0,1.0,4.264333333333333,17.302666666666667,,
stanley_bridge,2023-09-20 00:00:00+00:00,0.0,175.0,1.0,4.255999999999999,17.019,,
stanley_bridge,2023-09-20 01:00:00+00:00,0.0,173.0,1.0,4.249583333333333,16.644333333333332,,
stanley_bridge,2023-09-20 02:00:00+00:00,0.0,174.0,1.0,4.245416666666666,16.508666666666667,,
stanley_bridge,2023-09-20 03:00:00+00:00,0.0,168.0,1.0,4.24125,16.821,,
stanley_bridge,2023-09-20 04:00:00+00:00,0.0,174.0,1.0,4.238333333333333,16.524333333333335,,
stanley_bridge,2023-09-20 05:00:00+00:00,0.0,174.0,1.0,4.236083333333333,16.285999999999998,,
stanley_bridge,2023-09-20 06:00:00+00:00,0.0,185.0,1.0,4.234333333333333,16.426666666666666,,
stanley_bridge,2023-09-20 07:00:00+00:00,0.0,192.0,1.0,4.231833333333333,16.172,,
stanley_bridge,2023-09-20 08:00:00+00:00,0.0,195.0,1.0,4.231,15.825666666666667,,
stanley_bridge,2023-09-20 09:00:00+00:00,0.0,191.0,1.1,4.2295,15.012666666666666,,
stanley_bridge,2023-09-20 10:00:00+00:00,0.0,222.0,25.233333333333334,4.275250000000001,15.069666666666667,,
stanley_bridge,2023-09-20 11:00:00+00:00,0.0,222.0,70.2,4.300666666666667,15.245000000000001,,
stanley_bridge,2023-09-20 12:00:00+00:00,0.0,264.0,158.43333333333334,4.315083333333333,14.805666666666667,,
stanley_bridge,2023-09-20 13:00:00+00:00,0.0,244.0,225.13333333333333,4.311916666666667,14.175,,
stanley_bridge,2023-09-20 14:00:00+00:00,0.0,268.0,294.93333333333334,4.312416666666667,14.605333333333334,,
stanley_bridge,2023-09-20 15:00:00+00:00,0.0,253.0,290.1666666666667,4.314416666666666,14.582666666666666,,
stanley_bridge,2023-09-20 16:00:00+00:00,0.0,306.0,238.76666666666668,4.312166666666667,14.128666666666668,,
stanley_bridge,2023-09-20 17:00:00+00:00,0.0,296.0,138.46666666666667,4.314333333333333,14.458666666666666,,
stanley_bridge,2023-09-20 18:00:00+00:00,0.0,320.0,192.73333333333332,4.312166666666666,15.365333333333334,,
stanley_bridge,2023-09-20 19:00:00+00:00,0.0,319.0,194.3,4.312666666666666,15.875666666666666,,
stanley_bridge,2023-09-20 20:00:00+00:00,0.0,341.0,104.13333333333334,4.312,15.241000000000001,,
stanley_bridge,2023-09-20 21:00:00+00:00,0.0,343.0,24.566666666666666,4.300333333333334,14.916666666666666,,
stanley_bridge,2023-09-20 22:00:00+00:00,0.0,341.0,1.6,4.276833333333333,14.764999999999999,,
stanley_bridge,2023-09-20 23:00:00+00:00,0.0,345.0,1.0,4.257583333333334,14.774666666666667,,
stanley_bridge,2023-09-21 00:00:00+00:00,0.0,334.0,1.0,4.249,14.152999999999999,,
stanley_bridge,2023-09-21 01:00:00+00:00,0.0,337.0,1.0,4.243416666666667,14.825666666666667,,
stanley_bridge,2023-09-21 02:00:00+00:00,0.0,330.0,1.0,4.239083333333333,14.46,,
stanley_bridge,2023-09-21 03:00:00+00:00,0.0,320.0,1.0,4.2348333333333334,14.331999999999999,,
stanley_bridge,2023-09-21 04:00:00+00:00,0.0,326.0,1.0,4.232916666666667,14.09,,
stanley_bridge,2023-09-21 05:00:00+00:00,0.0,314.0,1.0,4.230916666666666,14.208666666666666,,
stanley_bridge,2023-09-21 06:00:00+00:00,0.0,324.0,1.0,4.2283333333333335,14.045333333333334,,
stanley_bridge,2023-09-21 07:00:00+00:00,0.0,303.0,1.0,4.2275833333333335,13.569666666666667,,
stanley_bridge,2023-09-21 08:00:00+00:00,0.0,302.0,1.0,4.2255,13.778666666666668,,
stanley_bridge,2023-09-21 09:00:00+00:00,0.0,317.0,1.0,4.2250000000000005,14.006666666666666,,
stanley_bridge,2023-09-21 10:00:00+00:00,0.0,324.0,21.833333333333332,4.262583333333334,13.815,,
stanley_bridge,2023-09-21 11:00:00+00:00,0.0,327.0,112.66666666666667,4.307333333333333,13.554333333333334,,
stanley_bridge,2023-09-21 12:00:00+00:00,0.0,330.0,211.36666666666667,4.312,13.373333333333333,,
stanley_bridge,2023-09-21 13:00:00+00:00,0.0,327.0,277.8,4.316666666666666,13.156666666666666,,
stanley_bridge,2023-09-21 14:00:00+00:00,0.0,334.0,203.86666666666667,4.31075,12.680666666666667,,
stanley_bridge,2023-09-21 15:00:00+00:00,0.0,312.0,318.8666666666667,4.315166666666667,12.233,,
stanley_bridge,2023-09-21 16:00:00+00:00,0.0,323.0,293.43333333333334,4.311166666666667,12.520333333333333,,
stanley_bridge,2023-09-21 17:00:00+00:00,0.0,330.0,271.3666666666667,4.312583333333333,12.695666666666666,,
stanley_bridge,2023-09-21 18:00:00+00:00,0.0,321.0,392.06666666666666,4.313,12.726666666666667,,
stanley_bridge,2023-09-21 19:00:00+00:00,0.0,317.0,158.0,4.313583333333333,12.898,,
stanley_bridge,2023-09-21 20:00:00+00:00,0.0,343.0,193.96666666666667,4.3116666666666665,13.265666666666668,,
stanley_bridge,2023-09-21 21:00:00+00:00,0.0,336.0,41.7,4.306666666666667,13.033666666666667,,
stanley_bridge,2023-09-21 22:00:00+00:00,0.0,347.0,3.1333333333333333,4.28175,12.675666666666666,,
stanley_bridge,2023-09-21 23:00:00+00:00,0.0,348.0,1.0,4.256916666666666,12.230333333333334,,
stanley_bridge,2023-09-22 00:00:00+00:00,0.0,354.0,1.0,4.248083333333334,11.969666666666665,,
stanley_bridge,2023-09-22 01:00:00+00:00,0.0,343.0,1.0,4.240583333333333,11.916,,
stanley_bridge,2023-09-22 02:00:00+00:00,0.0,4.0,1.0,4.2348333333333334,11.290333333333333,,
stanley_bridge,2023-09-22 03:00:00+00:00,0.0,4.0,1.0,4.228333333333333,12.401333333333334,,
stanley_bridge,2023-09-22 04:00:00+00:00,0.0,337.0,1.0,4.2285,12.518333333333334,,
stanley_bridge,2023-09-22 05:00:00+00:00,0.0,8.0,1.0,4.226,12.187333333333333,,
stanley_bridge,2023-09-22 06:00:00+00:00,0.0,3.0,1.0,4.224083333333334,12.639666666666667,,
stanley_bridge,2023-09-22 07:00:00+00:00,0.0,336.0,1.0,4.2235000000000005,12.975999999999999,,
stanley_bridge,2023-09-22 08:00:00+00:00,0.0,336.0,1.0,4.223666666666667,12.993,,
stanley_bridge,2023-09-22 09:00:00+00:00,0.0,336.0,1.1,4.2225,12.958666666666666,,
stanley_bridge,2023-09-22 10:00:00+00:00,0.0,302.0,23.766666666666666,4.272083333333334,12.033333333333333,,
stanley_bridge,2023-09-22 11:00:00+00:00,0.0,178.0,84.93333333333334,4.30825,10.928333333333335,,
stanley_bridge,2023-09-22 12:00:00+00:00,0.0,239.0,185.6,4.315833333333333,13.224,,
stanley_bridge,2023-09-22 13:00:00+00:00,0.0,271.0,343.53333333333336,4.31625,13.979333333333333,,
stanley_bridge,2023-09-22 14:00:00+00:00,0.0,306.0,465.73333333333335,4.3155,14.379333333333333,,
stanley_bridge,2023-09-22 15:00:00+00:00,0.0,314.0,572.4,4.312666666666667,14.679333333333334,,
stanley_bridge,2023-09-22 16:00:00+00:00,0.0,344.0,189.76666666666668,4.313166666666667,15.058,,
stanley_bridge,2023-09-22 17:00:00+00:00,0.0,1.0,125.06666666666666,4.312416666666667,15.538333333333332,,
stanley_bridge,2023-09-22 18:00:00+00:00,0.0,352.0,468.5,4.31575,15.825999999999999,,
stanley_bridge,2023-09-22 19:00:00+00:00,0.0,354.0,356.43333333333334,4.315416666666667,16.153333333333332,,
stanley_bridge,2023-09-22 20:00:00+00:00,0.0,247.0,217.36666666666667,4.313833333333333,16.631999999999998,,
stanley_bridge,2023-09-22 21:00:00+00:00,0.0,232.0,70.9,4.310833333333333,16.419,,
stanley_bridge,2023-09-22 22:00:00+00:00,0.0,183.0,2.9,4.283333333333333,12.546,,
stanley_bridge,2023-09-22 23:00:00+00:00,0.0,146.0,1.0,4.261,10.922333333333334,,
stanley_bridge,2023-09-23 00:00:00+00:00,0.0,187.0,1.0,4.25,10.932666666666668,,
stanley_bridge,2023-09-23 01:00:00+00:00,0.0,159.0,1.0,4.242583333333333,11.868,,
stanley_bridge,2023-09-23 02:00:00+00:00,0.0,167.0,1.0,4.236666666666667,12.381333333333334,,
stanley_bridge,2023-09-23 03:00:00+00:00,0.0,173.0,1.0,4.233,12.263333333333332,,
stanley_bridge,2023-09-23 04:00:00+00:00,0.0,170.0,1.0,4.229833333333333,12.118333333333334,,
stanley_bridge,2023-09-23 05:00:00+00:00,0.0,202.0,1.0,4.2275833333333335,12.474,,
stanley_bridge,2023-09-23 06:00:00+00:00,0.0,194.0,1.0,4.226083333333333,12.284333333333333,,
stanley_bridge,2023-09-23 07:00:00+00:00,0.0,205.0,1.0,4.223916666666667,12.715333333333332,,
stanley_bridge,2023-09-23 08:00:00+00:00,0.0,198.0,1.0,4.22375,12.792,,
stanley_bridge,2023-09-23 09:00:00+00:00,0.0,201.0,1.4333333333333333,4.2245,12.768333333333334,,
stanley_bridge,2023-09-23 10:00:00+00:00,0.0,194.0,33.93333333333333,4.275666666666667,13.270000000000001,,
stanley_bridge,2023-09-23 11:00:00+00:00,0.0,204.0,148.63333333333333,4.3101666666666665,14.644666666666666,,
stanley_bridge,2023-09-23 12:00:00+00:00,0.0,213.0,244.9,4.316333333333334,15.731,,
stanley_bridge,2023-09-23 13:00:00+00:00,0.0,225.0,447.5,4.314,16.47533333333333,,
stanley_bridge,2023-09-23 14:00:00+00:00,0.0,227.0,553.5333333333333,4.316416666666666,17.567333333333334,,
stanley_bridge,2023-09-23 15:00:00+00:00,0.0,222.0,598.8,4.314416666666667,18.432333333333336,,
stanley_bridge,2023-09-23 16:00:00+00:00,0.0,227.0,193.86666666666667,4.313,19.058666666666667,,
stanley_bridge,2023-09-23 17:00:00+00:00,0.0,219.0,213.9,4.31425,19.658,,
stanley_bridge,2023-09-23 18:00:00+00:00,0.0,247.0,335.9,4.31525,19.84333333333333,,
stanley_bridge,2023-09-23 19:00:00+00:00,0.0,254.0,74.53333333333333,4.305833333333333,19.288666666666664,,
stanley_bridge,2023-09-23 20:00:00+00:00,0.0,281.0,14.033333333333333,4.297,18.054333333333332,,
stanley_bridge,2023-09-23 21:00:00+00:00,1.2000000000000002,320.0,3.7,4.28625,15.316333333333334,,
stanley_bridge,2023-09-23 22:00:00+00:00,0.0,191.0,1.0,4.2603333333333335,14.755333333333333,,
stanley_bridge,2023-09-23 23:00:00+00:00,0.0,178.0,1.0,4.250166666666667,14.498333333333333,,
stanley_bridge,2023-09-24 00:00:00+00:00,0.0,208.0,1.0,4.244583333333334,13.673333333333334,,
stanley_bridge,2023-09-24 01:00:00+00:00,0.0,205.0,1.0,4.238666666666666,13.137,,
stanley_bridge,2023-09-24 02:00:00+00:00,0.0,175.0,1.0,4.234916666666667,12.439333333333334,,
stanley_bridge,2023-09-24 03:00:00+00:00,0.0,183.0,1.0,4.23075,12.24,,
stanley_bridge,2023-09-24 04:00:00+00:00,0.0,167.0,1.0,4.2283333333333335,11.493,,
stanley_bridge,2023-09-24 05:00:00+00:00,0.0,173.0,1.0,4.225750000000001,10.767,,
stanley_bridge,2023-09-24 06:00:00+00:00,0.0,181.0,1.0,4.22225,10.158999999999999,,
stanley_bridge,2023-09-24 07:00:00+00:00,0.0,174.0,1.0,4.221416666666667,9.815333333333333,,
stanley_bridge,2023-09-24 08:00:00+00:00,0.0,178.0,1.0,4.21975,9.810666666666666,,
stanley_bridge,2023-09-24 09:00:00+00:00,0.2,159.0,1.2,4.218916666666667,9.057333333333334,,
stanley_bridge,2023-09-24 10:00:00+00:00,0.0,164.0,29.666666666666668,4.277083333333334,9.389666666666667,,
stanley_bridge,2023-09-24 11:00:00+00:00,0.0,166.0,148.0,4.3135,11.828,,
stanley_bridge,2023-09-24 12:00:00+00:00,0.0,170.0,183.93333333333334,4.312416666666667,14.498666666666667,,
stanley_bridge,2023-09-24 13:00:00+00:00,0.0,174.0,375.93333333333334,4.314916666666666,17.466333333333335,,
stanley_bridge,2023-09-24 14:00:00+00:00,0.0,198.0,422.6666666666667,4.314916666666666,18.079,,
stanley_bridge,2023-09-24 15:00:00+00:00,0.0,209.0,603.0666666666667,4.315833333333333,18.93433333333333,,
stanley_bridge,2023-09-24 16:00:00+00:00,0.0,211.0,198.7,4.31375,19.543,,
stanley_bridge,2023-09-24 17:00:00+00:00,0.0,220.0,129.76666666666668,4.315666666666666,19.880999999999997,,
stanley_bridge,2023-09-24 18:00:00+00:00,0.0,212.0,374.8,4.314166666666666,20.020333333333333,,
stanley_bridge,2023-09-24 19:00:00+00:00,0.0,212.0,361.26666666666665,4.316333333333334,20.23166666666667,,
stanley_bridge,2023-09-24 20:00:00+00:00,0.0,233.0,207.73333333333332,4.314916666666666,20.07,,
stanley_bridge,2023-09-24 21:00:00+00:00,0.0,234.0,64.36666666666666,4.309666666666667,19.06833333333333,,
stanley_bridge,2023-09-24 22:00:00+00:00,0.0,175.0,2.2,4.283833333333333,15.004,,
stanley_bridge,2023-09-24 23:00:00+00:00,0.0,159.0,1.0,4.264333333333333,13.596,,
stanley_bridge,2023-09-25 00:00:00+00:00,0.0,173.0,1.0,4.254666666666666,12.661,,
stanley_bridge,2023-09-25 01:00:00+00:00,0.0,167.0,1.0,4.246833333333334,12.121999999999998,,
stanley_bridge,2023-09-25 02:00:00+00:00,0.0,180.0,1.0,4.2415,12.998666666666667,,
stanley_bridge,2023-09-25 03:00:00+00:00,0.0,161.0,1.0,4.23725,13.343,,
stanley_bridge,2023-09-25 04:00:00+00:00,0.0,185.0,1.0,4.234,13.824000000000002,,
stanley_bridge,2023-09-25 05:00:00+00:00,0.0,14.0,1.0,4.231833333333333,15.473666666666666,,
stanley_bridge,2023-09-25 06:00:00+00:00,0.0,21.0,1.0,4.231083333333333,15.371333333333332,,
stanley_bridge,2023-09-25 07:00:00+00:00,0.0,3.0,1.0,4.229333333333333,14.882,,
stanley_bridge,2023-09-25 08:00:00+00:00,0.0,6.0,1.0,4.22775,14.742333333333333,,
stanley_bridge,2023-09-25 09:00:00+00:00,0.0,1.0,1.0333333333333334,4.226083333333333,14.821333333333333,,
stanley_bridge,2023-09-25 10:00:00+00:00,0.0,21.0,19.6,4.268166666666667,14.738,,
stanley_bridge,2023-09-25 11:00:00+00:00,0.0,8.0,123.93333333333334,4.30925,15.023,,
stanley_bridge,2023-09-25 12:00:00+00:00,0.0,7.0,194.1,4.313416666666667,14.873,,
stanley_bridge,2023-09-25 13:00:00+00:00,0.0,6.0,330.26666666666665,4.314416666666667,15.375666666666666,,
stanley_bridge,2023-09-25 14:00:00+00:00,0.0,8.0,487.8666666666667,4.316666666666666,15.841000000000001,,
stanley_bridge,2023-09-25 15:00:00+00:00,0.0,15.0,196.13333333333333,4.313,14.831666666666667,,
stanley_bridge,2023-09-25 16:00:00+00:00,0.0,4.0,403.0,4.315,14.855333333333332,,
stanley_bridge,2023-09-25 17:00:00+00:00,0.0,14.0,389.6666666666667,4.313416666666666,14.452666666666666,,
stanley_bridge,2023-09-25 18:00:00+00:00,0.0,10.0,231.03333333333333,4.313083333333333,13.943333333333333,,
stanley_bridge,2023-09-25 19:00:00+00:00,0.0,4.0,134.83333333333334,4.31075,13.318333333333333,,
stanley_bridge,2023-09-25 20:00:00+00:00,0.0,8.0,86.53333333333333,4.309166666666667,13.056666666666667,,
stanley_bridge,2023-09-25 21:00:00+00:00,0.0,18.0,27.5,4.303416666666666,12.954,,
stanley_bridge,2023-09-25 22:00:00+00:00,0.0,13.0,1.5,4.275833333333334,12.910666666666666,,
stanley_bridge,2023-09-25 23:00:00+00:00,0.0,17.0,1.0,4.256833333333334,12.632333333333333,,
stanley_bridge,2023-09-26 00:00:00+00:00,0.0,1.0,1.0,4.248,12.184,,
stanley_bridge,2023-09-26 01:00:00+00:00,0.0,13.0,1.0,4.243083333333334,12.080666666666668,,
stanley_bridge,2023-09-26 02:00:00+00:00,0.0,42.0,1.0,4.2385,11.787,,
stanley_bridge,2023-09-26 03:00:00+00:00,0.0,3.0,1.0,4.234583333333333,11.74,,
stanley_bridge,2023-09-26 04:00:00+00:00,0.0,69.0,1.0,4.230083333333334,11.248,,
stanley_bridge,2023-09-26 05:00:00+00:00,0.0,15.0,1.0,4.227666666666667,12.329333333333333,,
stanley_bridge,2023-09-26 06:00:00+00:00,0.0,6.0,1.0,4.226,12.837333333333333,,
stanley_bridge,2023-09-26 07:00:00+00:00,0.0,8.0,1.0,4.22525,13.092666666666666,,
stanley_bridge,2023-09-26 08:00:00+00:00,0.0,352.0,1.0,4.225083333333333,10.081666666666667,,
stanley_bridge,2023-09-26 09:00:00+00:00,0.0,170.0,1.0,4.223,6.704666666666666,,
stanley_bridge,2023-09-26 10:00:00+00:00,0.0,168.0,20.066666666666666,4.267,6.443333333333333,,
stanley_bridge,2023-09-26 11:00:00+00:00,0.0,183.0,95.5,4.311416666666666,8.424,,
stanley_bridge,2023-09-26 12:00:00+00:00,0.0,160.0,239.63333333333333,4.312666666666667,12.778666666666668,,
stanley_bridge,2023-09-26 13:00:00+00:00,0.0,334.0,400.76666666666665,4.313,14.456,,
stanley_bridge,2023-09-26 14:00:00+00:00,0.0,337.0,471.76666666666665,4.316333333333334,14.728666666666667,,
stanley_bridge,2023-09-26 15:00:00+00:00,0.0,333.0,589.1,4.3116666666666665,15.038666666666668,,
stanley_bridge,2023-09-26 16:00:00+00:00,0.0,344.0,612.3,4.313583333333333,15.128666666666668,,
stanley_bridge,2023-09-26 17:00:00+00:00,0.0,345.0,569.4333333333333,4.312666666666666,15.291,,
stanley_bridge,2023-09-26 18:00:00+00:00,0.0,350.0,455.76666666666665,4.312416666666667,15.263,,
stanley_bridge,2023-09-26 19:00:00+00:00,0.0,343.0,321.6333333333333,4.3145,15.003333333333334,,
stanley_bridge,2023-09-26 20:00:00+00:00,0.0,13.0,172.03333333333333,4.312083333333333,14.728,,
stanley_bridge,2023-09-26 21:00:00+00:00,0.0,354.0,51.63333333333333,4.304333333333333,14.477333333333332,,
stanley_bridge,2023-09-26 22:00:00+00:00,0.0,352.0,1.6333333333333333,4.2789166666666665,14.009666666666668,,
stanley_bridge,2023-09-26 23:00:00+00:00,0.0,13.0,1.0,4.2595833333333335,14.195333333333334,,
stanley_bridge,2023-09-27 00:00:00+00:00,0.0,357.0,1.0,4.251833333333333,14.545,,
stanley_bridge,2023-09-27 01:00:00+00:00,0.0,6.0,1.0,4.2437499999999995,14.001333333333333,,
stanley_bridge,2023-09-27 02:00:00+00:00,0.0,14.0,1.0,4.240333333333333,12.462,,
stanley_bridge,2023-09-27 03:00:00+00:00,0.0,166.0,1.0,4.235,9.176666666666668,,
stanley_bridge,2023-09-27 04:00:00+00:00,0.0,173.0,1.0,4.230583333333334,8.535666666666666,,
stanley_bridge,2023-09-27 05:00:00+00:00,0.0,152.0,1.0,4.22625,7.805666666666666,,
stanley_bridge,2023-09-27 06:00:00+00:00,0.0,161.0,1.0,4.224,7.879666666666667,,
stanley_bridge,2023-09-27 07:00:00+00:00,0.0,174.0,1.0,4.221416666666666,7.6353333333333335,,
stanley_bridge,2023-09-27 08:00:00+00:00,0.0,161.0,1.0,4.219,7.3276666666666666,,
stanley_bridge,2023-09-27 09:00:00+00:00,0.0,168.0,1.0,4.218833333333333,7.437333333333333,,
stanley_bridge,2023-09-27 10:00:00+00:00,0.0,163.0,11.733333333333333,4.255,7.500333333333333,,
stanley_bridge,2023-09-27 11:00:00+00:00,0.0,170.0,58.233333333333334,4.310583333333334,7.791666666666667,,
stanley_bridge,2023-09-27 12:00:00+00:00,0.0,174.0,123.2,4.317833333333334,9.269666666666668,,
stanley_bridge,2023-09-27 13:00:00+00:00,0.0,175.0,192.66666666666666,4.318083333333333,12.155,,
stanley_bridge,2023-09-27 14:00:00+00:00,0.0,251.0,256.4,4.3181666666666665,14.249666666666666,,
stanley_bridge,2023-09-27 15:00:00+00:00,0.0,271.0,322.7,4.312916666666667,15.189666666666666,,
stanley_bridge,2023-09-27 16:00:00+00:00,0.0,340.0,337.1,4.318583333333334,15.421666666666665,,
stanley_bridge,2023-09-27 17:00:00+00:00,0.0,331.0,298.43333333333334,4.31825,15.597,,
stanley_bridge,2023-09-27 18:00:00+00:00,0.0,336.0,214.96666666666667,4.315,15.619333333333334,,
stanley_bridge,2023-09-27 19:00:00+00:00,0.0,1.0,141.66666666666666,4.311,15.561666666666667,,
stanley_bridge,2023-09-27 20:00:00+00:00,0.0,348.0,73.4,4.309666666666667,15.246666666666666,,
stanley_bridge,2023-09-27 21:00:00+00:00,0.0,319.0,19.433333333333334,4.301333333333333,13.715,,
stanley_bridge,2023-09-27 22:00:00+00:00,0.0,187.0,1.1,4.271083333333333,12.167333333333334,,
stanley_bridge,2023-09-27 23:00:00+00:00,0.0,167.0,1.0,4.254583333333334,11.067666666666668,,
stanley_bridge,2023-09-28 00:00:00+00:00,0.0,177.0,1.0,4.24575,10.129666666666667,,
stanley_bridge,2023-09-28 01:00:00+00:00,0.0,164.0,1.0,4.239583333333333,9.605666666666668,,
stanley_bridge,2023-09-28 02:00:00+00:00,0.0,183.0,1.0,4.235333333333333,10.360666666666667,,
stanley_bridge,2023-09-28 03:00:00+00:00,0.0,161.0,1.0,4.2316666666666665,11.033,,
stanley_bridge,2023-09-28 04:00:00+00:00,0.0,171.0,1.0,4.229,10.999333333333334,,
stanley_bridge,2023-09-28 05:00:00+00:00,0.0,168.0,1.0,4.227083333333334,11.179,,
stanley_bridge,2023-09-28 06:00:00+00:00,0.0,181.0,1.0,4.226416666666666,11.080333333333334,,
stanley_bridge,2023-09-28 07:00:00+00:00,0.0,170.0,1.0,4.225583333333334,10.668333333333333,,
stanley_bridge,2023-09-28 08:00:00+00:00,0.0,173.0,1.0,4.22375,10.498333333333333,,
stanley_bridge,2023-09-28 09:00:00+00:00,0.0,185.0,1.0,4.22225,10.389666666666667,,
stanley_bridge,2023-09-28 10:00:00+00:00,0.0,173.0,20.333333333333332,4.272833333333334,10.424333333333333,,
stanley_bridge,2023-09-28 11:00:00+00:00,0.0,188.0,106.26666666666667,4.314333333333333,12.32,,
stanley_bridge,2023-09-28 12:00:00+00:00,0.0,167.0,260.8333333333333,4.3229999999999995,14.752,,
stanley_bridge,2023-09-28 13:00:00+00:00,0.0,18.0,370.3,4.317333333333333,16.108999999999998,,
stanley_bridge,2023-09-28 14:00:00+00:00,0.0,351.0,526.9333333333333,4.318833333333333,16.372,,
stanley_bridge,2023-09-28 15:00:00+00:00,0.0,0.0,601.8,4.319,16.237666666666666,,
stanley_bridge,2023-09-28 16:00:00+00:00,0.0,3.0,607.0,4.313666666666667,16.11,,
stanley_bridge,2023-09-28 17:00:00+00:00,0.0,351.0,592.6666666666666,4.310583333333334,16.201666666666668,,
stanley_bridge,2023-09-28 18:00:00+00:00,0.0,351.0,485.03333333333336,4.313583333333333,16.208333333333332,,
stanley_bridge,2023-09-28 19:00:00+00:00,0.0,347.0,353.0,4.309666666666667,16.075,,
stanley_bridge,2023-09-28 20:00:00+00:00,0.0,345.0,198.46666666666667,4.3075,16.12633333333333,,
stanley_bridge,2023-09-28 21:00:00+00:00,0.0,357.0,48.03333333333333,4.3053333333333335,15.798666666666666,,
stanley_bridge,2023-09-28 22:00:00+00:00,0.0,4.0,1.2666666666666666,4.28125,13.640333333333333,,
stanley_bridge,2023-09-28 23:00:00+00:00,0.0,76.0,1.0,4.260666666666666,11.556999999999999,,
stanley_bridge,2023-09-29 00:00:00+00:00,0.0,131.0,1.0,4.2515833333333335,10.427999999999999,,
stanley_bridge,2023-09-29 01:00:00+00:00,0.0,152.0,1.0,4.2428333333333335,9.516333333333334,,
stanley_bridge,2023-09-29 02:00:00+00:00,0.0,180.0,1.0,4.23775,8.926666666666668,,
stanley_bridge,2023-09-29 03:00:00+00:00,0.0,142.0,1.0,4.23225,8.041,,
stanley_bridge,2023-09-29 04:00:00+00:00,0.0,174.0,1.0,4.226333333333334,7.708666666666667,,
stanley_bridge,2023-09-29 05:00:00+00:00,0.0,153.0,1.0,4.2250000000000005,7.046333333333333,,
stanley_bridge,2023-09-29 06:00:00+00:00,0.0,146.0,1.0,4.221166666666666,6.379666666666666,,
stanley_bridge,2023-09-29 07:00:00+00:00,0.0,164.0,1.0,4.218416666666667,6.007666666666666,,
stanley_bridge,2023-09-29 08:00:00+00:00,0.0,149.0,1.0,4.215333333333334,5.534666666666666,,
stanley_bridge,2023-09-29 09:00:00+00:00,0.0,157.0,1.0,4.213666666666667,5.145666666666667,,
stanley_bridge,2023-09-29 10:00:00+00:00,0.0,154.0,20.8,4.274416666666666,5.382333333333333,,
stanley_bridge,2023-09-29 11:00:00+00:00,0.0,171.0,101.73333333333333,4.3172500000000005,7.067333333333334,,
stanley_bridge,2023-09-29 12:00:00+00:00,0.0,174.0,269.73333333333335,4.322166666666667,10.824333333333334,,
stanley_bridge,2023-09-29 13:00:00+00:00,0.0,181.0,426.6,4.315416666666667,16.253,,
stanley_bridge,2023-09-29 14:00:00+00:00,0.0,212.0,542.0666666666667,4.319166666666667,18.279666666666667,,
stanley_bridge,2023-09-29 15:00:00+00:00,0.0,198.0,591.2333333333333,4.317083333333334,19.0,,
stanley_bridge,2023-09-29 16:00:00+00:00,0.0,215.0,570.3,4.317666666666667,20.098000000000003,,
stanley_bridge,2023-09-29 17:00:00+00:00,0.0,247.0,500.53333333333336,4.316916666666667,18.974333333333334,,
stanley_bridge,2023-09-29 18:00:00+00:00,0.0,344.0,434.43333333333334,4.317083333333334,18.438333333333333,,
stanley_bridge,2023-09-29 19:00:00+00:00,0.0,343.0,266.0,4.311083333333333,18.828333333333333,,
stanley_bridge,2023-09-29 20:00:00+00:00,0.0,354.0,162.3,4.310833333333333,18.80366666666667,,
stanley_bridge,2023-09-29 21:00:00+00:00,0.0,22.0,37.4,4.307916666666666,17.908,,
stanley_bridge,2023-09-29 22:00:00+00:00,0.0,102.0,1.2,4.280333333333333,14.346,,
stanley_bridge,2023-09-29 23:00:00+00:00,0.0,143.0,1.0,4.262833333333333,12.910666666666666,,
stanley_bridge,2023-09-30 00:00:00+00:00,0.0,180.0,1.0,4.253,12.124666666666666,,
stanley_bridge,2023-09-30 01:00:00+00:00,0.0,167.0,1.0,4.246333333333333,11.69,,
stanley_bridge,2023-09-30 02:00:00+00:00,0.0,177.0,1.0,4.24,11.665333333333333,,
stanley_bridge,2023-09-30 03:00:00+00:00,0.0,174.0,1.0,4.2345,11.975333333333333,,
stanley_bridge,2023-09-30 04:00:00+00:00,0.0,185.0,1.0,4.232666666666667,11.789666666666667,,
stanley_bridge,2023-09-30 05:00:00+00:00,0.0,181.0,1.0,4.22925,11.554333333333334,,
stanley_bridge,2023-09-30 06:00:00+00:00,0.0,188.0,1.0,4.225416666666667,11.209666666666667,,
stanley_bridge,2023-09-30 07:00:00+00:00,0.0,175.0,1.0,4.2250000000000005,10.962,,
stanley_bridge,2023-09-30 08:00:00+00:00,0.0,195.0,1.0,4.223,11.18,,
stanley_bridge,2023-09-30 09:00:00+00:00,0.0,190.0,1.0,4.22025,11.103666666666667,,
stanley_bridge,2023-09-30 10:00:00+00:00,0.0,183.0,19.966666666666665,4.268833333333333,10.526666666666667,,
stanley_bridge,2023-09-30 11:00:00+00:00,0.0,188.0,105.53333333333333,4.314583333333333,11.883666666666667,,
stanley_bridge,2023-09-30 12:00:00+00:00,0.0,183.0,259.76666666666665,4.321083333333333,14.621,,
stanley_bridge,2023-09-30 13:00:00+00:00,0.0,194.0,392.7,4.3187500000000005,17.740666666666666,,
stanley_bridge,2023-09-30 14:00:00+00:00,0.0,174.0,475.1666666666667,4.317,20.17366666666667,,
stanley_bridge,2023-09-30 15:00:00+00:00,0.0,184.0,528.8666666666667,4.314416666666666,20.979333333333333,,
stanley_bridge,2023-09-30 16:00:00+00:00,0.0,194.0,542.1666666666666,4.311333333333334,18.854,,
stanley_bridge,2023-09-30 17:00:00+00:00,0.0,352.0,478.3333333333333,4.312833333333333,17.782333333333334,,
stanley_bridge,2023-09-30 18:00:00+00:00,0.0,338.0,364.93333333333334,4.307666666666667,17.940333333333335,,
stanley_bridge,2023-09-30 19:00:00+00:00,0.0,348.0,250.26666666666668,4.306583333333333,18.752333333333336,,
stanley_bridge,2023-09-30 20:00:00+00:00,0.0,344.0,127.03333333333333,4.3094166666666665,18.654,,
stanley_bridge,2023-09-30 21:00:00+00:00,0.0,62.0,27.1,4.3025,17.788333333333334,,
stanley_bridge,2023-09-30 22:00:00+00:00,0.0,140.0,1.1,4.277666666666667,14.786666666666667,,
stanley_bridge,2023-09-30 23:00:00+00:00,0.0,135.0,1.0,4.260916666666667,13.105333333333334,,
stanley_bridge,2023-10-01 00:00:00+00:00,0.0,166.0,1.0,4.252083333333333,12.346666666666666,,
stanley_bridge,2023-10-01 01:00:00+00:00,0.0,171.0,1.0,4.2459999999999996,11.632,,
stanley_bridge,2023-10-01 02:00:00+00:00,0.0,171.0,1.0,4.238833333333333,10.978333333333333,,
