station,timestamp_utc,battery_v,rain_mm,wind_direction_deg,solar_radiation_w_m2,air_temperature_c
stanley_bridge,2025-04-01 03:00:00+00:00,4.173,0.0,178.0,1.0,9.137333333333334
stanley_bridge,2025-04-01 04:00:00+00:00,4.166583333333333,0.0,184.0,1.0,8.931999999999999
stanley_bridge,2025-04-01 05:00:00+00:00,4.1619166666666665,0.0,190.0,1.0,9.046666666666665
stanley_bridge,2025-04-01 06:00:00+00:00,4.15825,0.0,187.0,1.0,8.993666666666666
stanley_bridge,2025-04-01 07:00:00+00:00,4.153833333333334,0.0,178.0,1.0,9.294666666666666
stanley_bridge,2025-04-01 08:00:00+00:00,4.152333333333334,0.0,161.0,1.0,9.265666666666668
stanley_bridge,2025-04-01 09:00:00+00:00,4.152,0.0,157.0,1.0,9.316333333333334
stanley_bridge,2025-04-01 10:00:00+00:00,4.165166666666667,2.0,122.0,6.333333333333333,9.247333333333334
stanley_bridge,2025-04-01 11:00:00+00:00,4.242583333333333,1.2000000000000002,225.0,29.533333333333335,9.207333333333334
stanley_bridge,2025-04-01 12:00:00+00:00,4.296583333333333,1.0,140.0,56.53333333333333,9.104666666666667
stanley_bridge,2025-04-01 13:00:00+00:00,4.308583333333333,0.4,215.0,92.26666666666667,9.233333333333333
stanley_bridge,2025-04-01 14:00:00+00:00,4.304583333333333,1.6,267.0,90.2,6.937333333333333
stanley_bridge,2025-04-01 15:00:00+00:00,4.305833333333333,1.0,303.0,95.23333333333333,3.909
stanley_bridge,2025-04-01 16:00:00+00:00,4.306166666666667,0.8,285.0,127.0,3.7550000000000003
stanley_bridge,2025-04-01 17:00:00+00:00,4.3035,0.0,293.0,212.7,3.8646666666666665
stanley_bridge,2025-04-01 18:00:00+00:00,4.3035000000000005,0.0,288.0,186.6,3.6540000000000004
stanley_bridge,2025-04-01 19:00:00+00:00,4.304666666666667,0.0,298.0,370.1666666666667,3.691333333333333
stanley_bridge,2025-04-01 20:00:00+00:00,4.304083333333334,0.0,289.0,275.5,3.5820000000000003
stanley_bridge,2025-04-01 21:00:00+00:00,4.305916666666667,0.0,309.0,177.36666666666667,3.9473333333333334
stanley_bridge,2025-04-01 22:00:00+00:00,4.2884166666666665,0.0,309.0,25.866666666666667,2.9313333333333333
stanley_bridge,2025-04-01 23:00:00+00:00,4.227166666666666,0.0,307.0,1.0,1.687
stanley_bridge,2025-04-02 00:00:00+00:00,4.208083333333334,0.0,302.0,1.0,1.1983333333333335
stanley_bridge,2025-04-02 01:00:00+00:00,4.197666666666667,0.0,310.0,1.0,0.7323333333333333
stanley_bridge,2025-04-02 02:00:00+00:00,4.189,0.0,292.0,1.0,0.3373333333333333
stanley_bridge,2025-04-02 03:00:00+00:00,4.183,0.0,292.0,1.0,-0.4396666666666667
stanley_bridge,2025-04-02 04:00:00+00:00,4.176916666666666,0.0,279.0,1.0,-0.7846666666666666
stanley_bridge,2025-04-02 05:00:00+00:00,4.169416666666667,0.0,272.0,1.0,-1.006
stanley_bridge,2025-04-02 06:00:00+00:00,4.16425,0.0,279.0,1.0,-1.4516666666666667
stanley_bridge,2025-04-02 07:00:00+00:00,4.156666666666666,0.0,271.0,1.0,-1.941
stanley_bridge,2025-04-02 08:00:00+00:00,4.148416666666667,0.0,279.0,1.0,-2.2209999999999996
stanley_bridge,2025-04-02 09:00:00+00:00,4.145583333333334,0.0,278.0,1.8333333333333333,-2.988
stanley_bridge,2025-04-02 10:00:00+00:00,4.2564166666666665,0.0,285.0,60.13333333333333,-3.344333333333333
stanley_bridge,2025-04-02 11:00:00+00:00,4.309666666666667,0.0,260.0,216.7,-3.461
stanley_bridge,2025-04-02 12:00:00+00:00,4.303166666666667,0.0,279.0,281.06666666666666,-3.597
stanley_bridge,2025-04-02 13:00:00+00:00,4.30525,0.0,263.0,512.9333333333333,-3.597
stanley_bridge,2025-04-02 14:00:00+00:00,4.303916666666667,0.0,263.0,685.3666666666667,-3.3496666666666663
stanley_bridge,2025-04-02 15:00:00+00:00,4.304583333333333,0.0,281.0,751.6333333333333,-2.7636666666666665
stanley_bridge,2025-04-02 16:00:00+00:00,4.307666666666667,0.0,281.0,785.1666666666666,-2.1486666666666663
stanley_bridge,2025-04-02 17:00:00+00:00,4.303916666666667,0.0,270.0,751.8666666666667,-1.3739999999999999
stanley_bridge,2025-04-02 18:00:00+00:00,4.305416666666667,0.0,282.0,660.8666666666667,-0.4126666666666667
stanley_bridge,2025-04-02 19:00:00+00:00,4.307916666666666,0.0,264.0,521.4666666666667,0.169
stanley_bridge,2025-04-02 20:00:00+00:00,4.303583333333333,0.0,312.0,359.7,0.29100000000000004
stanley_bridge,2025-04-02 21:00:00+00:00,4.306583333333333,0.0,317.0,177.63333333333333,0.45899999999999996
stanley_bridge,2025-04-02 22:00:00+00:00,4.292583333333334,0.0,312.0,30.166666666666668,0.06233333333333333
stanley_bridge,2025-04-02 23:00:00+00:00,4.220083333333333,0.0,305.0,1.0,-0.5516666666666666
stanley_bridge,2025-04-03 00:00:00+00:00,4.19425,0.0,306.0,1.0,-0.889
stanley_bridge,2025-04-03 01:00:00+00:00,4.17825,0.0,309.0,1.0,-1.1296666666666666
stanley_bridge,2025-04-03 02:00:00+00:00,4.16625,0.0,313.0,1.0,-1.1473333333333333
stanley_bridge,2025-04-03 03:00:00+00:00,4.1554166666666665,0.0,307.0,1.0,-1.5036666666666667
stanley_bridge,2025-04-03 04:00:00+00:00,4.1455,0.0,317.0,1.0,-1.7783333333333333
stanley_bridge,2025-04-03 05:00:00+00:00,4.139,0.0,307.0,1.0,-2.179333333333333
stanley_bridge,2025-04-03 06:00:00+00:00,4.135,0.0,284.0,1.0,-2.570666666666667
stanley_bridge,2025-04-03 07:00:00+00:00,4.130583333333333,0.0,261.0,1.0,-3.2273333333333336
stanley_bridge,2025-04-03 08:00:00+00:00,4.127,0.0,160.0,1.0,-3.685
stanley_bridge,2025-04-03 09:00:00+00:00,4.12625,0.0,131.0,2.066666666666667,-3.4556666666666667
stanley_bridge,2025-04-03 10:00:00+00:00,4.248333333333334,0.0,146.0,38.233333333333334,-2.8103333333333333
stanley_bridge,2025-04-03 11:00:00+00:00,4.302166666666667,0.0,167.0,76.56666666666666,-1.939
stanley_bridge,2025-04-03 12:00:00+00:00,4.30075,0.0,102.0,131.3,-1.046
stanley_bridge,2025-04-03 13:00:00+00:00,4.3012500000000005,0.0,119.0,169.36666666666667,-0.17833333333333334
stanley_bridge,2025-04-03 14:00:00+00:00,4.3025,0.0,133.0,159.0,0.8089999999999999
stanley_bridge,2025-04-03 15:00:00+00:00,4.3020000000000005,0.0,131.0,113.26666666666667,-0.453
stanley_bridge,2025-04-03 16:00:00+00:00,4.295583333333333,0.0,150.0,93.03333333333333,-1.5926666666666667
stanley_bridge,2025-04-03 17:00:00+00:00,4.2884166666666665,0.0,143.0,97.63333333333334,-1.8006666666666666
stanley_bridge,2025-04-03 18:00:00+00:00,4.290666666666667,0.0,140.0,127.9,-1.2613333333333334
stanley_bridge,2025-04-03 19:00:00+00:00,4.288666666666667,0.0,133.0,103.33333333333333,-1.3036666666666668
stanley_bridge,2025-04-03 20:00:00+00:00,4.289666666666666,0.0,122.0,92.06666666666666,-1.1406666666666667
stanley_bridge,2025-04-03 21:00:00+00:00,4.269583333333333,0.0,125.0,30.066666666666666,-0.8163333333333332
stanley_bridge,2025-04-03 22:00:00+00:00,4.209083333333333,0.0,128.0,3.433333333333333,-0.3026666666666667
stanley_bridge,2025-04-03 23:00:00+00:00,4.17975,0.0,136.0,1.0,0.23666666666666666
stanley_bridge,2025-04-04 00:00:00+00:00,4.167,0.0,133.0,1.0,0.8126666666666666
stanley_bridge,2025-04-04 01:00:00+00:00,4.157666666666667,0.0,146.0,1.0,1.1993333333333331
stanley_bridge,2025-04-04 02:00:00+00:00,4.143416666666666,0.0,145.0,1.0,1.972
stanley_bridge,2025-04-04 03:00:00+00:00,4.1345833333333335,0.2,163.0,1.0,2.5266666666666664
stanley_bridge,2025-04-04 04:00:00+00:00,4.12725,3.0,152.0,1.0,2.6300000000000003
stanley_bridge,2025-04-04 05:00:00+00:00,4.120333333333334,2.6,170.0,1.0,2.768666666666667
stanley_bridge,2025-04-04 06:00:00+00:00,4.12175,1.4000000000000001,173.0,1.0,2.655666666666667
stanley_bridge,2025-04-04 07:00:00+00:00,4.1025833333333335,0.0,248.0,1.0,2.3773333333333335
stanley_bridge,2025-04-04 08:00:00+00:00,4.09875,0.2,208.0,1.0,2.4256666666666664
stanley_bridge,2025-04-04 09:00:00+00:00,4.10725,0.0,331.0,1.2333333333333334,1.867
stanley_bridge,2025-04-04 10:00:00+00:00,4.2043333333333335,0.0,317.0,29.866666666666667,1.3820000000000001
stanley_bridge,2025-04-04 11:00:00+00:00,4.297083333333333,0.0,275.0,194.83333333333334,1.9466666666666665
stanley_bridge,2025-04-04 12:00:00+00:00,4.301416666666667,0.0,284.0,294.46666666666664,2.2936666666666667
stanley_bridge,2025-04-04 13:00:00+00:00,4.29875,0.0,284.0,543.4666666666667,3.3926666666666665
stanley_bridge,2025-04-04 14:00:00+00:00,4.29925,0.0,303.0,672.2,3.1026666666666665
stanley_bridge,2025-04-04 15:00:00+00:00,4.3012500000000005,0.0,336.0,769.5666666666667,2.2023333333333333
stanley_bridge,2025-04-04 16:00:00+00:00,4.293833333333334,0.0,317.0,677.1666666666666,2.5260000000000002
stanley_bridge,2025-04-04 17:00:00+00:00,4.3005,0.0,330.0,508.73333333333335,1.9393333333333334
stanley_bridge,2025-04-04 18:00:00+00:00,4.3053333333333335,0.0,347.0,531.4,1.7913333333333334
stanley_bridge,2025-04-04 19:00:00+00:00,4.3135,0.0,336.0,241.73333333333332,1.4183333333333332
stanley_bridge,2025-04-04 20:00:00+00:00,4.310416666666667,0.0,336.0,122.0,1.0523333333333333
stanley_bridge,2025-04-04 21:00:00+00:00,4.299666666666667,0.0,330.0,42.6,0.9416666666666667
stanley_bridge,2025-04-04 22:00:00+00:00,4.269666666666667,0.0,319.0,5.366666666666666,0.6809999999999999
stanley_bridge,2025-04-04 23:00:00+00:00,4.2299999999999995,0.0,285.0,1.0,0.487
stanley_bridge,2025-04-05 00:00:00+00:00,4.216,0.0,284.0,1.0,0.733
stanley_bridge,2025-04-05 01:00:00+00:00,4.207166666666667,0.0,310.0,1.0,0.4653333333333333
stanley_bridge,2025-04-05 02:00:00+00:00,4.201416666666667,0.0,323.0,1.0,0.5453333333333333
stanley_bridge,2025-04-05 03:00:00+00:00,4.194833333333333,0.0,326.0,1.0,0.48000000000000004
stanley_bridge,2025-04-05 04:00:00+00:00,4.1875,0.0,333.0,1.0,0.35
stanley_bridge,2025-04-05 05:00:00+00:00,4.179333333333333,0.0,333.0,1.0,0.12066666666666667
stanley_bridge,2025-04-05 06:00:00+00:00,4.171666666666667,0.0,334.0,1.0,0.033666666666666664
stanley_bridge,2025-04-05 07:00:00+00:00,4.164,0.0,343.0,1.0,-0.08433333333333334
stanley_bridge,2025-04-05 08:00:00+00:00,4.15925,0.0,352.0,1.0,-0.3206666666666667
stanley_bridge,2025-04-05 09:00:00+00:00,4.157916666666666,0.0,6.0,1.4666666666666666,-0.5656666666666667
stanley_bridge,2025-04-05 10:00:00+00:00,4.218583333333333,0.0,3.0,18.033333333333335,-0.75
stanley_bridge,2025-04-05 11:00:00+00:00,4.300583333333333,0.0,358.0,71.5,-0.6709999999999999
stanley_bridge,2025-04-05 12:00:00+00:00,4.305083333333333,0.0,6.0,143.0,-0.679
stanley_bridge,2025-04-05 13:00:00+00:00,4.306916666666667,0.0,28.0,205.2,-0.6223333333333334
stanley_bridge,2025-04-05 14:00:00+00:00,4.313166666666667,0.0,13.0,306.3666666666667,-0.4053333333333333
stanley_bridge,2025-04-05 15:00:00+00:00,4.310416666666667,0.0,6.0,405.1,-0.30333333333333334
stanley_bridge,2025-04-05 16:00:00+00:00,4.3105,0.0,338.0,567.7931034482758,-0.13433333333333333
stanley_bridge,2025-04-05 17:00:00+00:00,4.313666666666666,0.0,323.0,706.3666666666667,0.04833333333333333
stanley_bridge,2025-04-05 18:00:00+00:00,4.31375,0.0,338.0,437.9,0.15133333333333335
stanley_bridge,2025-04-05 19:00:00+00:00,4.309833333333334,0.0,354.0,336.26666666666665,0.6296666666666667
stanley_bridge,2025-04-05 20:00:00+00:00,4.310666666666667,0.0,70.0,219.2,0.9533333333333334
stanley_bridge,2025-04-05 21:00:00+00:00,4.312833333333334,0.0,73.0,83.53333333333333,0.14966666666666667
stanley_bridge,2025-04-05 22:00:00+00:00,4.276666666666666,0.0,76.0,9.4,-0.41800000000000004
stanley_bridge,2025-04-05 23:00:00+00:00,4.222083333333333,0.0,94.0,1.0,-0.483
stanley_bridge,2025-04-06 00:00:00+00:00,4.2004166666666665,0.0,87.0,1.0,-0.35200000000000004
stanley_bridge,2025-04-06 01:00:00+00:00,4.186416666666667,0.0,74.0,1.0,-0.035666666666666666
stanley_bridge,2025-04-06 02:00:00+00:00,4.176333333333333,0.0,143.0,1.0,0.31799999999999995
stanley_bridge,2025-04-06 03:00:00+00:00,4.16875,0.0,143.0,1.0,0.588
stanley_bridge,2025-04-06 04:00:00+00:00,4.162083333333333,0.0,121.0,1.0,0.7799999999999999
stanley_bridge,2025-04-06 05:00:00+00:00,4.158666666666666,0.0,146.0,1.0,1.2020000000000002
stanley_bridge,2025-04-06 06:00:00+00:00,4.156333333333333,0.0,139.0,1.0,1.46
stanley_bridge,2025-04-06 07:00:00+00:00,4.154583333333333,0.0,143.0,1.0,0.577
stanley_bridge,2025-04-06 08:00:00+00:00,4.1531666666666665,0.0,142.0,1.0,0.5083333333333333
stanley_bridge,2025-04-06 09:00:00+00:00,4.151833333333333,0.0,140.0,1.0,0.5016666666666666
stanley_bridge,2025-04-06 10:00:00+00:00,4.153333333333333,0.0,131.0,3.7666666666666666,0.6576666666666667
stanley_bridge,2025-04-06 11:00:00+00:00,4.17375,0.0,133.0,15.666666666666666,0.607
stanley_bridge,2025-04-06 12:00:00+00:00,4.2941666666666665,0.0,145.0,81.06666666666666,0.7866666666666667
stanley_bridge,2025-04-06 13:00:00+00:00,4.30675,0.0,138.0,162.93333333333334,1.159
stanley_bridge,2025-04-06 14:00:00+00:00,4.304333333333333,5.6000000000000005,140.0,192.6,1.668
stanley_bridge,2025-04-06 15:00:00+00:00,4.30675,2.8000000000000003,140.0,145.26666666666668,2.105
stanley_bridge,2025-04-06 16:00:00+00:00,4.305833333333333,0.2,133.0,193.0,2.9680000000000004
stanley_bridge,2025-04-06 17:00:00+00:00,4.311583333333333,0.0,142.0,112.43333333333334,3.7093333333333334
stanley_bridge,2025-04-06 18:00:00+00:00,4.308416666666667,0.0,168.0,109.2,4.191333333333334
stanley_bridge,2025-04-06 19:00:00+00:00,4.308416666666667,0.0,133.0,114.43333333333334,4.828666666666666
stanley_bridge,2025-04-06 20:00:00+00:00,4.313666666666666,0.0,143.0,132.43333333333334,5.350333333333333
stanley_bridge,2025-04-06 21:00:00+00:00,4.305166666666667,0.0,222.0,74.03333333333333,5.179666666666666
stanley_bridge,2025-04-06 22:00:00+00:00,4.287916666666667,0.0,263.0,20.0,4.902333333333333
stanley_bridge,2025-04-06 23:00:00+00:00,4.23075,0.0,244.0,1.0,4.767666666666667
stanley_bridge,2025-04-07 00:00:00+00:00,4.2115,0.0,236.0,1.0,4.1723333333333334
stanley_bridge,2025-04-07 01:00:00+00:00,4.197,0.0,188.0,1.0,3.8426666666666667
stanley_bridge,2025-04-07 02:00:00+00:00,4.1866666666666665,0.0,232.0,1.0,3.920666666666667
stanley_bridge,2025-04-07 03:00:00+00:00,4.176416666666667,0.0,286.0,1.0,4.160333333333333
stanley_bridge,2025-04-07 04:00:00+00:00,4.16925,0.0,305.0,1.0,3.831
stanley_bridge,2025-04-07 05:00:00+00:00,4.164833333333333,0.0,293.0,1.0,2.4143333333333334
stanley_bridge,2025-04-07 06:00:00+00:00,4.158416666666667,0.0,299.0,1.0,1.74
stanley_bridge,2025-04-07 07:00:00+00:00,4.156083333333333,0.0,292.0,1.0,1.189
stanley_bridge,2025-04-07 08:00:00+00:00,4.152166666666667,0.0,302.0,1.0,0.8916666666666667
stanley_bridge,2025-04-07 09:00:00+00:00,4.155833333333333,0.0,277.0,3.7333333333333334,0.3983333333333333
stanley_bridge,2025-04-07 10:00:00+00:00,4.272,0.0,270.0,66.03333333333333,0.431
stanley_bridge,2025-04-07 11:00:00+00:00,4.308666666666666,0.0,284.0,226.6,0.9283333333333333
stanley_bridge,2025-04-07 12:00:00+00:00,4.306916666666667,0.0,292.0,268.5,1.258
stanley_bridge,2025-04-07 13:00:00+00:00,4.305583333333334,0.0,284.0,588.8,1.494
stanley_bridge,2025-04-07 14:00:00+00:00,4.308333333333334,0.0,329.0,556.9666666666667,1.4436666666666667
stanley_bridge,2025-04-07 15:00:00+00:00,4.312083333333333,0.0,352.0,578.8666666666667,1.3666666666666667
stanley_bridge,2025-04-07 16:00:00+00:00,4.314166666666666,0.0,347.0,828.5,2.5566666666666666
stanley_bridge,2025-04-07 17:00:00+00:00,4.314333333333333,0.0,247.0,736.8965517241379,3.728333333333333
stanley_bridge,2025-04-07 18:00:00+00:00,4.313,0.0,343.0,535.0,2.675
stanley_bridge,2025-04-07 19:00:00+00:00,4.314583333333333,0.0,13.0,494.3,2.6603333333333334
stanley_bridge,2025-04-07 20:00:00+00:00,4.309833333333333,0.0,10.0,327.8,3.306
stanley_bridge,2025-04-07 21:00:00+00:00,4.303333333333334,0.0,337.0,103.7,3.0043333333333333
stanley_bridge,2025-04-07 22:00:00+00:00,4.285166666666666,0.0,65.0,16.833333333333332,1.351
stanley_bridge,2025-04-07 23:00:00+00:00,4.232583333333333,0.0,124.0,1.1333333333333333,0.6923333333333334
stanley_bridge,2025-04-08 00:00:00+00:00,4.21075,0.0,59.0,1.0,0.485
stanley_bridge,2025-04-08 01:00:00+00:00,4.198333333333333,0.0,51.0,1.0,-0.3796666666666667
stanley_bridge,2025-04-08 02:00:00+00:00,4.185583333333333,0.0,15.0,1.0,-1.3586666666666667
stanley_bridge,2025-04-08 03:00:00+00:00,4.175583333333333,0.0,25.0,1.0,-1.6780000000000002
stanley_bridge,2025-04-08 04:00:00+00:00,4.165666666666667,0.0,25.0,1.0,-2.222
stanley_bridge,2025-04-08 05:00:00+00:00,4.158416666666667,0.0,83.0,1.0,-1.5513333333333332
stanley_bridge,2025-04-08 06:00:00+00:00,4.151666666666666,0.0,17.0,1.0,-0.8476666666666667
stanley_bridge,2025-04-08 07:00:00+00:00,4.149333333333334,0.0,70.0,1.0,-0.41933333333333334
stanley_bridge,2025-04-08 08:00:00+00:00,4.148416666666667,0.0,81.0,1.0,-0.050666666666666665
stanley_bridge,2025-04-08 09:00:00+00:00,4.148083333333333,0.0,63.0,1.2333333333333334,0.293
stanley_bridge,2025-04-08 10:00:00+00:00,4.182333333333333,0.0,34.0,10.866666666666667,0.21933333333333332
stanley_bridge,2025-04-08 11:00:00+00:00,4.283,0.0,69.0,48.46666666666667,-0.05566666666666666
stanley_bridge,2025-04-08 12:00:00+00:00,4.305666666666666,0.0,45.0,109.0,-0.194
stanley_bridge,2025-04-08 13:00:00+00:00,4.307833333333333,0.0,100.0,210.1,0.2813333333333333
stanley_bridge,2025-04-08 14:00:00+00:00,4.307916666666666,0.0,101.0,220.86666666666667,0.9540000000000001
stanley_bridge,2025-04-08 15:00:00+00:00,4.311416666666666,0.0,93.0,334.1333333333333,1.3913333333333333
stanley_bridge,2025-04-08 16:00:00+00:00,4.3101666666666665,0.0,73.0,357.03333333333336,1.97
stanley_bridge,2025-04-08 17:00:00+00:00,4.313416666666666,0.0,65.0,378.3666666666667,2.0466666666666664
stanley_bridge,2025-04-08 18:00:00+00:00,4.31375,0.0,4.0,404.3666666666667,1.963
stanley_bridge,2025-04-08 19:00:00+00:00,4.314166666666666,0.0,37.0,300.06666666666666,1.716
stanley_bridge,2025-04-08 20:00:00+00:00,4.313833333333333,0.0,39.0,223.3,1.1836666666666666
stanley_bridge,2025-04-08 21:00:00+00:00,4.307833333333334,0.0,31.0,67.56666666666666,0.033
stanley_bridge,2025-04-08 22:00:00+00:00,4.277083333333334,0.0,22.0,11.533333333333333,-0.3463333333333333
stanley_bridge,2025-04-08 23:00:00+00:00,4.2236666666666665,0.0,37.0,1.0,-0.5766666666666667
stanley_bridge,2025-04-09 00:00:00+00:00,4.203333333333333,0.0,18.0,1.0,-0.6363333333333333
stanley_bridge,2025-04-09 01:00:00+00:00,4.18925,0.0,51.0,1.0,-0.8503333333333334
stanley_bridge,2025-04-09 02:00:00+00:00,4.178083333333333,0.0,17.0,1.0,-1.214
stanley_bridge,2025-04-09 03:00:00+00:00,4.169416666666667,0.0,18.0,1.0,-1.7476666666666667
stanley_bridge,2025-04-09 04:00:00+00:00,4.1602500000000004,0.0,11.0,1.0,-1.801
stanley_bridge,2025-04-09 05:00:00+00:00,4.154083333333333,0.0,18.0,1.0,-1.8133333333333332
stanley_bridge,2025-04-09 06:00:00+00:00,4.150083333333334,0.0,4.0,1.0,-1.6593333333333333
stanley_bridge,2025-04-09 07:00:00+00:00,4.14675,0.0,7.0,1.0,-1.5153333333333334
stanley_bridge,2025-04-09 08:00:00+00:00,4.145583333333334,0.0,340.0,1.0,-0.8096666666666666
stanley_bridge,2025-04-09 09:00:00+00:00,4.150416666666667,0.0,343.0,3.7666666666666666,-1.299
stanley_bridge,2025-04-09 10:00:00+00:00,4.263583333333333,0.0,334.0,50.6,-1.269
stanley_bridge,2025-04-09 11:00:00+00:00,4.307833333333334,0.0,316.0,166.4,-0.917
stanley_bridge,2025-04-09 12:00:00+00:00,4.30875,0.0,298.0,271.56666666666666,-0.4166666666666667
stanley_bridge,2025-04-09 13:00:00+00:00,4.304666666666667,0.8,288.0,599.4,0.29600000000000004
stanley_bridge,2025-04-09 14:00:00+00:00,4.307916666666666,0.2,272.0,576.6,1.4586666666666666
stanley_bridge,2025-04-09 15:00:00+00:00,4.307333333333333,0.0,220.0,380.8,1.9893333333333334
stanley_bridge,2025-04-09 16:00:00+00:00,4.3116666666666665,0.0,241.0,438.4230769230769,2.6853333333333333
stanley_bridge,2025-04-09 17:00:00+00:00,4.31475,0.0,230.0,321.93333333333334,3.1246666666666667
stanley_bridge,2025-04-09 18:00:00+00:00,4.312916666666666,0.0,198.0,275.58620689655174,3.518666666666667
stanley_bridge,2025-04-09 19:00:00+00:00,4.308833333333333,0.0,184.0,147.13333333333333,3.2256666666666667
stanley_bridge,2025-04-09 20:00:00+00:00,4.31375,0.0,208.0,249.3,3.990333333333333
stanley_bridge,2025-04-09 21:00:00+00:00,4.310333333333333,0.0,191.0,173.53333333333333,4.848
stanley_bridge,2025-04-09 22:00:00+00:00,4.3012500000000005,0.0,219.0,35.666666666666664,4.487333333333334
stanley_bridge,2025-04-09 23:00:00+00:00,4.2395,0.0,215.0,1.1666666666666667,2.929333333333333
stanley_bridge,2025-04-10 00:00:00+00:00,4.213416666666666,0.0,202.0,1.0,2.3306666666666667
stanley_bridge,2025-04-10 01:00:00+00:00,4.199833333333333,0.0,208.0,1.0,1.7896666666666665
stanley_bridge,2025-04-10 02:00:00+00:00,4.18875,0.0,187.0,1.0,0.9406666666666667
stanley_bridge,2025-04-10 03:00:00+00:00,4.1777500000000005,0.0,198.0,1.0,0.913
stanley_bridge,2025-04-10 04:00:00+00:00,4.169,0.0,218.0,1.0,0.6519999999999999
stanley_bridge,2025-04-10 05:00:00+00:00,4.161583333333334,0.0,223.0,1.0,0.4086666666666667
stanley_bridge,2025-04-10 06:00:00+00:00,4.155583333333333,0.0,223.0,1.0,-0.1396666666666667
stanley_bridge,2025-04-10 07:00:00+00:00,4.1514999999999995,0.0,220.0,1.0,-0.5966666666666668
stanley_bridge,2025-04-10 08:00:00+00:00,4.147833333333334,0.0,216.0,1.0,-0.7563333333333334
stanley_bridge,2025-04-10 09:00:00+00:00,4.15725,0.0,211.0,4.466666666666667,-0.9033333333333334
stanley_bridge,2025-04-10 10:00:00+00:00,4.279166666666667,0.0,216.0,77.2,-0.09100000000000001
stanley_bridge,2025-04-10 11:00:00+00:00,4.305833333333333,0.0,213.0,265.1,0.7506666666666667
stanley_bridge,2025-04-10 12:00:00+00:00,4.305833333333333,0.0,218.0,304.06666666666666,1.2523333333333333
stanley_bridge,2025-04-10 13:00:00+00:00,4.307833333333334,0.2,220.0,609.7,2.288
stanley_bridge,2025-04-10 14:00:00+00:00,4.308583333333334,0.0,220.0,731.8333333333334,3.3766666666666665
stanley_bridge,2025-04-10 15:00:00+00:00,4.305916666666667,0.0,222.0,802.5333333333333,4.067
stanley_bridge,2025-04-10 16:00:00+00:00,4.313416666666666,0.0,215.0,820.1,5.096
stanley_bridge,2025-04-10 17:00:00+00:00,4.314166666666666,0.0,216.0,784.7666666666667,6.033
stanley_bridge,2025-04-10 18:00:00+00:00,4.31325,0.0,206.0,693.3,6.6306666666666665
stanley_bridge,2025-04-10 19:00:00+00:00,4.308416666666667,0.0,212.0,559.8666666666667,6.899
stanley_bridge,2025-04-10 20:00:00+00:00,4.306,0.0,204.0,388.56666666666666,6.8533333333333335
stanley_bridge,2025-04-10 21:00:00+00:00,4.304333333333333,0.0,192.0,190.86666666666667,6.051333333333333
stanley_bridge,2025-04-10 22:00:00+00:00,4.29375,0.0,190.0,27.6,4.481333333333334
stanley_bridge,2025-04-10 23:00:00+00:00,4.2428333333333335,0.0,181.0,1.2666666666666666,3.4393333333333334
stanley_bridge,2025-04-11 00:00:00+00:00,4.218416666666667,0.0,190.0,1.0,2.771
stanley_bridge,2025-04-11 01:00:00+00:00,4.206666666666666,0.0,187.0,1.0,2.2670000000000003
stanley_bridge,2025-04-11 02:00:00+00:00,4.196666666666666,0.0,188.0,1.0,1.9323333333333332
stanley_bridge,2025-04-11 03:00:00+00:00,4.189583333333333,0.0,198.0,1.0,1.6013333333333333
stanley_bridge,2025-04-11 04:00:00+00:00,4.180666666666666,0.0,198.0,1.0,0.9226666666666666
stanley_bridge,2025-04-11 05:00:00+00:00,4.1730833333333335,0.0,181.0,1.0,0.8833333333333333
stanley_bridge,2025-04-11 06:00:00+00:00,4.1665,0.0,190.0,1.0,0.8146666666666668
stanley_bridge,2025-04-11 07:00:00+00:00,4.160166666666666,0.0,192.0,1.0,0.6003333333333333
stanley_bridge,2025-04-11 08:00:00+00:00,4.15525,0.0,190.0,1.0,0.4746666666666667
stanley_bridge,2025-04-11 09:00:00+00:00,4.164083333333333,0.0,175.0,5.266666666666667,0.19499999999999998
stanley_bridge,2025-04-11 10:00:00+00:00,4.2775,0.0,173.0,76.3,1.1063333333333332
stanley_bridge,2025-04-11 11:00:00+00:00,4.302583333333334,0.0,184.0,259.0,3.6783333333333332
stanley_bridge,2025-04-11 12:00:00+00:00,4.305166666666667,0.0,197.0,291.6666666666667,5.066999999999999
stanley_bridge,2025-04-11 13:00:00+00:00,4.304916666666666,0.0,178.0,510.93333333333334,7.414333333333333
stanley_bridge,2025-04-11 14:00:00+00:00,4.30525,0.0,190.0,715.8,7.067333333333334
stanley_bridge,2025-04-11 15:00:00+00:00,4.305833333333333,0.0,348.0,742.5,5.328
stanley_bridge,2025-04-11 16:00:00+00:00,4.307083333333334,0.0,321.0,463.73333333333335,3.9993333333333334
stanley_bridge,2025-04-11 17:00:00+00:00,4.306416666666666,0.0,337.0,350.6,3.945666666666667
stanley_bridge,2025-04-11 18:00:00+00:00,4.309583333333333,0.0,334.0,253.53333333333333,5.151333333333333
stanley_bridge,2025-04-11 19:00:00+00:00,4.307416666666667,0.0,320.0,215.56666666666666,6.508666666666667
stanley_bridge,2025-04-11 20:00:00+00:00,4.303416666666666,0.0,338.0,183.9,8.584333333333332
stanley_bridge,2025-04-11 21:00:00+00:00,4.2915,0.0,8.0,34.7,7.570666666666667
stanley_bridge,2025-04-11 22:00:00+00:00,4.285583333333333,0.0,83.0,11.3,7.360666666666666
stanley_bridge,2025-04-11 23:00:00+00:00,4.238416666666667,0.0,55.0,1.0666666666666667,5.954
stanley_bridge,2025-04-12 00:00:00+00:00,4.220166666666667,0.0,156.0,1.0,6.0649999999999995
stanley_bridge,2025-04-12 01:00:00+00:00,4.2097500000000005,0.0,143.0,1.0,5.482666666666666
stanley_bridge,2025-04-12 02:00:00+00:00,4.200916666666667,0.0,28.0,1.0,5.0023333333333335
stanley_bridge,2025-04-12 03:00:00+00:00,4.193666666666666,0.0,161.0,1.0,4.592666666666667
stanley_bridge,2025-04-12 04:00:00+00:00,4.18625,0.0,161.0,1.0,4.367
stanley_bridge,2025-04-12 05:00:00+00:00,4.178583333333333,0.0,161.0,1.0,4.022
stanley_bridge,2025-04-12 06:00:00+00:00,4.17225,0.0,161.0,1.0,3.840333333333333
stanley_bridge,2025-04-12 07:00:00+00:00,4.166916666666666,0.0,161.0,1.0,2.009333333333333
stanley_bridge,2025-04-12 08:00:00+00:00,4.160666666666667,0.0,161.0,1.0,0.2783333333333333
stanley_bridge,2025-04-12 09:00:00+00:00,4.174,0.0,161.0,5.733333333333333,-0.537
stanley_bridge,2025-04-12 10:00:00+00:00,4.287166666666667,0.0,161.0,84.3,0.9126666666666666
stanley_bridge,2025-04-12 11:00:00+00:00,4.300666666666667,0.0,168.0,237.93333333333334,5.523666666666667
stanley_bridge,2025-04-12 12:00:00+00:00,4.304166666666666,0.0,168.0,287.96666666666664,5.211333333333333
stanley_bridge,2025-04-12 13:00:00+00:00,4.305833333333333,0.0,340.0,414.3333333333333,7.62
stanley_bridge,2025-04-12 14:00:00+00:00,4.301916666666666,0.0,51.0,278.1666666666667,9.130666666666666
stanley_bridge,2025-04-12 15:00:00+00:00,4.303333333333334,0.0,15.0,233.6,7.8693333333333335
stanley_bridge,2025-04-12 16:00:00+00:00,4.309333333333333,0.0,13.0,211.9,8.039333333333333
stanley_bridge,2025-04-12 17:00:00+00:00,4.308083333333333,0.0,107.0,177.06666666666666,8.389
stanley_bridge,2025-04-12 18:00:00+00:00,4.30575,0.0,49.0,138.63333333333333,8.067333333333332
stanley_bridge,2025-04-12 19:00:00+00:00,4.3025,0.0,87.0,122.13333333333334,7.725333333333333
stanley_bridge,2025-04-12 20:00:00+00:00,4.308833333333333,0.0,77.0,91.3,6.932
stanley_bridge,2025-04-12 21:00:00+00:00,4.299083333333333,0.0,84.0,44.7,6.607333333333333
stanley_bridge,2025-04-12 22:00:00+00:00,4.274666666666667,0.0,69.0,7.3,5.899666666666667
stanley_bridge,2025-04-12 23:00:00+00:00,4.234,0.0,60.0,1.0,5.7843333333333335
stanley_bridge,2025-04-13 00:00:00+00:00,4.2195,0.0,65.0,1.0,5.673
stanley_bridge,2025-04-13 01:00:00+00:00,4.210666666666667,0.0,90.0,1.0,5.346333333333334
stanley_bridge,2025-04-13 02:00:00+00:00,4.2035,0.0,74.0,1.0,4.9286666666666665
stanley_bridge,2025-04-13 03:00:00+00:00,4.196416666666667,0.0,42.0,1.0,4.732
stanley_bridge,2025-04-13 04:00:00+00:00,4.190083333333333,0.0,49.0,1.0,4.361999999999999
stanley_bridge,2025-04-13 05:00:00+00:00,4.184,0.0,32.0,1.0,4.245666666666667
stanley_bridge,2025-04-13 06:00:00+00:00,4.17675,0.0,63.0,1.0,4.198333333333333
stanley_bridge,2025-04-13 07:00:00+00:00,4.17125,0.0,65.0,1.0,3.542666666666667
stanley_bridge,2025-04-13 08:00:00+00:00,4.166333333333333,0.0,7.0,1.0,2.990666666666667
stanley_bridge,2025-04-13 09:00:00+00:00,4.1659999999999995,0.0,35.0,2.1,3.027
stanley_bridge,2025-04-13 10:00:00+00:00,4.24725,0.0,62.0,28.433333333333334,2.5763333333333334
stanley_bridge,2025-04-13 11:00:00+00:00,4.292583333333334,0.0,62.0,55.46666666666667,2.751
stanley_bridge,2025-04-13 12:00:00+00:00,4.305083333333333,0.0,66.0,79.16666666666667,2.8753333333333333
stanley_bridge,2025-04-13 13:00:00+00:00,4.304916666666666,0.0,14.0,246.83333333333334,3.6670000000000003
stanley_bridge,2025-04-13 14:00:00+00:00,4.307166666666666,0.0,15.0,219.86666666666667,3.1943333333333332
stanley_bridge,2025-04-13 15:00:00+00:00,4.306,0.0,8.0,159.36666666666667,2.8496666666666663
stanley_bridge,2025-04-13 16:00:00+00:00,4.308666666666666,0.0,37.0,156.76666666666668,2.4123333333333337
stanley_bridge,2025-04-13 17:00:00+00:00,4.31025,0.4,15.0,105.63333333333334,1.7516666666666665
stanley_bridge,2025-04-13 18:00:00+00:00,4.308333333333333,0.0,21.0,86.5,1.573
stanley_bridge,2025-04-13 19:00:00+00:00,4.294583333333333,0.2,13.0,52.13333333333333,1.438
stanley_bridge,2025-04-13 20:00:00+00:00,4.300166666666667,0.0,22.0,42.06666666666667,1.296
stanley_bridge,2025-04-13 21:00:00+00:00,4.292833333333333,0.2,32.0,23.1,1.2996666666666667
stanley_bridge,2025-04-13 22:00:00+00:00,4.2725,0.2,22.0,7.166666666666667,1.3610000000000002
stanley_bridge,2025-04-13 23:00:00+00:00,4.222583333333334,0.0,29.0,1.0,1.3760000000000001
stanley_bridge,2025-04-14 00:00:00+00:00,4.2043333333333335,0.4,31.0,1.0,1.428
stanley_bridge,2025-04-14 01:00:00+00:00,4.1930000000000005,0.2,24.0,1.0,1.5023333333333333
stanley_bridge,2025-04-14 02:00:00+00:00,4.183333333333334,0.2,8.0,1.0,1.5026666666666666
stanley_bridge,2025-04-14 03:00:00+00:00,4.175666666666666,0.0,10.0,1.0,1.4340000000000002
stanley_bridge,2025-04-14 04:00:00+00:00,4.168333333333333,0.2,22.0,1.0,1.4616666666666667
stanley_bridge,2025-04-14 05:00:00+00:00,4.1625000000000005,0.2,13.0,1.0,1.5056666666666667
stanley_bridge,2025-04-14 06:00:00+00:00,4.158416666666667,0.2,14.0,1.0,1.5013333333333334
stanley_bridge,2025-04-14 07:00:00+00:00,4.156166666666667,0.0,8.0,1.0,1.517
stanley_bridge,2025-04-14 08:00:00+00:00,4.15425,0.2,11.0,1.0,1.588
stanley_bridge,2025-04-14 09:00:00+00:00,4.160166666666666,0.0,350.0,3.066666666666667,1.614
stanley_bridge,2025-04-14 10:00:00+00:00,4.225666666666666,0.4,341.0,18.6,1.5246666666666668
stanley_bridge,2025-04-14 11:00:00+00:00,4.296333333333333,0.2,343.0,53.666666666666664,1.597
stanley_bridge,2025-04-14 12:00:00+00:00,4.304333333333333,0.4,336.0,95.26666666666667,1.562
stanley_bridge,2025-04-14 13:00:00+00:00,4.304583333333333,0.2,340.0,167.9,1.5599999999999998
stanley_bridge,2025-04-14 14:00:00+00:00,4.30875,0.2,336.0,219.93333333333334,1.6026666666666667
stanley_bridge,2025-04-14 15:00:00+00:00,4.307083333333333,0.0,350.0,211.43333333333334,1.6386666666666665
stanley_bridge,2025-04-14 16:00:00+00:00,4.308583333333334,0.0,327.0,207.06666666666666,1.7650000000000001
stanley_bridge,2025-04-14 17:00:00+00:00,4.309666666666667,0.0,341.0,171.06666666666666,1.7836666666666665
stanley_bridge,2025-04-14 18:00:00+00:00,4.308916666666667,0.0,337.0,130.0,1.707
stanley_bridge,2025-04-14 19:00:00+00:00,4.3084999999999996,0.0,331.0,115.76666666666667,1.6756666666666666
stanley_bridge,2025-04-14 20:00:00+00:00,4.304916666666666,0.0,323.0,74.26666666666667,1.7403333333333333
stanley_bridge,2025-04-14 21:00:00+00:00,4.2980833333333335,0.0,324.0,38.3,1.957
stanley_bridge,2025-04-14 22:00:00+00:00,4.2695,0.0,327.0,5.366666666666666,2.0736666666666665
stanley_bridge,2025-04-14 23:00:00+00:00,4.222833333333333,0.0,329.0,1.0,2.2030000000000003
stanley_bridge,2025-04-15 00:00:00+00:00,4.204416666666667,0.0,321.0,1.0,2.197666666666667
stanley_bridge,2025-04-15 01:00:00+00:00,4.191583333333333,0.0,307.0,1.0,2.589
stanley_bridge,2025-04-15 02:00:00+00:00,4.182166666666666,0.0,317.0,1.0,3.0883333333333334
stanley_bridge,2025-04-15 03:00:00+00:00,4.172916666666667,0.0,307.0,1.0,3.3363333333333336
stanley_bridge,2025-04-15 04:00:00+00:00,4.1667499999999995,0.0,305.0,1.0,3.6606666666666667
stanley_bridge,2025-04-15 05:00:00+00:00,4.16275,0.0,314.0,1.0,3.916
stanley_bridge,2025-04-15 06:00:00+00:00,4.1585833333333335,0.0,289.0,1.0,3.927333333333333
stanley_bridge,2025-04-15 07:00:00+00:00,4.15675,0.0,258.0,1.0,3.4803333333333333
stanley_bridge,2025-04-15 08:00:00+00:00,4.155833333333333,0.0,260.0,1.0,3.701
stanley_bridge,2025-04-15 09:00:00+00:00,4.173333333333333,0.0,279.0,7.566666666666666,3.703333333333333
stanley_bridge,2025-04-15 10:00:00+00:00,4.285416666666666,0.0,263.0,91.8,3.9613333333333336
stanley_bridge,2025-04-15 11:00:00+00:00,4.30025,0.0,270.0,268.73333333333335,5.511666666666667
stanley_bridge,2025-04-15 12:00:00+00:00,4.303583333333333,0.0,298.0,306.3333333333333,6.2090000000000005
stanley_bridge,2025-04-15 13:00:00+00:00,4.30675,0.0,326.0,500.96666666666664,5.833333333333333
stanley_bridge,2025-04-15 14:00:00+00:00,4.308416666666667,0.0,345.0,725.3666666666667,6.479333333333333
stanley_bridge,2025-04-15 15:00:00+00:00,4.309833333333333,0.0,358.0,800.2666666666667,6.178
stanley_bridge,2025-04-15 16:00:00+00:00,4.3094166666666665,0.0,352.0,819.7666666666667,6.112333333333334
stanley_bridge,2025-04-15 17:00:00+00:00,4.309833333333333,0.0,354.0,782.7666666666667,6.361666666666666
stanley_bridge,2025-04-15 18:00:00+00:00,4.30975,0.2,13.0,362.5,7.364999999999999
stanley_bridge,2025-04-15 19:00:00+00:00,4.30675,0.0,27.0,310.26666666666665,7.690333333333333
stanley_bridge,2025-04-15 20:00:00+00:00,4.3069999999999995,0.0,98.0,352.5,8.238333333333333
stanley_bridge,2025-04-15 21:00:00+00:00,4.31,0.0,73.0,144.03333333333333,6.970666666666667
stanley_bridge,2025-04-15 22:00:00+00:00,4.298666666666667,0.0,90.0,44.733333333333334,5.522666666666667
stanley_bridge,2025-04-15 23:00:00+00:00,4.24775,0.0,79.0,1.5,4.741
stanley_bridge,2025-04-16 00:00:00+00:00,4.2245,0.0,107.0,1.0,5.262666666666666
stanley_bridge,2025-04-16 01:00:00+00:00,4.214083333333333,0.0,81.0,1.0,5.314666666666667
stanley_bridge,2025-04-16 02:00:00+00:00,4.206916666666667,0.0,98.0,1.0,5.799666666666667
stanley_bridge,2025-04-16 03:00:00+00:00,4.2011666666666665,0.6000000000000001,91.0,1.0,5.459333333333333
stanley_bridge,2025-04-16 04:00:00+00:00,4.195583333333333,2.4000000000000004,117.0,1.0,5.0456666666666665
stanley_bridge,2025-04-16 05:00:00+00:00,4.189583333333333,0.2,110.0,1.0,5.232
stanley_bridge,2025-04-16 06:00:00+00:00,4.184166666666667,0.0,104.0,1.0,5.644666666666667
stanley_bridge,2025-04-16 07:00:00+00:00,4.178083333333333,0.2,105.0,1.0,6.162000000000001
stanley_bridge,2025-04-16 08:00:00+00:00,4.172666666666667,1.4000000000000001,126.0,1.0,7.222333333333333
stanley_bridge,2025-04-16 09:00:00+00:00,4.1745833333333335,0.0,163.0,3.066666666666667,7.641333333333334
stanley_bridge,2025-04-16 10:00:00+00:00,4.269,0.0,194.0,47.2,7.2219999999999995
stanley_bridge,2025-04-16 11:00:00+00:00,4.30525,0.0,202.0,139.3,7.679333333333333
stanley_bridge,2025-04-16 12:00:00+00:00,4.307416666666667,0.0,205.0,250.8,8.244
stanley_bridge,2025-04-16 13:00:00+00:00,4.308083333333333,0.0,216.0,599.4333333333333,9.18
stanley_bridge,2025-04-16 14:00:00+00:00,4.306916666666667,0.0,213.0,638.5,10.369333333333334
stanley_bridge,2025-04-16 15:00:00+00:00,4.310333333333333,0.0,206.0,813.5,11.562999999999999
stanley_bridge,2025-04-16 16:00:00+00:00,4.31025,0.0,199.0,837.3666666666667,12.345
stanley_bridge,2025-04-16 17:00:00+00:00,4.305583333333334,0.0,188.0,694.4642857142857,13.102333333333332
stanley_bridge,2025-04-16 18:00:00+00:00,4.304,0.0,209.0,340.03333333333336,12.247000000000002
stanley_bridge,2025-04-16 19:00:00+00:00,4.306666666666667,0.0,198.0,134.56666666666666,10.663
stanley_bridge,2025-04-16 20:00:00+00:00,4.292083333333333,0.0,194.0,39.166666666666664,9.145333333333333
stanley_bridge,2025-04-16 21:00:00+00:00,4.2915833333333335,0.0,195.0,25.766666666666666,8.265666666666666
stanley_bridge,2025-04-16 22:00:00+00:00,4.282666666666667,0.0,192.0,14.366666666666667,7.245666666666667
stanley_bridge,2025-04-16 23:00:00+00:00,4.2387500000000005,0.6000000000000001,204.0,1.1,6.082333333333334
stanley_bridge,2025-04-17 00:00:00+00:00,4.222333333333333,0.0,191.0,1.0,5.886
stanley_bridge,2025-04-17 01:00:00+00:00,4.212916666666667,0.0,198.0,1.0,5.750333333333333
stanley_bridge,2025-04-17 02:00:00+00:00,4.207083333333333,0.0,205.0,1.0,5.768
stanley_bridge,2025-04-17 03:00:00+00:00,4.20175,0.0,213.0,1.0,5.466333333333334
stanley_bridge,2025-04-17 04:00:00+00:00,4.197,0.2,234.0,1.0,4.7523333333333335
stanley_bridge,2025-04-17 05:00:00+00:00,4.192666666666667,0.0,212.0,1.0,4.180666666666666
stanley_bridge,2025-04-17 06:00:00+00:00,4.1875,0.0,215.0,1.0,4.0
stanley_bridge,2025-04-17 07:00:00+00:00,4.182333333333333,0.0,209.0,1.0,3.662
stanley_bridge,2025-04-17 08:00:00+00:00,4.177333333333333,0.0,205.0,1.0,3.6126666666666667
stanley_bridge,2025-04-17 09:00:00+00:00,4.190416666666667,0.0,206.0,7.866666666666666,3.4773333333333336
stanley_bridge,2025-04-17 10:00:00+00:00,4.295083333333333,0.0,206.0,70.5,3.5656666666666665
stanley_bridge,2025-04-17 11:00:00+00:00,4.307333333333333,0.0,206.0,192.4,4.364333333333334
stanley_bridge,2025-04-17 12:00:00+00:00,4.3077499999999995,0.0,222.0,345.96666666666664,5.861666666666666
stanley_bridge,2025-04-17 13:00:00+00:00,4.308416666666667,0.0,218.0,496.23333333333335,6.708
stanley_bridge,2025-04-17 14:00:00+00:00,4.305499999999999,0.0,254.0,542.4666666666667,7.555000000000001
stanley_bridge,2025-04-17 15:00:00+00:00,4.31,0.0,241.0,404.06666666666666,7.6113333333333335
stanley_bridge,2025-04-17 16:00:00+00:00,4.309666666666667,0.0,253.0,301.7,7.857666666666666
stanley_bridge,2025-04-17 17:00:00+00:00,4.309583333333333,0.0,241.0,442.1,8.386666666666667
stanley_bridge,2025-04-17 18:00:00+00:00,4.3105,0.0,254.0,552.7857142857143,8.712666666666667
stanley_bridge,2025-04-17 19:00:00+00:00,4.308833333333333,0.0,244.0,538.1666666666666,8.296333333333333
stanley_bridge,2025-04-17 20:00:00+00:00,4.30375,0.0,257.0,215.7,7.115666666666667
stanley_bridge,2025-04-17 21:00:00+00:00,4.3035000000000005,0.0,244.0,60.7,6.732
stanley_bridge,2025-04-17 22:00:00+00:00,4.2869166666666665,0.0,248.0,15.666666666666666,6.243333333333334
stanley_bridge,2025-04-17 23:00:00+00:00,4.241583333333334,0.0,246.0,1.1,5.678666666666667
stanley_bridge,2025-04-18 00:00:00+00:00,4.223833333333333,0.0,234.0,1.0,5.480333333333333
stanley_bridge,2025-04-18 01:00:00+00:00,4.21375,0.0,218.0,1.0,5.155666666666666
stanley_bridge,2025-04-18 02:00:00+00:00,4.2065,0.0,225.0,1.0,4.938666666666666
stanley_bridge,2025-04-18 03:00:00+00:00,4.200666666666667,0.0,248.0,1.0,4.118666666666667
stanley_bridge,2025-04-18 04:00:00+00:00,4.193833333333333,0.0,300.0,1.0,3.4773333333333336
stanley_bridge,2025-04-18 05:00:00+00:00,4.187666666666666,0.0,261.0,1.0,3.3673333333333333
stanley_bridge,2025-04-18 06:00:00+00:00,4.1815,0.0,260.0,1.0,2.4686666666666666
stanley_bridge,2025-04-18 07:00:00+00:00,4.174833333333333,0.0,250.0,1.0,1.9609999999999999
stanley_bridge,2025-04-18 08:00:00+00:00,4.170083333333333,0.0,251.0,1.0,1.7516666666666665
stanley_bridge,2025-04-18 09:00:00+00:00,4.19475,0.0,260.0,7.566666666666666,1.7186666666666668
stanley_bridge,2025-04-18 10:00:00+00:00,4.2909999999999995,0.0,257.0,103.06666666666666,2.2849999999999997
stanley_bridge,2025-04-18 11:00:00+00:00,4.29825,0.0,258.0,300.43333333333334,2.8606666666666665
stanley_bridge,2025-04-18 12:00:00+00:00,4.30875,0.0,274.0,345.8,3.31
stanley_bridge,2025-04-18 13:00:00+00:00,4.3065,0.0,248.0,606.5666666666667,4.051
stanley_bridge,2025-04-18 14:00:00+00:00,4.308583333333333,0.0,271.0,749.9333333333333,5.021
stanley_bridge,2025-04-18 15:00:00+00:00,4.3084999999999996,0.0,246.0,825.0333333333333,6.179333333333333
stanley_bridge,2025-04-18 16:00:00+00:00,4.308833333333333,0.0,208.0,840.4,7.338333333333334
stanley_bridge,2025-04-18 17:00:00+00:00,4.31075,0.0,216.0,787.6,8.934
stanley_bridge,2025-04-18 18:00:00+00:00,4.310333333333333,0.0,247.0,604.9666666666667,10.398
stanley_bridge,2025-04-18 19:00:00+00:00,4.30375,0.0,257.0,411.73333333333335,11.625666666666666
stanley_bridge,2025-04-18 20:00:00+00:00,4.306916666666667,0.0,219.0,261.06666666666666,12.132
stanley_bridge,2025-04-18 21:00:00+00:00,4.305416666666667,0.0,216.0,188.33333333333334,11.595
stanley_bridge,2025-04-18 22:00:00+00:00,4.29925,0.0,168.0,42.93333333333333,9.56
stanley_bridge,2025-04-18 23:00:00+00:00,4.251666666666667,0.0,197.0,1.4,7.275666666666667
stanley_bridge,2025-04-19 00:00:00+00:00,4.2275833333333335,0.0,202.0,1.0,6.379333333333333
stanley_bridge,2025-04-19 01:00:00+00:00,4.2175,0.0,194.0,1.0,6.45
stanley_bridge,2025-04-19 02:00:00+00:00,4.2090000000000005,0.0,194.0,1.0,6.587666666666666
stanley_bridge,2025-04-19 03:00:00+00:00,4.203333333333333,0.0,163.0,1.0,6.330666666666667
stanley_bridge,2025-04-19 04:00:00+00:00,4.197416666666666,0.0,159.0,1.0,5.984333333333334
stanley_bridge,2025-04-19 05:00:00+00:00,4.19075,0.0,166.0,1.0,6.199
stanley_bridge,2025-04-19 06:00:00+00:00,4.186166666666667,0.0,190.0,1.0,5.985
stanley_bridge,2025-04-19 07:00:00+00:00,4.181,0.0,166.0,1.0,4.872333333333333
stanley_bridge,2025-04-19 08:00:00+00:00,4.174833333333333,0.0,154.0,1.0,4.7026666666666666
stanley_bridge,2025-04-19 09:00:00+00:00,4.209416666666667,0.0,167.0,13.066666666666666,4.9783333333333335
stanley_bridge,2025-04-19 10:00:00+00:00,4.296833333333333,0.0,149.0,73.03333333333333,5.6546666666666665
stanley_bridge,2025-04-19 11:00:00+00:00,4.306,0.0,143.0,201.93333333333334,7.527
stanley_bridge,2025-04-19 12:00:00+00:00,4.304916666666666,0.0,159.0,173.03333333333333,8.264000000000001
stanley_bridge,2025-04-19 13:00:00+00:00,4.30975,0.0,170.0,108.43333333333334,8.241333333333333
stanley_bridge,2025-04-19 14:00:00+00:00,4.299,0.0,157.0,56.5,8.299666666666667
stanley_bridge,2025-04-19 15:00:00+00:00,4.301333333333333,0.0,168.0,106.8,9.076666666666666
stanley_bridge,2025-04-19 16:00:00+00:00,4.309,0.0,177.0,186.43333333333334,9.967333333333332
stanley_bridge,2025-04-19 17:00:00+00:00,4.3055,0.0,171.0,76.1,9.777333333333333
stanley_bridge,2025-04-19 18:00:00+00:00,4.303333333333334,0.2,159.0,63.86666666666667,9.223333333333333
stanley_bridge,2025-04-19 19:00:00+00:00,4.30075,0.0,159.0,79.7,9.895000000000001
stanley_bridge,2025-04-19 20:00:00+00:00,4.303083333333333,0.0,173.0,122.6,10.931999999999999
stanley_bridge,2025-04-19 21:00:00+00:00,4.297166666666667,0.0,168.0,43.9,10.735000000000001
stanley_bridge,2025-04-19 22:00:00+00:00,4.285666666666667,0.0,181.0,11.7,10.598333333333333
stanley_bridge,2025-04-19 23:00:00+00:00,4.2435833333333335,0.0,194.0,1.0333333333333334,9.906333333333333
stanley_bridge,2025-04-20 00:00:00+00:00,4.226500000000001,0.0,195.0,1.0,9.828333333333335
stanley_bridge,2025-04-20 01:00:00+00:00,4.216833333333333,0.0,188.0,1.0,9.912333333333333
stanley_bridge,2025-04-20 02:00:00+00:00,4.210249999999999,0.0,192.0,1.0,9.767
stanley_bridge,2025-04-20 03:00:00+00:00,4.204666666666667,0.0,184.0,1.0,9.608
stanley_bridge,2025-04-20 04:00:00+00:00,4.199416666666667,0.0,192.0,1.0,9.637333333333334
stanley_bridge,2025-04-20 05:00:00+00:00,4.193666666666666,0.0,190.0,1.0,9.312333333333333
stanley_bridge,2025-04-20 06:00:00+00:00,4.189166666666666,0.0,194.0,1.0,9.334333333333332
stanley_bridge,2025-04-20 07:00:00+00:00,4.18425,0.0,177.0,1.0,9.299000000000001
stanley_bridge,2025-04-20 08:00:00+00:00,4.1803333333333335,0.0,159.0,1.0,9.206
stanley_bridge,2025-04-20 09:00:00+00:00,4.185083333333334,0.0,166.0,3.9,9.360333333333333
stanley_bridge,2025-04-20 10:00:00+00:00,4.265583333333333,0.0,188.0,38.5,10.110666666666667
stanley_bridge,2025-04-20 11:00:00+00:00,4.295083333333333,0.0,213.0,46.766666666666666,10.776666666666667
stanley_bridge,2025-04-20 12:00:00+00:00,4.301083333333334,1.6,209.0,59.56666666666667,8.891333333333334
stanley_bridge,2025-04-20 13:00:00+00:00,4.306333333333334,0.2,284.0,169.36666666666667,7.971666666666667
stanley_bridge,2025-04-20 14:00:00+00:00,4.306333333333334,0.0,285.0,539.4137931034483,7.746333333333334
stanley_bridge,2025-04-20 15:00:00+00:00,4.308666666666666,0.0,277.0,278.7,7.153666666666667
stanley_bridge,2025-04-20 16:00:00+00:00,4.309166666666667,0.0,261.0,432.5925925925926,7.275
stanley_bridge,2025-04-20 17:00:00+00:00,4.310416666666667,0.0,277.0,462.0,7.195666666666667
stanley_bridge,2025-04-20 18:00:00+00:00,4.303833333333333,0.0,275.0,339.5,6.848666666666667
stanley_bridge,2025-04-20 19:00:00+00:00,4.30075,0.0,277.0,336.2,6.878333333333333
stanley_bridge,2025-04-20 20:00:00+00:00,4.3065,0.0,253.0,275.76666666666665,6.894333333333334
stanley_bridge,2025-04-20 21:00:00+00:00,4.2995833333333335,0.0,274.0,80.83333333333333,6.606
stanley_bridge,2025-04-20 22:00:00+00:00,4.278333333333333,0.0,278.0,9.4,6.606333333333334
stanley_bridge,2025-04-20 23:00:00+00:00,4.234166666666667,0.0,285.0,1.0,6.263999999999999
stanley_bridge,2025-04-21 00:00:00+00:00,4.2195,0.0,291.0,1.0,6.040666666666667
stanley_bridge,2025-04-21 01:00:00+00:00,4.210249999999999,0.0,286.0,1.0,5.9703333333333335
stanley_bridge,2025-04-21 02:00:00+00:00,4.203833333333333,0.0,291.0,1.0,5.791333333333333
stanley_bridge,2025-04-21 03:00:00+00:00,4.197333333333334,0.0,300.0,1.0,5.480333333333333
stanley_bridge,2025-04-21 04:00:00+00:00,4.190666666666666,0.0,309.0,1.0,5.430000000000001
stanley_bridge,2025-04-21 05:00:00+00:00,4.18525,0.0,306.0,1.0,5.288
stanley_bridge,2025-04-21 06:00:00+00:00,4.179166666666667,0.0,296.0,1.0,4.968
stanley_bridge,2025-04-21 07:00:00+00:00,4.173916666666667,0.0,302.0,1.0,4.515
stanley_bridge,2025-04-21 08:00:00+00:00,4.170166666666667,0.0,309.0,1.0,4.167
stanley_bridge,2025-04-21 09:00:00+00:00,4.209083333333333,0.0,302.0,9.833333333333334,4.025
stanley_bridge,2025-04-21 10:00:00+00:00,4.291,0.0,296.0,93.43333333333334,4.316666666666666
stanley_bridge,2025-04-21 11:00:00+00:00,4.302833333333333,0.0,291.0,226.06666666666666,4.842
stanley_bridge,2025-04-21 12:00:00+00:00,4.306416666666666,0.0,303.0,303.26666666666665,5.182666666666666
stanley_bridge,2025-04-21 13:00:00+00:00,4.307833333333334,0.0,306.0,653.5,5.568666666666667
stanley_bridge,2025-04-21 14:00:00+00:00,4.30975,0.0,302.0,776.3333333333334,5.908666666666666
stanley_bridge,2025-04-21 15:00:00+00:00,4.302833333333333,0.0,319.0,813.7,6.229
stanley_bridge,2025-04-21 16:00:00+00:00,4.309166666666667,0.0,313.0,840.4333333333333,6.417333333333334
stanley_bridge,2025-04-21 17:00:00+00:00,4.310333333333333,0.0,313.0,818.8,6.6466666666666665
stanley_bridge,2025-04-21 18:00:00+00:00,4.3015,0.0,329.0,727.4666666666667,6.720666666666667
stanley_bridge,2025-04-21 19:00:00+00:00,4.304083333333334,0.0,329.0,594.2666666666667,6.018666666666666
stanley_bridge,2025-04-21 20:00:00+00:00,4.300916666666667,0.0,347.0,429.3,6.024666666666667
stanley_bridge,2025-04-21 21:00:00+00:00,4.3,0.0,340.0,246.73333333333332,6.473666666666667
stanley_bridge,2025-04-21 22:00:00+00:00,4.3060833333333335,0.0,344.0,78.23333333333333,6.577
stanley_bridge,2025-04-21 23:00:00+00:00,4.255833333333333,0.0,337.0,2.066666666666667,4.378666666666666
stanley_bridge,2025-04-22 00:00:00+00:00,4.225416666666667,0.0,306.0,1.0,2.866333333333333
stanley_bridge,2025-04-22 01:00:00+00:00,4.21125,0.0,188.0,1.0,2.414333333333333
stanley_bridge,2025-04-22 02:00:00+00:00,4.201666666666667,0.0,171.0,1.0,1.49
stanley_bridge,2025-04-22 03:00:00+00:00,4.1939166666666665,0.0,171.0,1.0,1.2493333333333332
stanley_bridge,2025-04-22 04:00:00+00:00,4.186,0.0,167.0,1.0,1.5286666666666666
stanley_bridge,2025-04-22 05:00:00+00:00,4.178333333333334,0.0,152.0,1.0,1.714
stanley_bridge,2025-04-22 06:00:00+00:00,4.172833333333333,0.0,171.0,1.0,1.845
stanley_bridge,2025-04-22 07:00:00+00:00,4.1685,0.0,160.0,1.0,1.7636666666666665
stanley_bridge,2025-04-22 08:00:00+00:00,4.163833333333334,0.0,157.0,1.0,1.131
stanley_bridge,2025-04-22 09:00:00+00:00,4.19975,0.0,160.0,12.633333333333333,1.252
stanley_bridge,2025-04-22 10:00:00+00:00,4.289166666666667,0.0,159.0,41.6,2.4736666666666665
stanley_bridge,2025-04-22 11:00:00+00:00,4.303333333333334,0.0,177.0,106.3,4.224
stanley_bridge,2025-04-22 12:00:00+00:00,4.305,0.0,184.0,167.53333333333333,6.5969999999999995
stanley_bridge,2025-04-22 13:00:00+00:00,4.307916666666666,0.0,102.0,136.5,7.265
stanley_bridge,2025-04-22 14:00:00+00:00,4.3094166666666665,0.0,128.0,159.43333333333334,7.322
stanley_bridge,2025-04-22 15:00:00+00:00,4.308916666666667,0.0,166.0,238.93333333333334,7.743333333333334
stanley_bridge,2025-04-22 16:00:00+00:00,4.310416666666667,0.0,124.0,240.46666666666667,8.043666666666667
stanley_bridge,2025-04-22 17:00:00+00:00,4.309583333333333,0.0,102.0,360.1,9.714
stanley_bridge,2025-04-22 18:00:00+00:00,4.304666666666667,0.0,117.0,234.23333333333332,9.412
stanley_bridge,2025-04-22 19:00:00+00:00,4.3062499999999995,0.0,171.0,152.13333333333333,8.318666666666667
stanley_bridge,2025-04-22 20:00:00+00:00,4.3053333333333335,0.0,119.0,77.7,7.090333333333334
stanley_bridge,2025-04-22 21:00:00+00:00,4.2965,0.0,117.0,41.43333333333333,6.374666666666667
stanley_bridge,2025-04-22 22:00:00+00:00,4.285583333333333,0.2,112.0,11.566666666666666,5.659000000000001
stanley_bridge,2025-04-22 23:00:00+00:00,4.239166666666667,0.0,132.0,1.0666666666666667,5.1386666666666665
stanley_bridge,2025-04-23 00:00:00+00:00,4.220583333333333,0.0,119.0,1.0,4.994666666666666
stanley_bridge,2025-04-23 01:00:00+00:00,4.210666666666667,0.0,118.0,1.0,4.524666666666667
stanley_bridge,2025-04-23 02:00:00+00:00,4.202166666666667,0.2,111.0,1.0,4.361
stanley_bridge,2025-04-23 03:00:00+00:00,4.195166666666666,0.0,119.0,1.0,4.372333333333333
stanley_bridge,2025-04-23 04:00:00+00:00,4.1885,0.0,122.0,1.0,4.474333333333333
stanley_bridge,2025-04-23 05:00:00+00:00,4.1815,0.2,119.0,1.0,4.522666666666667
stanley_bridge,2025-04-23 06:00:00+00:00,4.176166666666666,0.0,135.0,1.0,4.659000000000001
stanley_bridge,2025-04-23 07:00:00+00:00,4.171833333333333,0.0,160.0,1.0,4.877666666666667
stanley_bridge,2025-04-23 08:00:00+00:00,4.168666666666667,0.0,157.0,1.0,5.015666666666666
stanley_bridge,2025-04-23 09:00:00+00:00,4.1851666666666665,0.0,149.0,7.2,5.910333333333333
stanley_bridge,2025-04-23 10:00:00+00:00,4.281416666666667,0.0,139.0,47.06666666666667,6.967666666666667
stanley_bridge,2025-04-23 11:00:00+00:00,4.297416666666667,0.2,187.0,79.6,7.850333333333333
stanley_bridge,2025-04-23 12:00:00+00:00,4.29975,0.0,194.0,84.76666666666667,8.192666666666666
stanley_bridge,2025-04-23 13:00:00+00:00,4.30725,0.0,202.0,156.16666666666666,9.430333333333333
stanley_bridge,2025-04-23 14:00:00+00:00,4.309083333333333,0.0,219.0,279.73333333333335,10.163666666666668
stanley_bridge,2025-04-23 15:00:00+00:00,4.309333333333333,0.0,209.0,252.06666666666666,10.995666666666667
stanley_bridge,2025-04-23 16:00:00+00:00,4.30975,0.0,225.0,275.46666666666664,11.951666666666666
stanley_bridge,2025-04-23 17:00:00+00:00,4.3075,0.0,237.0,315.76666666666665,12.917
stanley_bridge,2025-04-23 18:00:00+00:00,4.3075,0.0,254.0,235.4,13.133000000000001
stanley_bridge,2025-04-23 19:00:00+00:00,4.30425,0.0,277.0,375.6,11.782
stanley_bridge,2025-04-23 20:00:00+00:00,4.303416666666666,0.0,358.0,228.56666666666666,9.878666666666668
stanley_bridge,2025-04-23 21:00:00+00:00,4.3005,0.0,347.0,60.1,8.265666666666666
stanley_bridge,2025-04-23 22:00:00+00:00,4.293166666666667,0.0,341.0,20.033333333333335,8.584
stanley_bridge,2025-04-23 23:00:00+00:00,4.2484166666666665,0.0,337.0,1.7666666666666666,8.918333333333333
stanley_bridge,2025-04-24 00:00:00+00:00,4.223916666666667,0.0,333.0,1.0,8.925666666666666
stanley_bridge,2025-04-24 01:00:00+00:00,4.212416666666667,0.0,307.0,1.0,8.583666666666666
stanley_bridge,2025-04-24 02:00:00+00:00,4.202916666666667,0.0,302.0,1.0,8.351333333333333
stanley_bridge,2025-04-24 03:00:00+00:00,4.19575,0.0,289.0,1.0,8.550333333333333
stanley_bridge,2025-04-24 04:00:00+00:00,4.188,0.0,244.0,1.0,8.812999999999999
stanley_bridge,2025-04-24 05:00:00+00:00,4.1827499999999995,0.0,306.0,1.0,8.990333333333332
stanley_bridge,2025-04-24 06:00:00+00:00,4.1755,0.0,312.0,1.0,10.650333333333332
stanley_bridge,2025-04-24 07:00:00+00:00,4.169416666666667,0.0,324.0,1.0,12.401000000000002
stanley_bridge,2025-04-24 08:00:00+00:00,4.164666666666666,0.0,327.0,1.0,12.151
stanley_bridge,2025-04-24 09:00:00+00:00,4.1851666666666665,0.0,316.0,8.033333333333333,12.317666666666666
stanley_bridge,2025-04-24 10:00:00+00:00,4.29525,0.0,321.0,55.166666666666664,12.193000000000001
stanley_bridge,2025-04-24 11:00:00+00:00,4.301833333333334,0.0,329.0,147.43333333333334,12.939666666666666
stanley_bridge,2025-04-24 12:00:00+00:00,4.306333333333334,0.0,343.0,250.7,18.028000000000002
stanley_bridge,2025-04-24 13:00:00+00:00,4.3062499999999995,0.0,331.0,368.0,21.373333333333335
stanley_bridge,2025-04-24 14:00:00+00:00,4.305666666666666,0.0,340.0,301.43333333333334,24.932000000000002
stanley_bridge,2025-04-24 15:00:00+00:00,4.305916666666667,0.0,327.0,314.6,26.422666666666668
stanley_bridge,2025-04-24 16:00:00+00:00,4.3029166666666665,0.0,329.0,447.6,28.247333333333334
stanley_bridge,2025-04-24 17:00:00+00:00,4.303916666666667,0.0,351.0,551.3333333333334,29.048333333333336
stanley_bridge,2025-04-24 18:00:00+00:00,4.301333333333333,0.0,350.0,728.4,29.738333333333333
stanley_bridge,2025-04-24 19:00:00+00:00,4.3036666666666665,0.0,355.0,565.8333333333334,30.182000000000002
stanley_bridge,2025-04-24 20:00:00+00:00,4.301833333333334,0.0,352.0,435.06666666666666,31.72533333333333
stanley_bridge,2025-04-24 21:00:00+00:00,4.299916666666666,0.0,3.0,163.1,31.197999999999997
stanley_bridge,2025-04-24 22:00:00+00:00,4.29675,0.0,358.0,25.266666666666666,30.211000000000002
stanley_bridge,2025-04-24 23:00:00+00:00,4.253166666666666,0.0,22.0,2.6666666666666665,29.259999999999998
stanley_bridge,2025-04-25 00:00:00+00:00,4.214833333333334,0.0,327.0,1.0,27.699
stanley_bridge,2025-04-25 01:00:00+00:00,4.202583333333333,0.0,147.0,1.0,26.419333333333334
stanley_bridge,2025-04-25 02:00:00+00:00,4.1818333333333335,0.0,163.0,1.0,27.555
stanley_bridge,2025-04-25 03:00:00+00:00,4.175,0.0,149.0,1.0,27.594
stanley_bridge,2025-04-25 04:00:00+00:00,4.161666666666666,0.0,149.0,1.0,27.57766666666667
stanley_bridge,2025-04-25 05:00:00+00:00,4.1255,0.0,149.0,1.0,26.896
stanley_bridge,2025-04-25 06:00:00+00:00,4.130833333333333,0.0,149.0,1.0,26.756333333333334
stanley_bridge,2025-04-25 07:00:00+00:00,4.12625,0.0,149.0,1.0,26.895
stanley_bridge,2025-04-25 08:00:00+00:00,4.119666666666666,0.0,133.0,1.0,28.052333333333333
stanley_bridge,2025-04-25 09:00:00+00:00,4.1385000000000005,0.0,142.0,6.566666666666666,28.43
stanley_bridge,2025-04-25 10:00:00+00:00,4.228666666666666,0.0,115.0,25.733333333333334,28.227
stanley_bridge,2025-04-25 11:00:00+00:00,4.287416666666666,0.0,149.0,57.0,28.757333333333335
stanley_bridge,2025-04-25 12:00:00+00:00,4.288333333333333,1.0,167.0,69.13333333333334,28.915333333333333
stanley_bridge,2025-04-25 13:00:00+00:00,4.298333333333333,1.2000000000000002,156.0,67.96666666666667,28.374333333333333
stanley_bridge,2025-04-25 14:00:00+00:00,4.297833333333333,0.4,152.0,104.8,27.953
stanley_bridge,2025-04-25 15:00:00+00:00,4.29925,0.0,166.0,357.73333333333335,29.09733333333333
stanley_bridge,2025-04-25 16:00:00+00:00,4.29625,0.0,167.0,446.73333333333335,29.927666666666667
stanley_bridge,2025-04-25 17:00:00+00:00,4.303999999999999,0.0,168.0,133.93333333333334,29.726333333333333
stanley_bridge,2025-04-25 18:00:00+00:00,4.298166666666666,0.0,175.0,100.8,29.80933333333333
stanley_bridge,2025-04-25 19:00:00+00:00,4.29675,0.0,198.0,153.36666666666667,29.801
stanley_bridge,2025-04-25 20:00:00+00:00,4.298583333333333,0.0,350.0,123.16666666666667,28.112333333333332
stanley_bridge,2025-04-25 21:00:00+00:00,4.2956666666666665,0.0,348.0,63.86666666666667,27.894
stanley_bridge,2025-04-25 22:00:00+00:00,4.287166666666667,0.0,341.0,31.433333333333334,27.767
stanley_bridge,2025-04-25 23:00:00+00:00,4.23325,0.0,330.0,2.2,26.79866666666667
stanley_bridge,2025-04-26 00:00:00+00:00,4.20275,0.0,340.0,1.0,26.414666666666665
stanley_bridge,2025-04-26 01:00:00+00:00,4.192,0.0,307.0,1.0,26.382
stanley_bridge,2025-04-26 02:00:00+00:00,4.1855,0.0,338.0,1.0,26.316666666666666
stanley_bridge,2025-04-26 03:00:00+00:00,4.17825,0.0,341.0,1.0,26.473333333333336
stanley_bridge,2025-04-26 04:00:00+00:00,4.1745,0.0,10.0,1.0,28.214333333333336
stanley_bridge,2025-04-26 05:00:00+00:00,4.170916666666667,0.0,49.0,1.0,28.699
stanley_bridge,2025-04-26 06:00:00+00:00,4.167166666666667,0.0,11.0,1.0,29.048
stanley_bridge,2025-04-26 07:00:00+00:00,4.16375,0.0,14.0,1.0,29.300333333333334
stanley_bridge,2025-04-26 08:00:00+00:00,4.1602500000000004,0.0,56.0,1.0,29.762
stanley_bridge,2025-04-26 09:00:00+00:00,4.1939166666666665,0.0,114.0,12.866666666666667,30.197
stanley_bridge,2025-04-26 10:00:00+00:00,4.2935,0.0,126.0,40.53333333333333,30.919
stanley_bridge,2025-04-26 11:00:00+00:00,4.300416666666666,0.0,104.0,100.3,31.793666666666663
stanley_bridge,2025-04-26 12:00:00+00:00,4.303083333333333,0.2,114.0,151.66666666666666,33.53066666666667
stanley_bridge,2025-04-26 13:00:00+00:00,4.300916666666667,0.0,118.0,223.46666666666667,35.034666666666666
stanley_bridge,2025-04-26 14:00:00+00:00,4.297166666666667,0.2,114.0,394.7,36.78033333333334
stanley_bridge,2025-04-26 15:00:00+00:00,4.300916666666667,0.2,112.0,430.1333333333333,37.97366666666667
stanley_bridge,2025-04-26 16:00:00+00:00,4.297833333333333,0.0,111.0,282.9,37.92066666666667
stanley_bridge,2025-04-26 17:00:00+00:00,4.302416666666667,0.6000000000000001,108.0,159.96666666666667,36.98266666666667
stanley_bridge,2025-04-26 18:00:00+00:00,4.301833333333334,0.0,107.0,187.73333333333332,37.37433333333333
stanley_bridge,2025-04-26 19:00:00+00:00,4.298,0.4,124.0,66.83333333333333,37.38466666666667
stanley_bridge,2025-04-26 20:00:00+00:00,4.28875,1.8,133.0,30.533333333333335,36.784
stanley_bridge,2025-04-26 21:00:00+00:00,4.292416666666667,0.0,122.0,27.933333333333334,36.878
stanley_bridge,2025-04-26 22:00:00+00:00,4.277083333333334,0.8,117.0,10.666666666666666,36.50033333333333
stanley_bridge,2025-04-26 23:00:00+00:00,4.227166666666666,1.2000000000000002,124.0,1.1333333333333333,35.971666666666664
stanley_bridge,2025-04-27 00:00:00+00:00,4.210416666666666,1.6,119.0,1.0,35.730333333333334
stanley_bridge,2025-04-27 01:00:00+00:00,4.20275,2.6,115.0,1.0,35.665
stanley_bridge,2025-04-27 02:00:00+00:00,4.1985,3.6,121.0,1.0,35.91766666666667
stanley_bridge,2025-04-27 03:00:00+00:00,4.193083333333333,0.8,133.0,1.0,37.30766666666667
stanley_bridge,2025-04-27 04:00:00+00:00,4.19125,1.2000000000000002,143.0,1.0,39.077999999999996
stanley_bridge,2025-04-27 05:00:00+00:00,4.191666666666666,0.0,149.0,1.0,39.60766666666667
stanley_bridge,2025-04-27 06:00:00+00:00,4.18775,0.0,175.0,1.0,39.38066666666667
stanley_bridge,2025-04-27 07:00:00+00:00,4.184666666666667,0.2,185.0,1.0,38.59133333333333
stanley_bridge,2025-04-27 08:00:00+00:00,4.17575,0.2,204.0,1.0,38.013333333333335
stanley_bridge,2025-04-27 09:00:00+00:00,4.1845,0.2,184.0,5.1,37.739333333333335
stanley_bridge,2025-04-27 10:00:00+00:00,4.2603333333333335,0.0,178.0,32.833333333333336,37.779333333333334
stanley_bridge,2025-04-27 11:00:00+00:00,4.286083333333333,0.2,345.0,45.1,35.254666666666665
stanley_bridge,2025-04-27 12:00:00+00:00,4.2908333333333335,0.6000000000000001,296.0,52.5,35.03933333333334
stanley_bridge,2025-04-27 13:00:00+00:00,4.3,1.0,338.0,96.46666666666667,34.38966666666667
stanley_bridge,2025-04-27 14:00:00+00:00,4.299666666666666,0.2,324.0,153.26666666666668,33.94266666666667
stanley_bridge,2025-04-27 15:00:00+00:00,4.301833333333334,0.0,336.0,218.66666666666666,33.744
stanley_bridge,2025-04-27 16:00:00+00:00,4.29725,0.0,329.0,246.7,33.303333333333335
stanley_bridge,2025-04-27 17:00:00+00:00,4.301,0.0,337.0,164.73333333333332,32.749
stanley_bridge,2025-04-27 18:00:00+00:00,4.297083333333333,0.2,330.0,131.7,32.401666666666664
stanley_bridge,2025-04-27 19:00:00+00:00,4.30025,0.2,338.0,120.7,32.09
stanley_bridge,2025-04-27 20:00:00+00:00,4.296333333333333,0.0,352.0,78.86666666666666,31.836333333333336
stanley_bridge,2025-04-27 21:00:00+00:00,4.29825,0.0,358.0,47.4,31.662
stanley_bridge,2025-04-27 22:00:00+00:00,4.278,0.0,357.0,20.766666666666666,31.444666666666667
stanley_bridge,2025-04-27 23:00:00+00:00,4.210333333333334,0.2,3.0,1.3,31.335666666666665
stanley_bridge,2025-04-28 00:00:00+00:00,4.188166666666667,0.4,358.0,1.0,31.274333333333335
stanley_bridge,2025-04-28 01:00:00+00:00,4.17725,0.4,358.0,1.0,31.129
stanley_bridge,2025-04-28 02:00:00+00:00,4.173,0.6000000000000001,11.0,1.0,31.055
stanley_bridge,2025-04-28 03:00:00+00:00,4.16525,1.8,10.0,1.0,31.217333333333332
stanley_bridge,2025-04-28 04:00:00+00:00,4.1615,1.8,352.0,1.0,31.37066666666667
stanley_bridge,2025-04-28 05:00:00+00:00,4.1593333333333335,2.0,358.0,1.0,31.382
stanley_bridge,2025-04-28 06:00:00+00:00,4.160083333333334,1.8,10.0,1.0,31.365666666666666
stanley_bridge,2025-04-28 07:00:00+00:00,4.153666666666667,0.6000000000000001,11.0,1.0,31.515666666666668
stanley_bridge,2025-04-28 08:00:00+00:00,4.148166666666667,0.2,347.0,1.0,31.58566666666667
stanley_bridge,2025-04-28 09:00:00+00:00,4.166416666666667,0.0,6.0,7.033333333333333,31.732000000000003
stanley_bridge,2025-04-28 10:00:00+00:00,4.249666666666667,0.0,7.0,21.233333333333334,32.065333333333335
stanley_bridge,2025-04-28 11:00:00+00:00,4.287416666666666,0.0,22.0,114.13333333333334,32.407666666666664
stanley_bridge,2025-04-28 12:00:00+00:00,4.293333333333333,0.0,343.0,234.26666666666668,32.472
stanley_bridge,2025-04-28 13:00:00+00:00,4.292,0.0,341.0,310.3,32.57733333333333
stanley_bridge,2025-04-28 14:00:00+00:00,4.298666666666667,0.0,347.0,552.9666666666667,32.89033333333334
stanley_bridge,2025-04-28 15:00:00+00:00,4.296833333333333,0.0,347.0,832.6206896551724,32.89366666666667
stanley_bridge,2025-04-28 16:00:00+00:00,4.302416666666667,0.0,350.0,552.5666666666667,32.86366666666667
stanley_bridge,2025-04-28 17:00:00+00:00,4.30275,0.0,351.0,775.9333333333333,33.105333333333334
stanley_bridge,2025-04-28 18:00:00+00:00,4.304333333333333,0.0,357.0,715.8,33.486666666666665
stanley_bridge,2025-04-28 19:00:00+00:00,4.303916666666667,0.0,10.0,587.9,33.74666666666666
stanley_bridge,2025-04-28 20:00:00+00:00,4.3065,0.0,6.0,426.3666666666667,34.04233333333333
stanley_bridge,2025-04-28 21:00:00+00:00,4.304583333333333,0.0,14.0,250.1,34.36666666666667
stanley_bridge,2025-04-28 22:00:00+00:00,4.3035000000000005,0.0,10.0,87.46666666666667,34.42733333333333
stanley_bridge,2025-04-28 23:00:00+00:00,4.26125,0.0,4.0,5.066666666666666,33.87233333333333
stanley_bridge,2025-04-29 00:00:00+00:00,4.2215,0.0,25.0,1.0,34.052
stanley_bridge,2025-04-29 01:00:00+00:00,4.210500000000001,0.0,8.0,1.0,34.035333333333334
stanley_bridge,2025-04-29 02:00:00+00:00,4.204833333333333,0.0,4.0,1.0,34.227999999999994
stanley_bridge,2025-04-29 03:00:00+00:00,4.199583333333334,0.0,18.0,1.0,33.721
stanley_bridge,2025-04-29 04:00:00+00:00,4.193833333333333,0.0,28.0,1.0,32.824333333333335
stanley_bridge,2025-04-29 05:00:00+00:00,4.18625,0.0,62.0,1.0,31.817666666666664
stanley_bridge,2025-04-29 06:00:00+00:00,4.179083333333334,0.0,94.0,1.0,31.435
stanley_bridge,2025-04-29 07:00:00+00:00,4.173333333333333,0.0,153.0,1.0,31.157
stanley_bridge,2025-04-29 08:00:00+00:00,4.16875,0.0,153.0,1.1666666666666667,30.972666666666665
stanley_bridge,2025-04-29 09:00:00+00:00,4.252583333333334,0.2,191.0,21.933333333333334,31.37633333333333
stanley_bridge,2025-04-29 10:00:00+00:00,4.298583333333333,0.0,147.0,129.83333333333334,32.94133333333333
stanley_bridge,2025-04-29 11:00:00+00:00,4.305083333333333,0.0,159.0,325.96666666666664,34.635666666666665
stanley_bridge,2025-04-29 12:00:00+00:00,4.310666666666667,0.0,154.0,352.53333333333336,36.47866666666666
stanley_bridge,2025-04-29 13:00:00+00:00,4.309583333333333,0.0,197.0,635.0666666666667,38.00533333333333
stanley_bridge,2025-04-29 14:00:00+00:00,4.308,0.0,152.0,671.7857142857143,39.62684210526316
stanley_bridge,2025-04-29 15:00:00+00:00,4.309916666666667,0.4,174.0,614.8333333333334,
stanley_bridge,2025-04-29 16:00:00+00:00,4.31825,0.0,177.0,679.6,
stanley_bridge,2025-04-29 17:00:00+00:00,4.3181666666666665,0.0,167.0,411.8666666666667,
stanley_bridge,2025-04-29 18:00:00+00:00,4.315416666666667,0.0,145.0,466.96666666666664,
stanley_bridge,2025-04-29 19:00:00+00:00,4.3145,0.0,163.0,373.1,
stanley_bridge,2025-04-29 20:00:00+00:00,4.3165000000000004,0.0,161.0,151.0,
stanley_bridge,2025-04-29 21:00:00+00:00,4.3115,0.0,145.0,191.4,
stanley_bridge,2025-04-29 22:00:00+00:00,4.302666666666666,0.0,149.0,42.96666666666667,
stanley_bridge,2025-04-29 23:00:00+00:00,4.259916666666666,0.0,146.0,1.9333333333333333,
stanley_bridge,2025-04-30 00:00:00+00:00,4.238583333333334,0.0,157.0,1.0,
stanley_bridge,2025-04-30 01:00:00+00:00,4.22875,0.0,156.0,1.0,
stanley_bridge,2025-04-30 02:00:00+00:00,4.220833333333334,0.0,163.0,1.0,
stanley_bridge,2025-04-30 03:00:00+00:00,4.215,0.0,159.0,1.0,
stanley_bridge,2025-04-30 04:00:00+00:00,4.21075,0.0,160.0,1.0,
stanley_bridge,2025-04-30 05:00:00+00:00,4.206583333333334,0.0,167.0,1.0,
stanley_bridge,2025-04-30 06:00:00+00:00,4.204083333333333,0.0,152.0,1.0,
stanley_bridge,2025-04-30 07:00:00+00:00,4.201833333333334,0.0,153.0,1.0,
stanley_bridge,2025-04-30 08:00:00+00:00,4.198666666666667,0.0,163.0,1.0,
stanley_bridge,2025-04-30 09:00:00+00:00,4.23225,0.0,163.0,14.2,
stanley_bridge,2025-04-30 10:00:00+00:00,4.298916666666667,0.0,157.0,72.53333333333333,
stanley_bridge,2025-04-30 11:00:00+00:00,4.31125,0.0,163.0,278.3,
stanley_bridge,2025-04-30 12:00:00+00:00,4.308333333333334,0.0,181.0,332.6,
stanley_bridge,2025-04-30 13:00:00+00:00,4.306166666666667,0.0,191.0,635.2333333333333,
stanley_bridge,2025-04-30 14:00:00+00:00,4.305499999999999,0.0,209.0,726.6551724137931,
stanley_bridge,2025-04-30 15:00:00+00:00,4.30175,0.0,213.0,363.32142857142856,
stanley_bridge,2025-04-30 16:00:00+00:00,4.300916666666667,0.0,263.0,878.5666666666667,
stanley_bridge,2025-04-30 17:00:00+00:00,4.3020000000000005,0.0,282.0,832.1666666666666,
stanley_bridge,2025-04-30 18:00:00+00:00,4.303333333333334,0.0,264.0,746.3333333333334,
stanley_bridge,2025-04-30 19:00:00+00:00,4.304916666666666,0.0,267.0,513.5666666666667,
stanley_bridge,2025-04-30 20:00:00+00:00,4.306166666666667,0.0,263.0,299.9,
stanley_bridge,2025-04-30 21:00:00+00:00,4.268583333333333,0.0,302.0,139.26666666666668,
stanley_bridge,2025-04-30 22:00:00+00:00,4.3012500000000005,0.0,293.0,56.266666666666666,
stanley_bridge,2025-04-30 23:00:00+00:00,4.270333333333333,0.0,296.0,4.5,
stanley_bridge,2025-05-01 00:00:00+00:00,4.2315,0.0,310.0,1.0,
stanley_bridge,2025-05-01 01:00:00+00:00,4.220833333333333,0.0,291.0,1.0,
stanley_bridge,2025-05-01 02:00:00+00:00,4.208916666666666,0.0,291.0,1.0,
