timestamp_utc,rain_mm,wind_direction_deg,solar_radiation_w_m2,battery_v,air_temperature_c,wind_speed_ms,wind_gust_speed_max_kmh
2023-07-25,0.0,186.2,514.7623076923077,4.311041666666666,27.624441025641026,5.870412895927601,10.5375
2023-07-26,0.3416666666666666,188.33333333333334,186.79861111111111,4.287857638888888,22.576752777777774,,
2023-07-27,0.0,185.95833333333334,147.79583333333332,4.287611111111111,22.453191666666665,,
2023-07-28,0.5083333333333334,208.79166666666666,232.0214559386973,4.28725,22.212305555555556,,
2023-07-29,0.025000000000000005,230.79166666666666,242.5654214559387,4.287868055555555,21.97995138888889,,
2023-07-30,0.025000000000000005,202.79166666666666,259.25,4.2874375,20.097256944444442,,
2023-07-31,0.0,183.25,254.9125,4.286829861111111,20.413215277777777,,
2023-08-01,0.0,224.875,256.92361111111114,4.286979166666667,19.85740277777778,,
2023-08-02,0.0,207.95833333333334,270.09166666666664,4.286930555555556,19.18327777777778,,
2023-08-03,0.0,186.16666666666666,260.01388888888886,4.287378472222222,20.734638888888888,,
2023-08-04,0.0,160.125,250.19305555555556,4.286201388888888,19.674125,,
2023-08-05,0.5833333333333334,143.16666666666666,133.08352490421456,4.284611111111111,19.30175,,
2023-08-06,0.0,208.66666666666666,206.15694444444443,4.285760416666666,18.828541666666666,,
2023-08-07,0.0,236.45833333333334,170.39982895457032,4.285319444444444,18.259666666666664,,
2023-08-08,0.0,136.33333333333334,149.1920019157088,4.2851944444444445,19.691208333333332,,
2023-08-09,0.9333333333333335,122.375,60.52777777777778,4.28075,19.612888888888886,,
2023-08-10,0.0,259.7083333333333,120.29066091954023,4.283659722222223,18.224749999999997,,
2023-08-11,2.2583333333333333,133.04166666666666,38.518055555555556,4.282194444444444,16.689527777777776,,
2023-08-12,0.0,247.5,181.99276819923372,4.282875,18.625152777777778,,
2023-08-13,0.025000000000000005,163.95833333333334,145.86513409961685,4.283524305555556,19.727680555555555,,
2023-08-14,0.35000000000000003,145.6,1.0,4.287395833333334,20.19272222222222,,
2023-08-15,0.0,,,4.287329861111111,18.12413888888889,,
2023-08-16,0.0,,,4.285267361111111,17.634569444444445,,
2023-08-17,0.0,,,4.282586805555556,19.015402777777776,,
2023-08-18,0.09166666666666667,,,4.283222222222222,20.040652777777776,,
2023-08-19,0.225,,,4.285517361111111,23.005208333333332,,
2023-08-20,0.0,,,4.285635416666667,19.40388888888889,,
2023-08-21,0.15,,,4.283149305555556,18.686319444444443,,
2023-08-22,0.0,,,4.28371875,17.43448611111111,,
2023-08-23,0.0,,,4.281243055555556,15.756569444444445,,
2023-08-24,0.016666666666666666,,,4.28296875,16.286708333333333,,
2023-08-25,0.0,,,4.283298611111111,18.630416666666665,,
2023-08-26,1.3166666666666667,,,4.2788125,18.397777777777776,,
2023-08-27,0.225,,,4.280645833333334,18.05131944444444,,
2023-08-28,0.0,101.25,152.32840722495897,4.281756944444445,18.3381626984127,,
2023-08-29,0.0,171.0,174.57083333333333,4.281805555555556,19.81438888888889,,
2023-08-30,1.4666666666666668,150.25,59.78333333333333,4.277940972222222,20.344597222222223,,
2023-08-31,0.05833333333333333,277.4166666666667,90.08472222222223,4.28059375,16.564083333333333,,
2023-09-01,0.0,206.95833333333334,178.99027777777778,4.279149305555555,14.252638888888889,,
2023-09-02,0.0,189.91666666666666,169.26944444444445,4.2806493055555555,17.91011111111111,,
2023-09-03,0.0,180.29166666666666,161.96805555555554,4.283003472222222,18.976138888888887,,
2023-09-04,0.0,199.54166666666666,143.95833333333334,4.283802083333334,19.170680555555553,,
2023-09-05,0.0,83.0,166.75833333333333,4.281559027777778,18.584666666666667,,
2023-09-06,0.0,28.916666666666668,105.29305555555555,4.279635416666667,18.832416666666663,,
2023-09-07,0.0,238.25,63.951388888888886,4.280135416666667,17.91125,,
2023-09-08,0.0,197.5,107.77638888888889,4.281777777777777,20.669291666666666,,
2023-09-09,0.0,189.20833333333334,108.10138888888889,4.283055555555555,23.42561111111111,,
2023-09-10,0.0,208.83333333333334,127.94999999999999,4.283725694444445,20.392999999999997,,
2023-09-11,0.4166666666666667,103.45833333333333,47.666666666666664,4.277583333333333,19.077305555555554,,
2023-09-12,0.008333333333333333,33.208333333333336,67.36666666666666,4.27565625,18.02325,,
2023-09-13,0.27499999999999997,117.58333333333333,82.0736111111111,4.276982638888889,19.44901388888889,,
2023-09-14,0.43333333333333335,152.625,83.92222222222223,4.278565972222222,21.185902777777777,,
2023-09-15,0.0,208.66666666666666,122.88194444444444,4.279,17.735611111111112,,
2023-09-16,0.5916666666666667,55.541666666666664,51.84444444444444,4.273413194444444,18.98913888888889,,
2023-09-17,0.4166666666666667,195.95833333333334,76.61666666666666,4.276774305555556,17.741152777777778,,
2023-09-18,0.008333333333333333,218.83333333333334,105.28888888888889,4.277076388888889,18.301152777777776,,
2023-09-19,0.4583333333333333,129.91666666666666,90.53194444444443,4.273649305555556,17.66201388888889,,
2023-09-20,0.0,245.20833333333334,82.0736111111111,4.2758819444444445,15.46872222222222,,
2023-09-21,0.0,326.0833333333333,104.62777777777778,4.273684027777778,13.430361111111111,,
2023-09-22,0.0,230.41666666666666,129.91666666666666,4.273600694444444,13.423708333333332,,
2023-09-23,0.05000000000000001,210.75,119.81944444444444,4.2711250000000005,14.966305555555556,,
2023-09-24,0.008333333333333333,189.16666666666666,129.72083333333333,4.273611111111111,14.59176388888889,,
2023-09-25,0.0,44.333333333333336,109.875,4.274697916666667,14.126875,,
2023-09-26,0.0,179.5,167.17777777777778,4.273392361111111,12.668791666666666,,
2023-09-27,0.0,198.54166666666666,85.91805555555555,4.272628472222222,11.55661111111111,,
2023-09-28,0.0,186.0,174.2888888888889,4.273916666666667,13.078180555555555,,
2023-09-29,0.0,183.66666666666666,163.97222222222223,4.2739375,12.16036111111111,,
2023-09-30,0.0,201.29166666666666,149.33055555555555,4.273875,14.535125,,
2023-10-01,0.0,191.45833333333334,153.82916666666668,4.274746527777778,14.452513888888888,,
2023-10-02,0.0,150.45833333333334,172.94444444444446,4.275413194444444,16.56548611111111,,
2023-10-03,0.0,193.25,136.0847222222222,4.273159722222222,16.753666666666668,,
2023-10-04,0.0,80.5,161.71388888888887,4.273215277777778,13.84063888888889,,
2023-10-05,0.0,158.58333333333334,146.5861111111111,4.271409722222223,17.27509722222222,,
2023-10-06,0.0,171.25,161.86249999999998,4.275534722222222,18.499208333333332,,
2023-10-07,0.0,137.125,94.90138888888889,4.2753749999999995,17.659680555555557,,
2023-10-08,0.43333333333333335,114.04166666666667,42.71944444444444,4.270298611111111,16.409111111111113,,
2023-10-09,0.0,163.25,132.04444444444445,4.2711701388888885,13.394597222222222,,
2023-10-10,0.5916666666666667,170.79166666666666,101.61250000000001,4.2688854166666665,13.628277777777777,,
2023-10-11,0.0,162.66666666666666,95.16388888888889,4.264784722222222,12.715055555555557,,
2023-10-12,0.05833333333333333,165.45833333333334,94.92777777777776,4.264989583333334,12.929902777777777,,
2023-10-13,0.3,187.08333333333334,36.15416666666667,4.260326388888889,11.693194444444444,,
2023-10-14,0.2916666666666667,296.9166666666667,56.00277777777777,4.260604166666666,12.155194444444446,,
2023-10-15,0.008333333333333333,193.41666666666666,112.48472222222223,4.263006944444444,11.179180555555556,,
2023-10-16,0.5666666666666667,27.458333333333332,14.52222222222222,4.256114583333333,11.85425,,
2023-10-17,0.0,42.541666666666664,78.16805555555555,4.258399305555556,9.838736111111112,,
2023-10-18,0.0,209.875,93.37777777777778,4.258184027777777,8.410527777777778,,
2023-10-19,0.008333333333333333,196.54166666666666,102.47916666666667,4.2604548611111115,11.105055555555554,,
2023-10-20,0.024999999999999998,180.70833333333334,126.21527777777777,4.263059027777778,13.481958333333333,,
2023-10-21,0.4583333333333334,93.0,42.61805555555555,4.256770833333333,13.723569444444443,,
2023-10-22,0.65,187.41666666666666,30.281944444444445,4.256270833333333,11.348583333333332,,
2023-10-23,0.0,48.25,68.35277777777777,4.254378472222222,8.719833333333334,,
2023-10-24,0.0,162.625,131.61805555555554,4.254340277777778,7.1002777777777775,,
2023-10-25,0.06666666666666667,189.58333333333334,69.26527777777777,4.254909722222222,11.270361111111113,,
2023-10-26,0.0,178.45833333333334,107.17222222222222,4.259538194444445,13.106847222222221,,
2023-10-27,0.30833333333333335,140.625,21.847222222222218,4.251420138888889,12.27361111111111,,
2023-10-28,0.0,175.66666666666666,79.19583333333334,4.2600798611111115,15.967166666666666,,
2023-10-29,0.0,284.5416666666667,61.356944444444444,4.261298611111111,7.351958333333333,,
2023-10-30,0.20833333333333334,209.16666666666666,19.15,4.245618055555556,2.5697083333333333,,
2023-10-31,0.10000000000000002,246.0,69.13333333333334,4.245416666666666,3.449527777777778,,
2023-11-01,0.008333333333333333,177.45833333333334,21.79722222222222,4.243142361111111,2.777402777777778,,
2023-11-02,0.05000000000000001,274.5416666666667,83.10416666666667,4.247052083333333,2.7222500000000003,,
2023-11-03,0.016666666666666666,186.91666666666666,71.12083333333334,4.2481736111111115,3.9512916666666666,,
2023-11-04,0.0,192.58333333333334,80.94444444444444,4.252836805555556,9.443138888888889,,
2023-11-05,0.0,219.95833333333334,33.15972222222222,4.253246527777778,4.399430555555555,,
2023-11-06,0.0,272.6666666666667,93.85277777777777,4.248354166666666,2.8435555555555556,,
2023-11-07,0.1416666666666667,143.625,30.086111111111112,4.239069444444445,3.274638888888889,,
2023-11-08,0.1416666666666667,233.25,26.6375,4.2452604166666665,5.418875,,
2023-11-09,0.11666666666666665,228.66666666666666,47.78472222222222,4.240590277777778,4.796166666666667,,
2023-11-10,0.05000000000000001,190.75,48.69166666666666,4.244083333333333,3.895125,,
2023-11-11,0.20000000000000004,247.79166666666666,30.030555555555555,4.2402187499999995,3.3348333333333335,,
2023-11-12,0.0,301.6666666666667,35.67361111111111,4.239138888888889,3.4819166666666668,,
2023-11-13,0.0,263.7083333333333,48.98611111111111,4.2399305555555555,1.2870555555555556,,
2023-11-14,0.15,222.625,35.34861111111111,4.236368055555555,1.4060833333333334,,
2023-11-15,0.11666666666666668,195.16666666666666,59.74305555555555,4.2393125,2.0425416666666667,,
2023-11-16,0.0,222.95833333333334,63.74583333333333,4.240579861111111,4.826041666666667,,
2023-11-17,0.0,187.0,71.63055555555555,4.243611111111111,4.507625,,
2023-11-18,0.9333333333333335,178.16666666666666,12.411111111111111,4.238923611111111,11.769208333333333,,
2023-11-19,0.6749999999999999,282.7083333333333,82.34166666666667,4.2438125,3.3928194444444446,,
2023-11-20,0.0,250.04166666666666,54.65972222222222,4.2352743055555555,1.006875,,
2023-11-21,0.041666666666666664,306.75,48.27361111111111,4.23625,1.0461666666666667,,
2023-11-22,0.0,168.79166666666666,41.6625,4.233284722222222,0.8330833333333333,,
2023-11-23,0.275,95.83333333333333,23.79444444444444,4.234482638888889,4.18925,,
2023-11-24,0.0,273.125,45.479166666666664,4.238538194444445,2.3937500000000003,,
2023-11-25,0.0,259.6666666666667,83.81111111111112,4.229611111111111,-5.150486111111111,,
2023-11-26,0.0,197.70833333333334,50.30138888888889,4.228385416666667,-1.2402916666666666,,
2023-11-27,0.30833333333333335,135.16666666666666,15.516666666666666,4.227690972222223,3.7072361111111114,,
2023-11-28,0.7583333333333333,203.95833333333334,80.35972222222223,4.23778125,3.760138888888889,,
2023-11-29,0.0,244.20833333333334,41.012499999999996,4.232756944444445,-2.114722222222222,,
2023-11-30,0.0,195.54166666666666,43.56111111111111,4.226309027777778,-2.2500972222222226,,
2023-12-01,0.0,172.33333333333334,45.705555555555556,4.229416666666666,5.204541666666667,,
2023-12-02,0.3583333333333334,100.625,8.358333333333333,4.227173611111112,3.5230833333333336,,
2023-12-03,0.0,12.875,51.06527777777777,4.230388888888888,1.5974444444444444,,
2023-12-04,0.3583333333333334,46.25,14.033333333333333,4.226302083333333,0.549861111111111,,
2023-12-05,0.016666666666666666,275.4583333333333,24.980555555555554,4.227138888888889,-0.6807916666666666,,
2023-12-06,0.008333333333333333,246.5,74.74861111111112,4.225451388888889,-4.118888888888889,,
2023-12-07,0.0,310.375,22.756944444444443,4.223520833333333,-0.8194444444444445,,
2023-12-08,0.0,256.7083333333333,74.35694444444444,4.225715277777778,-2.6048194444444444,,
2023-12-09,0.0,222.375,67.13194444444444,4.225579861111111,-1.7535,,
2023-12-10,0.0,163.04166666666666,40.75972222222222,4.225527777777778,1.6439166666666667,,
2023-12-11,0.05000000000000001,160.79166666666666,15.0,4.230888888888889,13.135874999999999,,
2023-12-12,0.0,229.625,58.106944444444444,4.2433125,1.8491666666666664,,
2023-12-13,0.0,205.33333333333334,33.37083333333333,4.227444444444445,1.0226111111111111,,
2023-12-14,0.0,273.625,32.300000000000004,4.223784722222223,-4.690236111111111,,
2023-12-15,0.0,215.95833333333334,59.34722222222222,4.225798611111111,0.21505555555555556,,
2023-12-16,0.0,269.5,42.93194444444444,4.234996527777778,1.1643055555555555,,
2023-12-17,0.0,170.83333333333334,33.16527777777778,4.223388888888889,-1.6055555555555554,,
2023-12-18,0.05000000000000001,142.125,23.413888888888888,4.2231250000000005,10.152319444444444,,
2023-12-19,0.05000000000000001,158.79166666666666,21.002777777777776,4.235232638888889,11.799416666666666,,
2023-12-20,0.008333333333333333,242.41666666666666,14.231944444444444,4.232444444444444,4.661569444444445,,
2023-12-21,0.008333333333333333,304.0,19.304166666666667,4.225454861111111,-0.0708888888888889,,
2023-12-22,0.0,332.625,19.48472222222222,4.215375,-2.9455416666666667,,
2023-12-23,0.0,246.54166666666666,66.71249999999999,4.222215277777778,-3.462388888888889,,
2023-12-24,0.0,207.08333333333334,70.68333333333332,4.224184027777778,0.12481944444444433,,
2023-12-25,0.0,181.16666666666666,60.31527777777777,4.23025,1.698986111111111,,
2023-12-26,0.0,207.75,42.24027777777778,4.231802083333333,5.561694444444445,,
2023-12-27,0.0,261.9583333333333,22.919444444444448,4.230031250000001,2.469958333333333,,
2023-12-28,0.0,134.25,63.662499999999994,4.229361111111111,0.7136388888888888,,
2023-12-29,0.20000000000000004,70.54166666666667,11.9,4.2197708333333335,0.987361111111111,,
2023-12-30,0.44166666666666665,26.041666666666668,27.977777777777778,4.223253472222222,1.3285555555555555,,
2023-12-31,0.05000000000000001,263.8333333333333,28.03333333333333,4.224100694444444,0.5545416666666667,,
2024-01-01,0.0,260.35,23.583333333333336,4.225333333333333,-3.17955,,
2024-01-02,0.0,221.875,63.640277777777776,4.216475694444444,-4.219597222222222,,
2024-01-03,0.0,217.625,62.224999999999994,4.222135416666666,-2.0831250000000003,,
2024-01-04,0.0,159.83333333333334,25.506944444444446,4.2202118055555555,-3.374861111111111,,
2024-01-05,0.0,253.45833333333334,24.683333333333334,4.218173611111111,-3.346347222222222,,
2024-01-06,0.0,272.3333333333333,34.625,4.210121527777778,-7.772055555555556,,
2024-01-07,0.0,140.70833333333334,40.583333333333336,4.207475694444445,-5.859625,,
2024-01-08,0.0,219.58333333333334,34.827777777777776,4.214840277777777,-3.068305555555556,,
2024-01-09,0.0,268.2083333333333,72.91111111111111,4.216423611111111,-5.430055555555556,,
2024-01-10,0.5166666666666667,135.625,10.0,4.20221875,-3.778402777777778,,
2024-01-11,0.09166666666666667,183.125,43.22083333333333,4.223222222222223,3.8106388888888887,,
2024-01-12,0.0,249.375,70.86944444444444,4.229989583333333,-1.6796666666666666,,
2024-01-13,0.0,166.33333333333334,15.18611111111111,4.209583333333334,-4.848166666666667,,
2024-01-14,0.05000000000000001,162.5,36.53472222222222,4.219017361111111,3.491736111111111,,
2024-01-15,0.0,224.375,72.32222222222222,4.2299375,-2.0766805555555554,,
2024-01-16,0.0,147.08333333333334,33.82638888888889,4.214069444444444,-3.4235555555555557,,
2024-01-17,0.7000000000000001,189.54166666666666,28.280555555555555,4.222413194444445,0.23766666666666678,,
2024-01-18,0.0,236.41666666666666,72.6875,4.218614583333333,-6.838902777777778,,
2024-01-19,0.0,233.625,89.31527777777778,4.212472222222222,-8.240569444444445,,
2024-01-20,0.041666666666666664,281.75,47.737500000000004,4.211135416666667,-3.7646111111111114,,
2024-01-21,0.0,254.20833333333334,33.40416666666667,4.22465625,-0.7574166666666667,,
2024-01-22,0.0,234.375,84.40277777777779,4.221902777777777,-5.695166666666666,,
2024-01-23,0.0,257.7083333333333,87.74722222222222,4.218871527777778,-1.9005555555555558,,
2024-01-24,0.0,234.375,60.25277777777777,4.218479166666667,-8.948430555555555,,
2024-01-25,0.075,186.29166666666666,50.70416666666667,4.201,-1.026875,,
2024-01-26,0.0,119.58333333333333,37.01111111111111,4.222895833333333,-5.1483333333333325,,
2024-01-27,0.09166666666666666,154.33333333333334,42.86944444444444,4.213600694444445,-2.395972222222222,,
2024-01-28,0.0,217.54166666666666,31.92638888888889,4.224361111111111,-0.983375,,
2024-01-29,0.0,73.5,24.969444444444445,4.22390625,-2.4267083333333335,,
2024-01-30,0.0,22.625,53.33888888888888,4.22140625,-6.001597222222222,,
2024-01-31,0.0,165.41666666666666,97.73333333333333,4.219694444444444,-6.010083333333333,,
2024-02-01,0.0,200.45833333333334,45.88611111111111,4.2206979166666665,-1.9444027777777777,,
2024-02-02,0.125,86.41666666666667,28.066666666666663,4.219746527777778,-0.18031944444444445,,
2024-02-03,0.0,22.208333333333332,32.855555555555554,4.229024305555556,-2.9145555555555553,,
2024-02-04,0.0,32.375,27.15416666666667,4.224961805555556,-3.229486111111111,,
2024-02-05,0.025000000000000005,5.5,39.44305555555555,4.224586805555556,-0.6599444444444444,,
2024-02-06,0.008333333333333333,5.958333333333333,40.525,4.231225694444444,-0.07093055555555555,,
2024-02-07,0.12500000000000003,66.54166666666667,81.89027777777777,4.2322395833333335,-1.214625,,
2024-02-08,0.008333333333333333,168.16666666666666,86.71805555555557,4.233927083333334,-5.018138888888889,,
2024-02-09,0.0,203.375,102.33472222222223,4.235072916666667,-4.040708333333334,,
2024-02-10,0.0,171.95833333333334,72.3013888888889,4.2414652777777775,0.5638194444444444,,
2024-02-11,0.13333333333333336,196.54166666666666,97.85277777777777,4.241958333333334,3.9268611111111107,,
2024-02-12,0.0,198.29166666666666,127.23055555555555,4.250517361111111,1.921125,,
2024-02-13,0.0,257.1666666666667,85.21249999999999,4.248701388888889,-1.818013888888889,,
2024-02-14,0.0,224.875,70.69166666666666,4.242565972222223,-4.342305555555556,,
2024-02-15,0.0,310.0833333333333,86.41527777777777,4.240357638888889,-1.9940972222222222,,
2024-02-16,0.0,264.5,76.30416666666666,4.238975694444444,-5.828444444444444,,
2024-02-17,0.0,231.5,115.80000000000001,4.235361111111112,-5.595875,,
2024-02-18,0.0,220.95833333333334,135.7513888888889,4.231767361111111,-7.075611111111112,,
2024-02-19,0.0,206.25,97.82230392156863,4.225213541666666,-6.376174836601307,,
2024-02-20,0.0,249.625,149.93333333333334,4.220756944444445,-8.842180555555556,,
2024-02-21,0.0,211.54166666666666,151.2736111111111,4.217607638888889,-8.577694444444445,,
2024-02-22,0.0,146.625,81.69583333333334,4.221541666666666,-5.770402777777778,,
2024-02-23,0.05000000000000001,158.83333333333334,50.68611111111111,4.225420138888889,-3.0191111111111115,,
2024-02-24,0.6583333333333333,252.79166666666666,25.83888888888889,4.229631944444445,-0.44399999999999995,,
2024-02-25,0.0,231.29166666666666,159.72361111111113,4.227090277777777,-9.451,,
2024-02-26,0.0,168.625,101.38055555555555,4.218618055555555,-4.3862499999999995,,
2024-02-27,0.05000000000000001,195.33333333333334,153.85555555555555,4.231809027777778,1.6778611111111112,,
2024-02-28,0.35000000000000003,152.70833333333334,60.44027777777777,4.238642361111111,8.39113888888889,,
2024-02-29,0.6166666666666667,196.625,47.86666666666667,4.246475694444444,3.4461527777777774,,
2024-03-01,0.0,247.95833333333334,147.80277777777778,4.233243055555556,-10.691361111111112,,
2024-03-02,0.0,194.29166666666666,142.93333333333334,4.229649305555555,-1.651597222222222,,
2024-03-03,0.39166666666666666,163.29166666666666,60.131944444444436,4.245281250000001,5.486486111111112,,
2024-03-04,0.025000000000000005,72.375,165.0972222222222,4.252180555555555,-0.1436527777777777,,
2024-03-05,0.0,148.91666666666666,136.62083333333334,4.244822916666666,0.8311388888888889,,
2024-03-06,0.8500000000000001,228.04166666666666,46.86666666666667,4.2471875,3.514,,
2024-03-07,0.43333333333333335,35.375,13.418055555555556,4.242829861111111,-0.1743333333333333,,
2024-03-08,0.0,20.833333333333332,64.05694444444444,4.244291666666666,-1.1970555555555555,,
2024-03-09,0.225,63.916666666666664,170.71944444444443,4.2471875,-0.8288055555555555,,
2024-03-10,0.09166666666666667,122.375,52.80277777777778,4.2487812499999995,-0.6013333333333333,,
2024-03-11,0.6916666666666668,93.16666666666667,113.6132183908046,4.244204861111111,3.5100416666666665,,
2024-03-12,0.03333333333333333,272.25,55.54722222222222,4.249871527777778,0.09115277777777776,,
2024-03-13,0.025000000000000005,317.2916666666667,74.93194444444444,4.246649305555556,0.5157361111111111,,
2024-03-14,0.0,328.0833333333333,143.40138888888887,4.250802083333333,0.6802777777777776,,
2024-03-15,0.0,115.16666666666667,101.04722222222222,4.252552083333334,2.432111111111111,,
2024-03-16,0.0,150.0,166.5611111111111,4.254673611111111,1.6176527777777778,,
2024-03-17,0.15000000000000002,154.08333333333334,86.89722222222223,4.255354166666667,3.6083472222222226,,
2024-03-18,0.025000000000000005,184.75,151.58055555555555,4.257565972222222,4.113444444444444,,
2024-03-19,0.0,247.25,123.90972222222223,4.258263888888889,1.0920833333333333,,
2024-03-20,0.0,204.04166666666666,191.0222222222222,4.255690972222222,2.0136249999999998,,
2024-03-21,0.30833333333333335,144.20833333333334,86.18611111111112,4.255111111111112,2.2406527777777776,,
2024-03-22,0.0,219.83333333333334,186.32222222222222,4.252274305555555,-2.378152777777778,,
2024-03-23,0.0,218.33333333333334,104.35000000000001,4.246690972222223,-3.6381944444444443,,
2024-03-24,0.9,201.625,109.73472222222222,4.248135416666667,2.018180555555556,,
2024-03-25,0.0,128.33333333333334,162.89583333333334,4.2564375,0.17390277777777782,,
2024-03-26,0.15,55.583333333333336,116.61388888888888,4.254885416666666,0.7348194444444444,,
2024-03-27,0.4083333333333334,125.04166666666667,85.08749999999999,4.255725694444444,6.003152777777778,,
2024-03-28,1.0,116.91666666666667,34.99861111111111,4.261927083333333,10.058694444444445,,
2024-03-29,0.7000000000000001,187.41666666666666,67.7388888888889,4.260020833333333,3.9373888888888886,,
2024-03-30,0.016666666666666666,181.54166666666666,73.71111111111111,4.2609965277777775,5.225944444444445,,
2024-03-31,0.0,228.625,140.30694444444444,4.258059027777778,0.7477916666666666,,
2024-04-01,0.0,252.79166666666666,229.8402777777778,4.257954861111111,1.8549305555555555,,
2024-04-02,0.008333333333333333,239.66666666666666,93.09583333333332,4.255142361111111,-0.21306944444444445,,
2024-04-03,0.0,19.625,195.21944444444443,4.258364583333333,1.3109444444444445,,
2024-04-04,0.125,62.541666666666664,66.36527777777778,4.255944444444444,1.2005833333333333,,
2024-04-05,0.2916666666666667,69.79166666666667,57.66388888888889,4.253409722222222,2.98625,,
2024-04-06,0.05000000000000001,59.708333333333336,59.00833333333333,4.253465277777778,1.8728749999999998,,
2024-04-07,0.0,35.458333333333336,140.35833333333332,4.254402777777778,1.4909861111111111,,
2024-04-08,0.0,251.79166666666666,221.68055555555554,4.257770833333333,5.082486111111112,,
2024-04-09,0.0,330.0,129.88472222222222,4.265055555555556,1.7140833333333332,,
2024-04-10,0.0,171.58333333333334,257.8013888888889,4.258961805555556,1.2183472222222222,,
2024-04-11,0.016666666666666666,150.29166666666666,157.67866721401205,4.261923611111111,5.481138888888889,,
2024-04-12,0.125,136.79166666666666,136.60689655172413,4.262434027777778,9.062624999999999,,
2024-04-13,0.2416666666666667,142.875,119.80555555555556,4.266763888888889,14.910430555555555,,
2024-04-14,0.0,176.33333333333334,91.42777777777776,4.2715555555555556,8.522361111111111,,
2024-04-15,0.008333333333333333,172.33333333333334,166.38640873015873,4.2689305555555555,9.382458333333334,,
2024-04-16,0.0,191.58333333333334,211.28333333333333,4.268597222222222,9.248958333333333,,
2024-04-17,0.0,291.875,66.93194444444444,4.266666666666667,4.344,,
2024-04-18,0.0,217.16666666666666,261.3088122605364,4.2638645833333335,4.211722222222222,,
2024-04-19,0.0,220.58333333333334,265.4527777777778,4.2625625000000005,3.7588055555555555,,
2024-04-20,0.2333333333333333,159.125,68.96805555555555,4.259736111111111,5.149208333333333,,
2024-04-21,0.20833333333333334,197.04166666666666,258.4736111111111,4.262878472222222,8.461680555555555,,
2024-04-22,0.0,217.54166666666666,241.58292700541264,4.267666666666667,5.734541666666666,,
2024-04-23,0.0,193.79166666666666,279.27916666666664,4.262097222222223,5.483097222222223,,
2024-04-24,0.0,158.20833333333334,230.22083333333333,4.2651562499999995,6.140375,,
2024-04-25,0.09166666666666667,233.29166666666666,243.47368295019157,4.271774305555556,2.656013888888889,,
2024-04-26,0.0,175.66666666666666,242.09683908045974,4.263954861111111,1.986513888888889,,
2024-04-27,0.0,183.33333333333334,293.8861111111111,4.263795138888889,1.5498888888888889,,
2024-04-28,0.0,148.45833333333334,286.5805555555556,4.262357638888889,4.4909027777777775,,
2024-04-29,0.05000000000000001,242.0,127.3625,4.268083333333333,6.314944444444445,,
2024-04-30,0.0,335.0833333333333,147.1638888888889,4.26434375,3.713513888888889,,
2024-05-01,0.008333333333333333,325.2083333333333,148.16944444444445,4.2625,4.330625,,
2024-05-02,0.008333333333333333,236.70833333333334,83.62638888888888,4.264260416666667,4.501777777777778,,
2024-05-03,0.10000000000000002,247.16666666666666,62.205555555555556,4.260993055555556,4.441597222222222,,
2024-05-04,0.0,21.25,198.82811302681992,4.264708333333333,5.690694444444444,,
2024-05-05,0.025000000000000005,150.0,279.94444444444446,4.266256944444445,5.499305555555555,,
2024-05-06,0.075,181.125,159.9151128139634,4.268225694444444,10.091041666666667,,
2024-05-07,0.016666666666666666,182.66666666666666,250.42743802600125,4.270666666666666,10.650791666666667,,
2024-05-08,0.008333333333333333,237.875,184.36882183908048,4.271979166666667,7.121152777777778,,
2024-05-09,0.2916666666666667,50.625,71.67222222222222,4.26640625,5.079472222222222,,
2024-05-10,0.0,81.45833333333333,178.98194444444445,4.266809027777778,5.2364444444444445,,
2024-05-11,0.008333333333333333,109.91666666666667,208.62777777777777,4.267930555555556,5.389875,,
2024-05-12,0.0,160.79166666666666,140.0111111111111,4.2680694444444445,6.1910138888888895,,
2024-05-13,0.0,201.83333333333334,307.7027777777778,4.267402777777778,8.414180555555555,,
2024-05-14,0.0,102.45833333333333,309.19305555555553,4.272340277777778,11.67326388888889,,
2024-05-15,0.0,121.16666666666667,293.56666666666666,4.2759375,12.319569444444445,,
2024-05-16,0.0,117.375,274.62731481481484,4.281590277777778,11.371847222222222,,
2024-05-17,0.0,179.04166666666666,300.0541666666667,4.279375,9.187236111111112,,
2024-05-18,0.0,103.375,259.49850427350424,4.277666666666667,12.460472222222222,,
2024-05-19,0.0,100.08333333333333,148.8361111111111,4.279784722222222,12.282791666666666,,
2024-05-20,0.0,157.08333333333334,217.56166187739464,4.278454861111111,13.447111111111111,,
2024-05-21,0.0,180.08333333333334,222.34972442680774,4.278961805555556,16.670041666666666,,
2024-05-22,0.03333333333333333,173.33333333333334,140.1236111111111,4.280326388888889,16.136263888888887,,
2024-05-23,0.15833333333333335,118.29166666666667,205.0222222222222,4.279958333333333,15.630319444444446,,
2024-05-24,0.008333333333333333,189.125,294.9986111111111,4.280020833333333,18.645944444444442,,
2024-05-25,0.008333333333333333,239.16666666666666,190.15397509578543,4.278659722222222,11.868208333333333,,
2024-05-26,0.0,54.458333333333336,189.5189761600681,4.2789826388888885,9.770819444444443,,
2024-05-27,0.008333333333333333,82.5,285.44444444444446,4.2775798611111115,11.251555555555555,,
2024-05-28,0.05000000000000001,144.125,121.63611111111112,4.279125,14.725791666666666,,
2024-05-29,0.0,184.83333333333334,197.342881400209,4.281451388888889,17.798777777777776,,
2024-05-30,0.0,162.95833333333334,311.73894210302257,4.281225694444444,12.952361111111111,,
2024-05-31,0.0,216.45833333333334,223.5071259985476,4.2794131944444445,11.195208333333333,,
2024-06-01,0.008333333333333333,101.08333333333333,137.24166666666667,4.275131944444444,9.127986111111111,,
2024-06-02,0.2416666666666667,284.7916666666667,69.68333333333332,4.274211805555556,9.849152777777778,,
2024-06-03,0.06666666666666667,41.583333333333336,153.11388888888888,4.274805555555555,9.667972222222222,,
2024-06-04,0.0,328.9166666666667,219.67557471264368,4.277079861111111,11.097319444444445,,
2024-06-05,0.0,330.375,228.60694444444445,4.278829861111111,13.149805555555554,,
2024-06-06,0.0,192.83333333333334,298.3777777777778,4.279041666666667,11.154986111111112,,
2024-06-07,0.0,80.04166666666667,256.92894536019537,4.2768194444444445,11.967694444444446,,
2024-06-08,0.06666666666666667,91.70833333333333,119.47212301587302,4.278045138888889,15.633055555555556,,
2024-06-09,0.17500000000000002,193.08333333333334,168.161039804172,4.276531250000001,16.94026388888889,,
2024-06-10,0.08333333333333333,182.75,172.58727402998235,4.278017361111111,16.24373611111111,,
2024-06-11,0.0,131.375,206.54790163540164,4.2798645833333335,15.50651388888889,,
2024-06-12,0.0,176.91666666666666,217.75138888888887,4.279427083333333,14.309791666666667,,
2024-06-13,0.0,203.75,317.37083333333334,4.278986111111111,18.295930555555554,,
2024-06-14,0.0,177.41666666666666,273.73323412698414,4.280899305555556,20.412388888888888,,
2024-06-15,0.20833333333333334,225.45833333333334,42.211111111111116,4.278913194444445,16.38736111111111,,
2024-06-16,0.0,271.9166666666667,333.8486111111111,4.278579861111111,15.34476388888889,,
2024-06-17,0.0,185.04166666666666,314.6222222222222,4.279628472222222,18.248902777777776,,
2024-06-18,0.0,189.70833333333334,257.06805555555553,4.2803125,19.810236111111113,,
2024-06-19,0.0,183.54166666666666,297.8097222222222,4.280753472222222,24.426999999999996,,
2024-06-20,0.049999999999999996,218.08333333333334,213.39822796934865,4.283295138888889,25.492194444444447,,
2024-06-21,0.0,236.75,253.91278735632184,4.282461805555555,21.481916666666667,,
2024-06-22,0.0,191.79166666666666,283.4875,4.280954861111112,20.37944444444444,,
2024-06-23,0.4916666666666667,165.54166666666666,133.70694444444445,4.278791666666667,18.396361111111112,,
2024-06-24,0.5416666666666666,182.79166666666666,108.83333333333333,4.276010416666667,17.824569444444446,,
2024-06-25,1.1333333333333333,61.666666666666664,38.393055555555556,4.276902777777778,15.600430555555555,,
2024-06-26,0.008333333333333333,176.875,222.0122571154899,4.278427083333333,19.630347222222223,,
2024-06-27,1.0583333333333333,176.66666666666666,111.48103448275862,4.280513888888889,19.237333333333332,,
2024-06-28,0.21666666666666667,185.20833333333334,203.88373015873015,4.279111111111111,15.961236111111111,,
2024-06-29,0.0,171.20833333333334,227.0583333333333,4.289482638888889,17.055083333333332,,
2024-06-30,0.025000000000000005,171.16666666666666,164.1361111111111,4.291263888888889,18.094430555555558,,
2024-07-01,0.0,210.25,208.02584496442253,4.293506944444444,17.89997222222222,,
2024-07-02,0.0,245.33333333333334,318.4555555555556,4.293805555555555,18.694930555555555,,
2024-07-03,0.008333333333333333,199.0,306.56388888888887,4.292618055555556,20.445125,,
2024-07-04,0.0,166.29166666666666,160.85052631422383,4.2937465277777775,20.77525,,
2024-07-05,0.016666666666666666,182.75,239.41275542784163,4.292909722222222,20.810097222222222,,
2024-07-06,0.05000000000000001,164.29166666666666,74.74861111111112,4.294107638888889,19.497930555555556,,
2024-07-07,0.008333333333333333,194.20833333333334,104.41666666666667,4.291246527777778,20.212486111111108,,
2024-07-08,0.0,190.375,262.75555555555553,4.294315972222222,23.55898611111111,,
2024-07-09,0.0,183.83333333333334,221.61944444444444,4.294260416666667,23.984791666666666,,
2024-07-10,0.0,208.08333333333334,262.7736111111111,4.2950381944444445,23.754152777777776,,
2024-07-11,1.5166666666666666,128.41666666666666,47.45416666666666,4.2917708333333335,21.725666666666665,,
2024-07-12,0.016666666666666666,200.125,82.99166666666666,4.293902777777777,20.602083333333333,,
2024-07-13,0.0,195.20833333333334,260.71666666666664,4.2939375,23.233249999999998,,
2024-07-14,0.008333333333333333,211.08333333333334,285.99444444444447,4.293847222222222,24.07023611111111,,
2024-07-15,0.0,187.70833333333334,242.8472222222222,4.29446875,25.435999999999996,,
2024-07-16,0.85,177.45833333333334,182.17777777777778,4.293625,24.135069444444444,,
2024-07-17,0.008333333333333333,191.16666666666666,193.57862160189745,4.292503472222222,23.431638888888887,,
2024-07-18,0.075,182.125,119.62098765432098,4.294194444444444,22.791861111111107,,
2024-07-19,0.0,215.04166666666666,289.84295977011493,4.294510416666667,22.429625,,
2024-07-20,0.0,190.41666666666666,292.80694444444447,4.294163194444445,22.674083333333332,,
2024-07-21,0.0,162.70833333333334,202.33623260121104,4.294010416666667,20.511930555555555,,
2024-07-22,0.0,215.33333333333334,278.68352490421455,4.29396875,19.900180555555554,,
2024-07-23,0.0,188.41666666666666,143.68055555555557,4.292965277777777,19.942402777777776,,
2024-07-24,0.0,91.08333333333333,217.7501199364705,4.293243055555556,20.466569444444445,,
2024-07-25,0.008333333333333333,155.83333333333334,212.1,4.292670138888888,21.667625,,
2024-07-26,0.10833333333333334,237.04166666666666,173.59404761904761,4.2934270833333334,20.058319444444443,,
2024-07-27,0.0,187.0,281.9916666666667,4.293052083333333,19.54565277777778,,
2024-07-28,0.0,182.66666666666666,267.8486111111111,4.293732638888889,22.43052777777778,,
2024-07-29,0.0,172.25,275.2311728395062,4.292600694444444,23.871430555555552,,
2024-07-30,0.0,165.20833333333334,244.3037356321839,4.2938125000000005,22.49094444444444,,
2024-07-31,0.0,185.20833333333334,249.6486111111111,4.293350694444444,23.67101388888889,,
2024-08-01,0.05000000000000001,169.20833333333334,172.2847222222222,4.293677083333333,24.420749999999998,,
2024-08-02,0.0,215.95833333333334,270.4458333333333,4.293097222222222,23.864944444444443,,
2024-08-03,0.0,169.375,161.35292145593868,4.294013888888889,25.09188888888889,,
2024-08-04,0.0,191.875,165.54999999999998,4.292902777777778,24.62025,,
2024-08-05,0.008333333333333333,194.125,210.45555555555555,4.2929305555555555,23.032749999999997,,
2024-08-06,0.23333333333333336,236.45833333333334,191.34444444444443,4.292885416666667,20.265138888888888,,
2024-08-07,0.0,208.5,259.40416666666664,4.292017361111111,20.17151388888889,,
2024-08-08,0.0,236.41666666666666,277.5625,4.292138888888889,19.982444444444443,,
2024-08-09,0.06666666666666667,164.95833333333334,103.63333333333333,4.292479166666666,19.122333333333334,,
2024-08-10,0.3,173.41666666666666,92.66250000000001,4.290649305555555,21.764944444444442,,
2024-08-11,0.0,208.91666666666666,268.6902777777778,4.292892361111111,22.710902777777775,,
2024-08-12,0.0,201.25,227.57385057471265,4.291173611111112,21.395750000000003,,
2024-08-13,0.0,192.16666666666666,215.50972222222222,4.291711805555556,19.49738888888889,,
2024-08-14,0.0,95.79166666666667,224.6208333333333,4.290055555555555,19.467833333333335,,
2024-08-15,0.0,163.625,242.25694444444443,4.289246527777778,17.583791666666666,,
2024-08-16,0.0,185.16666666666666,219.90138888888887,4.291017361111112,20.866444444444443,,
2024-08-17,0.0,187.83333333333334,235.63472222222222,4.292704861111111,21.65111111111111,,
2024-08-18,0.0,172.41666666666666,218.70694444444442,4.291725694444445,19.719430555555554,,
2024-08-19,0.15833333333333335,167.375,151.1999007936508,4.291607638888888,21.787125,,
2024-08-20,0.008333333333333333,175.20833333333334,167.22636494252873,4.29225,23.67386111111111,,
2024-08-21,0.1416666666666667,82.375,62.979166666666664,4.294534722222222,20.393125,,
2024-08-22,0.016666666666666666,139.79166666666666,246.1138888888889,4.2928194444444445,20.73,,
2024-08-23,0.0,187.20833333333334,170.70177203065134,4.293916666666667,19.18263888888889,,
2024-08-24,0.0,218.0,248.33055555555555,4.291513888888889,21.244222222222223,,
2024-08-25,0.0,193.45833333333334,236.45138888888889,4.29325,23.289027777777775,,
2024-08-26,0.0,184.66666666666666,173.80972222222223,4.29178125,22.496861111111112,,
2024-08-27,0.0,174.70833333333334,239.56944444444446,4.292381944444444,22.331791666666664,,
2024-08-28,0.39166666666666666,219.125,65.05694444444444,4.291024305555555,19.044124999999998,,
2024-08-29,0.0,316.0,201.9045910493827,4.290965277777778,17.409277777777778,,
2024-08-30,0.0,176.125,246.79305555555553,4.288180555555555,16.792055555555553,,
2024-08-31,0.0,174.16666666666666,246.22083333333333,4.290416666666666,18.183374999999998,,
2024-09-01,0.0,163.58333333333334,104.4486111111111,4.289920138888889,20.085180555555556,,
2024-09-02,0.008333333333333333,250.41666666666666,191.40555555555557,4.290413194444445,19.66484722222222,,
2024-09-03,0.0,234.45833333333334,206.49085249042147,4.288854166666667,15.954986111111111,,
2024-09-04,0.0,214.625,229.91944444444445,4.289045138888889,18.283833333333334,,
2024-09-05,0.0,174.41666666666666,222.35555555555558,4.288611111111111,20.324069444444444,,
2024-09-06,0.0,162.125,135.37083333333334,4.290583333333333,18.70826388888889,,
2024-09-07,0.5916666666666667,83.625,31.29861111111111,4.285215277777778,18.01615277777778,,
2024-09-08,0.08333333333333333,157.08333333333334,115.34027777777777,4.287336805555555,20.446666666666665,,
2024-09-09,0.0,199.95833333333334,181.82638888888889,4.2873125,16.077541666666665,,
2024-09-10,0.0,193.54166666666666,215.76944444444442,4.287166666666667,17.189152777777778,,
2024-09-11,0.0,195.16666666666666,217.5041666666667,4.286510416666666,16.356375,,
2024-09-12,0.0,154.04166666666666,201.72361111111113,4.281538194444445,16.580388888888887,,
2024-09-13,0.0,182.125,171.3472222222222,4.2804166666666665,19.475069444444443,,
2024-09-14,0.0,234.41666666666666,158.48582375478927,4.281732638888889,16.794472222222222,,
2024-09-15,0.0,214.08333333333334,204.7458333333333,4.276229166666667,14.530791666666666,,
2024-09-16,0.0,190.54166666666666,197.5666666666667,4.278649305555556,19.786777777777775,,
2024-09-17,0.0,202.20833333333334,196.16805555555558,4.282920138888889,22.014680555555554,,
2024-09-18,0.0,201.58333333333334,192.75694444444446,4.282875,22.177944444444446,,
2024-09-19,0.0,127.16666666666667,47.11944444444445,4.281173611111111,18.610388888888888,,
2024-09-20,0.0,35.208333333333336,183.08749999999998,4.278559027777778,16.89259722222222,,
2024-09-21,0.0,78.375,166.5347222222222,4.279006944444444,15.09361111111111,,
2024-09-22,0.0,116.625,131.70138888888889,4.2761354166666665,13.765638888888889,,
2024-09-23,0.0,86.91666666666667,128.2212962962963,4.2753854166666665,13.43048611111111,,
2024-09-24,0.0,77.58333333333333,87.96805555555555,4.273909722222222,14.014527777777777,,
2024-09-25,0.075,110.25,91.26527777777778,4.274885416666667,15.851097222222222,,
2024-09-26,0.05000000000000001,119.5,56.46666666666667,4.272892361111111,14.814749999999998,,
2024-09-27,0.7666666666666667,102.58333333333333,35.03472222222222,4.272489583333333,14.601527777777777,,
2024-09-28,0.016666666666666666,14.666666666666666,138.80694444444444,4.274652777777778,16.207,,
2024-09-29,0.0,157.0,179.24027777777778,4.275423611111111,15.190333333333333,,
2024-09-30,0.0,235.16666666666666,57.00833333333333,4.273642361111111,15.437777777777777,,
2024-10-01,0.0,8.75,99.01527777777778,4.2732222222222225,15.389972222222221,,
2024-10-02,0.0,46.083333333333336,90.48333333333333,4.271791666666666,14.521305555555557,,
2024-10-03,0.0,171.5,153.54166666666666,4.269340277777778,13.24086111111111,,
2024-10-04,0.0,197.08333333333334,141.75555555555556,4.273822916666667,15.901444444444445,,
2024-10-05,0.0,152.20833333333334,34.897222222222226,4.2715625,15.637708333333334,,
2024-10-06,0.08333333333333333,118.33333333333333,79.09861111111111,4.270545138888889,15.318666666666667,,
2024-10-07,0.0,81.45833333333333,109.84583333333332,4.2695034722222225,15.351694444444446,,
2024-10-08,0.16666666666666666,124.83333333333333,71.46944444444445,4.266517361111111,14.497569444444444,,
2024-10-09,0.45,206.91666666666666,136.80694444444444,4.267288194444444,12.545499999999999,,
2024-10-10,0.016666666666666666,214.58333333333334,123.94166666666666,4.269319444444444,10.417347222222222,,
2024-10-11,0.0,248.875,91.23055555555555,4.275107638888889,11.278333333333334,,
2024-10-12,0.325,240.125,36.6625,4.273270833333333,12.019722222222223,,
2024-10-13,0.0,257.125,103.20833333333333,4.275670138888889,10.745402777777779,,
2024-10-14,0.46666666666666673,120.04166666666667,12.697222222222223,4.270184027777778,9.896972222222223,,
2024-10-15,0.2333333333333333,186.58333333333334,68.4125,4.274663194444444,12.787777777777777,,
2024-10-16,0.10833333333333334,225.66666666666666,73.27916666666667,4.2720520833333335,8.298041666666668,,
2024-10-17,0.03333333333333333,242.0,144.42222222222222,4.264701388888889,8.55898611111111,,
2024-10-18,0.0,302.7916666666667,146.94583333333333,4.265625,10.169055555555556,,
2024-10-19,0.0,189.79166666666666,133.6027777777778,4.268909722222222,10.738597222222223,,
2024-10-20,0.0,198.95833333333334,130.58055555555555,4.276065972222223,14.004388888888888,,
2024-10-21,0.0,212.70833333333334,115.34027777777777,4.276576388888889,15.850125,,
2024-10-22,0.0,221.0,135.15,4.2782638888888895,11.744736111111111,,
2024-10-23,0.0,161.625,122.12222222222222,4.2755173611111115,13.870958333333334,,
2024-10-24,0.0,159.625,43.525,4.276420138888889,14.305638888888888,,
2024-10-25,0.0,207.0,30.522222222222222,4.273916666666667,10.600125,,
2024-10-26,0.0,233.29166666666666,73.11944444444444,4.270979166666667,9.944694444444444,,
2024-10-27,0.0,246.58333333333334,92.25972222222221,4.270118055555556,6.353847222222222,,
2024-10-28,0.0,249.75,117.22916666666667,4.2486532738095235,4.824361111111111,,
2024-10-29,0.025000000000000005,297.4583333333333,108.75555555555555,4.246368055555556,6.100638888888889,,
2024-10-30,0.008333333333333333,162.5,37.044444444444444,4.2355729166666665,4.056069444444444,,
2024-10-31,0.0,181.33333333333334,95.62638888888888,4.249805555555556,14.575041666666666,,
2024-11-01,0.35000000000000003,191.58333333333334,24.416666666666668,4.2460625,13.826902777777777,,
2024-11-02,0.0,320.7916666666667,42.041666666666664,4.242916666666667,7.365430555555555,,
2024-11-03,0.0,277.2083333333333,27.23472222222222,4.236190972222222,5.2082500000000005,,
2024-11-04,0.0,282.0,101.9263888888889,4.240402777777778,5.64875,,
2024-11-05,0.05833333333333334,180.125,18.209722222222222,4.23328125,7.0539861111111115,,
2024-11-06,0.08333333333333333,210.54166666666666,47.331944444444446,4.2427673611111105,14.143902777777777,,
2024-11-07,0.0,286.125,64.92361111111111,4.2396666666666665,8.273763888888888,,
2024-11-08,0.008333333333333333,223.5,44.518055555555556,4.233770833333334,7.351486111111111,,
2024-11-09,0.10833333333333334,312.7916666666667,53.202777777777776,4.2334652777777775,5.899694444444445,,
2024-11-10,0.0,260.875,99.44305555555555,4.233559027777778,5.296069444444444,,
2024-11-11,0.275,176.91666666666666,15.995833333333332,4.230920138888889,8.978458333333334,,
2024-11-12,0.8833333333333334,173.33333333333334,12.430555555555555,4.228541666666667,9.131041666666667,,
2024-11-13,0.4916666666666667,261.5833333333333,67.77083333333333,4.230090277777777,5.61538888888889,,
2024-11-14,0.016666666666666666,6.25,24.85694444444444,4.222333333333333,7.029625,,
2024-11-15,1.1166666666666667,235.25,20.1125,4.221201388888889,5.915222222222222,,
2024-11-16,0.6750000000000002,311.9583333333333,30.229166666666668,4.227940972222222,7.433194444444445,,
2024-11-17,0.016666666666666666,317.5833333333333,30.08888888888889,4.228638888888889,6.968652777777778,,
2024-11-18,0.07500000000000001,340.2083333333333,31.76527777777778,4.225392361111111,6.102611111111112,,
2024-11-19,0.7250000000000001,326.625,19.731944444444444,4.219618055555555,6.922,,
2024-11-20,0.34166666666666673,175.04166666666666,11.729166666666666,4.208944444444445,7.151583333333334,,
2024-11-21,0.21666666666666667,39.25,20.094444444444445,4.212479166666667,6.900805555555556,,
2024-11-22,0.008333333333333333,33.625,27.56527777777778,4.21059375,7.392791666666667,,
2024-11-23,1.1166666666666667,54.958333333333336,6.151388888888889,4.203875,7.543527777777778,,
2024-11-24,0.7833333333333333,207.0,15.744444444444445,4.207388888888889,6.685583333333334,,
2024-11-25,0.20833333333333334,287.625,23.583333333333332,4.207847222222222,5.358472222222222,,
2024-11-26,0.05833333333333334,113.25,41.00694444444444,4.20746875,5.631916666666666,,
2024-11-27,0.025000000000000005,168.20833333333334,24.39027777777778,4.205565972222222,5.110097222222222,,
2024-11-28,0.008333333333333333,192.83333333333334,59.768055555555556,4.210548611111111,3.847,,
2024-11-29,0.75,151.70833333333334,26.156944444444445,4.2043333333333335,3.326541666666667,,
2024-11-30,0.0,194.95833333333334,52.80555555555555,4.205600694444445,2.4751388888888886,,
2024-12-01,0.0,205.79166666666666,71.82916666666667,4.205190972222222,1.0600138888888888,,
2024-12-02,0.0,213.625,81.15694444444445,4.202069444444445,-0.052333333333333364,,
2024-12-03,0.0,219.66666666666666,57.56111111111111,4.196489583333333,-2.1492638888888886,,
2024-12-04,0.008333333333333333,232.25,43.137499999999996,4.184861111111111,-3.8098333333333336,,
2024-12-05,0.5,130.70833333333334,13.8375,4.184736111111111,-2.8146388888888887,,
2024-12-06,0.016666666666666666,222.16666666666666,30.034722222222225,4.194444444444445,0.4501805555555556,,
2024-12-07,0.0,244.08333333333334,58.50277777777777,4.191,-5.875125,,
2024-12-08,0.0,160.25,20.756944444444446,4.179413194444444,-5.434666666666668,,
2024-12-09,0.1416666666666667,244.08333333333334,45.05138888888889,4.192472222222222,-1.7830416666666666,,
2024-12-10,0.0,166.20833333333334,26.209722222222222,4.189774305555555,-2.385652777777778,,
2024-12-11,0.3166666666666667,135.375,13.981944444444444,4.188652777777778,4.027472222222222,,
2024-12-12,0.05833333333333334,168.29166666666666,22.408333333333335,4.198381944444445,11.67334722222222,,
2024-12-13,0.0,222.58333333333334,58.775,4.221805555555556,0.3375694444444444,,
2024-12-14,0.0,252.125,66.71805555555555,4.205263888888889,-4.515263888888889,,
2024-12-15,0.0,252.54166666666666,69.83333333333333,4.194427083333333,-3.570111111111111,,
2024-12-16,0.0,203.91666666666666,73.14305555555555,4.1979340277777775,-1.7389861111111111,,
2024-12-17,0.08333333333333333,164.79166666666666,20.99027777777778,4.199409722222222,4.038277777777778,,
2024-12-18,0.0,204.5,65.90277777777777,4.211767361111111,4.798625,,
2024-12-19,0.20000000000000004,195.70833333333334,16.616666666666667,4.2070625,2.2948194444444443,,
2024-12-20,0.0,213.125,42.56666666666666,4.199840277777778,-2.014597222222222,,
2024-12-21,0.0,130.41666666666666,14.168055555555554,4.19040625,-0.8675972222222222,,
2024-12-22,0.0,261.125,24.891666666666666,4.1866006944444445,-7.080972222222222,,
2024-12-23,0.0,257.5833333333333,43.4,4.177944444444445,-7.382652777777778,,
2024-12-24,0.0,143.75,18.993055555555554,4.155864583333333,-8.303375,,
2024-12-25,0.20000000000000004,76.08333333333333,47.587500000000006,4.176805555555556,-1.5479166666666666,,
2024-12-26,0.008333333333333333,220.33333333333334,30.438888888888886,4.195170138888889,-0.3662222222222222,,
2024-12-27,0.0,227.625,69.46944444444445,4.201121527777778,-1.5402500000000001,,
2024-12-28,0.0,206.125,57.05277777777778,4.194163194444445,-4.156791666666667,,
2024-12-29,0.0,172.41666666666666,22.680555555555554,4.188638888888889,-1.7328333333333334,,
2024-12-30,0.0,146.58333333333334,26.96666666666667,4.199229166666666,4.414805555555556,,
2024-12-31,0.08333333333333333,161.875,57.65555555555556,4.215107638888889,7.354361111111111,,
2025-01-01,0.06666666666666667,126.16666666666667,33.0,4.215503472222222,1.5609583333333334,,
2025-01-02,0.20833333333333334,141.33333333333334,31.545833333333334,4.206663194444444,5.071638888888889,,
2025-01-03,0.0,214.20833333333334,31.826388888888886,4.202517361111111,-1.369361111111111,,
2025-01-04,0.0,229.25,60.773611111111116,4.187975694444444,-5.296027777777778,,
2025-01-05,0.0,256.4583333333333,24.20138888888889,4.177510416666666,-7.959361111111111,,
2025-01-06,0.0,263.8333333333333,39.24861111111111,4.178597222222222,-3.912763888888889,,
2025-01-07,0.025000000000000005,247.79166666666666,31.331944444444446,4.185895833333333,-2.768166666666667,,
2025-01-08,0.0,234.16666666666666,41.34027777777778,4.188444444444444,-1.144388888888889,,
2025-01-09,0.10833333333333334,263.0,30.258333333333336,4.185760416666667,-0.3008888888888889,,
2025-01-10,0.008333333333333333,332.9166666666667,46.29166666666666,4.198215277777778,3.0090694444444446,,
2025-01-11,0.0,284.125,35.025,4.198152777777778,1.9910555555555556,,
2025-01-12,0.0,210.33333333333334,47.43888888888889,4.197961805555556,0.400375,,
2025-01-13,0.16666666666666666,198.91666666666666,49.96388888888888,4.200725694444444,-0.7727222222222222,,
2025-01-14,0.0,225.58333333333334,36.226388888888884,4.192177083333333,-3.0596111111111113,,
2025-01-15,0.0,265.0,47.5875,4.189805555555556,-0.8716666666666666,,
2025-01-16,0.0,257.5416666666667,38.00694444444444,4.198548611111111,-4.035875,,
2025-01-17,0.0,191.41666666666666,49.07222222222222,4.177711805555556,-4.841277777777777,,
2025-01-18,0.0,161.75,40.87361111111111,4.166440972222222,-4.274486111111111,,
2025-01-19,0.39166666666666666,198.58333333333334,19.711111111111112,4.188878472222222,4.638763888888889,,
2025-01-20,0.0,186.375,34.208333333333336,4.200177083333333,-0.4333194444444444,,
2025-01-21,0.0,232.20833333333334,95.14722222222223,4.180861111111111,-9.163583333333333,,
2025-01-22,0.0,233.70833333333334,100.30138888888888,4.170086805555555,-10.761402777777777,,
2025-01-23,0.0,196.25,78.18472222222222,4.164069444444444,-8.667305555555556,,
2025-01-24,0.0,230.58333333333334,94.3,4.179534722222223,-2.7394444444444446,,
2025-01-25,0.0,225.66666666666666,97.13472222222221,4.182038194444444,-6.675888888888889,,
2025-01-26,0.008333333333333333,183.79166666666666,71.55277777777778,4.180340277777778,-3.994986111111111,,
2025-01-27,0.0,200.16666666666666,103.26527777777778,4.198361111111111,-0.4801527777777778,,
2025-01-28,0.0,208.54166666666666,40.59583333333333,4.196673611111112,1.5589583333333332,,
2025-01-29,0.0,171.08333333333334,61.24166666666667,4.198739583333333,-5.863222222222222,,
2025-01-30,0.0,242.83333333333334,86.425,4.182885416666667,-5.46825,,
2025-01-31,0.0,230.83333333333334,45.57083333333333,4.154263888888889,-6.060222222222222,,
2025-02-01,0.0,320.625,79.2611111111111,4.166579861111111,-3.5197361111111114,,
2025-02-02,0.0,248.25,112.3861111111111,4.183017361111111,-7.9573888888888895,,
2025-02-03,0.0,161.20833333333334,85.13194444444444,4.168767361111111,-3.7000277777777772,,
2025-02-04,0.016666666666666666,231.04166666666666,98.08472222222223,4.200163194444444,0.6525972222222222,,
2025-02-05,0.0,273.5,101.56388888888888,4.202927083333333,-6.703638888888889,,
2025-02-06,0.0,185.625,97.5,4.179250000000001,-8.383527777777777,,
2025-02-07,0.06666666666666667,178.0,97.47916666666667,4.19684375,2.956277777777778,,
2025-02-08,0.0,247.79166666666666,123.60416666666667,4.222829861111111,-3.403097222222222,,
2025-02-09,0.0,240.33333333333334,61.230555555555554,4.206416666666667,-8.571055555555555,,
2025-02-10,0.0,261.3333333333333,121.15277777777777,4.205361111111111,-6.749958333333333,,
2025-02-11,0.0,223.79166666666666,132.7,4.179246527777778,-8.815652777777778,,
2025-02-12,0.0,237.25,137.225,4.188423611111111,-6.973791666666667,,
2025-02-13,0.0,135.91666666666666,39.14444444444444,4.173798611111111,-10.908180555555555,,
2025-02-14,0.0,208.08333333333334,128.2722222222222,4.199635416666667,-1.233638888888889,,
2025-02-15,0.0,259.375,144.3875,4.2000416666666665,-6.7860555555555555,,
2025-02-16,0.008333333333333333,213.20833333333334,100.19444444444444,4.191840277777778,-7.5843750000000005,,
2025-02-17,0.6,153.5,97.7361111111111,4.199722222222222,0.2540833333333332,,
2025-02-18,0.0,225.16666666666666,75.93055555555556,4.211236111111111,-6.162027777777777,,
2025-02-19,0.0,218.58333333333334,108.41666666666667,4.198444444444444,-2.666638888888889,,
2025-02-20,0.041666666666666664,201.875,141.1027777777778,4.219381944444445,-1.2913750000000002,,
2025-02-21,0.0,231.41666666666666,98.97916666666667,4.222444444444444,-1.8876249999999999,,
2025-02-22,0.0,257.0416666666667,136.58888888888887,4.2239375,-4.3926944444444445,,
2025-02-23,0.0,178.16666666666666,98.45277777777778,4.214666666666667,-5.001194444444445,,
2025-02-24,0.0,203.75,158.88055555555556,4.221770833333333,-1.5053055555555555,,
2025-02-25,0.0,167.125,150.22361111111113,4.223385416666667,3.1915138888888888,,
2025-02-26,0.0,182.20833333333334,50.77222222222222,4.233611111111111,2.585069444444444,,
2025-02-27,0.008333333333333333,219.08333333333334,128.5111111111111,4.220649305555556,-0.06344444444444443,,
2025-02-28,0.06666666666666667,200.91666666666666,109.64722222222223,4.224243055555555,4.513138888888889,,
2025-03-01,0.0,186.75,87.59166666666665,4.226263888888889,-2.5814305555555555,,
2025-03-02,0.0,197.20833333333334,101.74861111111112,4.227517361111111,1.2904305555555557,,
2025-03-03,0.0,261.2083333333333,172.91805555555553,4.219434027777778,-9.315083333333332,,
2025-03-04,0.0,202.54166666666666,157.8581845238095,4.2052414141414145,-7.079486607142858,,
2025-03-05,0.041666666666666664,190.58333333333334,95.60277777777777,4.217548611111111,2.4214305555555558,,
2025-03-06,0.45,135.41666666666666,77.00833333333334,4.229409722222222,8.870583333333334,,
2025-03-07,0.3333333333333333,150.04166666666666,69.5736111111111,4.238173611111111,8.349777777777778,,
2025-03-08,0.008333333333333333,229.33333333333334,103.51944444444445,4.23178125,-2.2811944444444445,,
2025-03-09,0.0,244.04166666666666,132.45416666666668,4.2225173611111115,-4.142569444444445,,
2025-03-10,0.0,260.5,190.91944444444445,4.225444444444444,-3.2999305555555556,,
2025-03-11,0.0,157.16666666666666,140.1638888888889,4.218361111111111,-2.441388888888889,,
2025-03-12,0.0,241.79166666666666,167.425,4.231125,0.9362638888888889,,
2025-03-13,0.0,258.2916666666667,194.2388888888889,4.225565972222222,-4.495055555555555,,
2025-03-14,0.0,169.45833333333334,189.26250000000002,4.2148159722222225,0.4798055555555556,,
2025-03-15,0.0,102.79166666666667,188.35,4.2391805555555555,2.733611111111111,,
2025-03-16,0.0,180.58333333333334,129.9,4.241329861111111,6.847347222222222,,
2025-03-17,0.0,172.54166666666666,61.35,4.248815972222222,13.173250000000001,,
2025-03-18,0.4916666666666667,193.875,20.540277777777778,4.244770833333333,3.868680555555556,,
2025-03-19,0.1416666666666667,66.75,134.51388888888889,4.240135416666667,0.7151249999999999,,
2025-03-20,0.0,103.0,179.74166666666667,4.2404270833333335,3.6012222222222223,,
2025-03-21,0.0,146.66666666666666,72.07083333333334,4.244375,7.412,,
2025-03-22,0.16666666666666666,259.5,126.53611111111111,4.242791666666666,4.776319444444444,,
2025-03-23,0.0,220.83333333333334,54.37777777777777,4.237875,1.520875,,
2025-03-24,0.008333333333333333,231.625,170.42916666666667,4.225534722222222,-1.9010138888888888,,
2025-03-25,0.35833333333333334,160.5,83.45694444444445,4.229784722222222,0.5383611111111112,,
2025-03-26,0.008333333333333333,175.16666666666666,159.45277777777778,4.235125,3.855527777777778,,
2025-03-27,0.25,51.875,50.71944444444444,4.235513888888889,2.1445,,
2025-03-28,0.10833333333333335,170.95833333333334,148.7736111111111,4.232927083333333,1.8971527777777777,,
2025-03-29,0.0,293.2083333333333,206.49281609195404,4.233576388888889,-3.499125,,
2025-03-30,0.0,172.04166666666666,200.5625,4.220934027777778,-2.9804999999999997,,
2025-03-31,0.9500000000000002,124.16666666666667,34.923611111111114,4.2097395833333335,1.9334444444444443,,
2025-04-01,0.45,227.20833333333334,73.17916666666666,4.235809027777778,6.9992777777777775,,
2025-04-02,0.0,284.5,241.93888888888887,4.244572916666667,-1.3409305555555555,,
2025-04-03,0.0,190.41666666666666,51.96944444444444,4.223579861111111,-1.4652083333333332,,
2025-04-04,0.30833333333333335,261.1666666666667,193.52638888888887,4.221065972222222,1.9329999999999998,,
2025-04-05,0.0,209.33333333333334,146.71360153256705,4.248493055555556,-0.03236111111111112,,
2025-04-06,0.3583333333333334,148.04166666666666,56.99305555555555,4.232475694444444,2.0178333333333334,,
2025-04-07,0.0,250.29166666666666,222.61096743295022,4.24703125,2.227333333333333,,
2025-04-08,0.0,51.625,111.95416666666667,4.2401631944444444,0.11901388888888888,,
2025-04-09,0.041666666666666664,176.70833333333334,154.20316460359564,4.244180555555555,0.6918611111111111,,
2025-04-10,0.008333333333333333,209.625,261.25972222222225,4.247159722222222,2.5735972222222223,,
2025-04-11,0.0,206.45833333333334,171.86944444444444,4.2484062499999995,3.799930555555555,,
2025-04-12,0.0,120.95833333333333,97.71111111111111,4.250354166666667,5.368111111111111,,
2025-04-13,0.041666666666666664,39.166666666666664,53.10833333333334,4.248225694444444,3.0611527777777776,,
2025-04-14,0.125,215.66666666666666,63.40416666666666,4.241413194444444,1.6435416666666667,,
2025-04-15,0.008333333333333333,245.95833333333334,230.33749999999998,4.2474375,5.032277777777778,,
2025-04-16,0.225,163.20833333333334,191.15128968253967,4.253329861111111,8.005763888888888,,
2025-04-17,0.008333333333333333,225.91666666666666,174.85079365079366,4.257489583333333,5.885194444444444,,
2025-04-18,0.0,241.20833333333334,253.57638888888889,4.2569131944444445,5.708486111111111,,
2025-04-19,0.008333333333333333,170.125,55.29722222222222,4.256788194444444,7.773638888888889,,
2025-04-20,0.075,228.04166666666666,128.43776607066837,4.254833333333333,8.436819444444444,,
2025-04-21,0.0,310.875,275.9347222222222,4.25615625,5.540861111111112,,
2025-04-22,0.008333333333333333,154.70833333333334,82.94305555555555,4.2534479166666666,4.692930555555556,,
2025-04-23,0.025000000000000005,201.45833333333334,101.17916666666666,4.253298611111111,7.780958333333333,,
2025-04-24,0.0,298.7916666666667,182.23472222222222,4.253552083333333,18.968055555555555,,
2025-04-25,0.10833333333333334,193.29166666666666,73.05972222222222,4.232763888888889,28.126472222222223,,
2025-04-26,0.225,133.91666666666666,88.76527777777777,4.244604166666667,32.60981944444445,,
2025-04-27,0.5416666666666666,239.54166666666666,59.37916666666666,4.247399305555556,35.166805555555555,,
2025-04-28,0.39999999999999997,180.41666666666666,228.44808429118777,4.24,32.45186111111111,,
2025-04-29,0.025000000000000005,123.83333333333333,211.66468253968253,4.262041666666667,33.8204783625731,,
2025-04-30,0.0,205.70833333333334,245.93374726327315,4.264447916666667,,,
2025-05-01,0.0,282.5833333333333,300.9402777777778,4.264861111111111,5.166333333333333,,
2025-05-02,0.1416666666666667,136.875,103.04166666666667,4.255065972222222,5.567513888888889,,
2025-05-03,0.0,166.04166666666666,168.81791187739464,4.257888888888889,11.273652777777777,,
2025-05-04,0.5166666666666667,135.45833333333334,53.612500000000004,4.263,9.469611111111112,,
2025-05-05,0.0,266.9583333333333,294.70694444444445,4.264875,8.329666666666666,,
2025-05-06,0.008333333333333333,160.125,280.84497929606624,4.261170138888889,11.642138888888889,,
2025-05-07,0.12500000000000003,157.79166666666666,158.35470412941677,4.267524305555555,15.044069444444444,,
2025-05-08,0.3333333333333333,211.625,196.12370290549168,4.267704861111111,13.267055555555556,,
2025-05-09,0.0,79.33333333333333,150.92777777777778,4.262173611111111,2.8630416666666663,,
2025-05-10,0.525,51.208333333333336,49.17083333333333,4.255253472222222,6.018555555555555,,
2025-05-11,0.08333333333333333,272.9166666666667,132.37978927203065,4.261361111111111,7.861263888888889,,
2025-05-12,0.008333333333333333,283.0833333333333,214.78520114942526,4.259118055555556,7.6478472222222225,,
2025-05-13,0.0,236.08333333333334,317.9763888888889,4.264489583333334,6.9251805555555555,,
2025-05-14,0.0,164.875,232.4027777777778,4.257142361111112,11.39861111111111,,
2025-05-15,0.0,203.375,290.3527777777778,4.266559027777778,18.152041666666666,,
2025-05-16,0.0,168.79166666666666,168.59492337164752,4.268385416666667,11.370472222222224,,
2025-05-17,0.0,94.29166666666667,115.94722222222224,4.264635416666667,11.380305555555557,,
2025-05-18,0.0,118.66666666666667,112.67916666666666,4.265395833333334,11.513222222222224,,
2025-05-19,0.0,155.25,132.19921243082163,4.261815972222222,10.057180555555556,,
2025-05-20,0.06666666666666667,19.125,131.71527777777777,4.247381944444444,5.919930555555555,,
2025-05-21,0.0,12.083333333333334,162.99276819923372,4.258305555555555,5.747791666666667,,
2025-05-22,0.0,30.875,322.6111111111111,4.257097222222222,7.913916666666666,,
2025-05-23,0.8083333333333335,89.95833333333333,49.96111111111111,4.263590277777777,5.782680555555555,,
2025-05-24,0.075,128.54166666666666,137.85778218694887,4.265052083333333,9.318611111111112,,
2025-05-25,0.16666666666666666,174.58333333333334,102.27499999999999,4.267100694444444,7.772333333333333,,
2025-05-26,0.016666666666666666,264.0416666666667,272.59225639329804,4.263961805555556,6.591569444444445,,
2025-05-27,0.0,191.45833333333334,327.3861111111111,4.266951388888889,11.502763888888888,,
2025-05-28,0.0,174.70833333333334,317.8583333333333,4.281454861111111,18.429111111111112,,
2025-05-29,0.0,187.54166666666666,316.22083333333336,4.284847222222222,18.028319444444445,,
2025-05-30,0.0,185.625,280.264771483306,4.283611111111111,17.078680555555554,,
2025-05-31,0.425,148.20833333333334,106.71805555555555,4.2824583333333335,15.783652777777776,,
2025-06-01,0.0,162.625,239.63409435392194,4.281513888888889,15.532166666666667,,
2025-06-02,0.0,179.33333333333334,285.5597222222222,4.268635416666666,14.090597222222222,,
2025-06-03,0.0,186.41666666666666,323.0065972222222,4.273340277777778,15.465874999999999,,
2025-06-04,0.0,176.33333333333334,284.71527777777777,4.275767361111111,18.66358333333333,,
2025-06-05,0.016666666666666666,172.54166666666666,306.6847222222222,4.279204861111111,20.510416666666668,,
2025-06-06,0.0,251.08333333333334,293.31944444444446,4.282354166666667,17.064319444444443,,
2025-06-07,0.6,172.83333333333334,97.20680076628354,4.273934027777778,15.065249999999999,,
2025-06-08,0.8500000000000001,211.375,261.4486111111111,4.273215277777777,12.662722222222222,,
2025-06-09,0.0,169.95833333333334,270.13472222222225,4.275767361111111,15.098986111111111,,
2025-06-10,0.0,145.29166666666666,248.61666666666667,4.281003472222222,16.035208333333333,,
2025-06-11,0.38333333333333336,183.20833333333334,300.375,4.273097222222222,18.212138888888887,,
2025-06-12,0.025000000000000005,205.66666666666666,190.1492816091954,4.2874687499999995,18.01209722222222,,
2025-06-13,0.0,225.58333333333334,221.66079428234602,4.277385416666667,13.547486111111112,,
2025-06-14,0.0,154.625,222.0530459770115,4.26421875,12.77475,,
2025-06-15,0.0,174.45833333333334,298.6776894640915,4.280208333333333,14.462419685990339,,
2025-06-16,0.0,190.75,332.6069444444444,4.280135416666667,17.610902777777778,,
2025-06-17,0.0,183.66666666666666,267.1125,4.284798611111111,17.760416666666668,,
2025-06-18,0.0,163.04166666666666,221.7187363163656,4.283704861111111,17.72201388888889,,
2025-06-19,0.0,171.0,181.04756431308155,4.2849305555555555,21.5215,,
2025-06-20,0.0,166.04166666666666,289.5457010582011,4.286277777777777,23.75873611111111,,
2025-06-21,0.11666666666666668,227.125,267.140057319224,4.286472222222222,17.11040277777778,,
2025-06-22,0.18333333333333335,147.125,158.98749999999998,4.281711805555555,17.15575,,
2025-06-23,0.008333333333333333,210.29166666666666,250.1763888888889,4.2821493055555555,16.0775,,
2025-06-24,0.0,179.79166666666666,285.8320197044335,4.28275,23.02961111111111,,
2025-06-25,0.0,235.20833333333334,319.1666666666667,4.289496527777778,21.741666666666664,,
2025-06-26,0.0,266.1666666666667,275.28237547892724,4.284111111111111,15.670388888888889,,
2025-06-27,0.0,192.41666666666666,331.9402777777778,4.281836805555556,16.035458333333334,,
2025-06-28,0.0,179.375,215.97361111111113,4.280937499999999,17.72404166666667,,
2025-06-29,0.25,144.45833333333334,82.23055555555555,4.278083333333334,14.795069444444444,,
2025-06-30,0.041666666666666664,203.5,221.04809165929854,4.279079861111112,17.588680555555555,,
2025-07-01,0.0,167.91666666666666,285.64177689594356,4.283079861111111,22.429374999999997,,
2025-07-02,0.016666666666666666,187.04166666666666,286.7386111111111,4.286680555555556,23.619583333333335,,
2025-07-03,0.0,206.95833333333334,260.00967432950193,4.2855625,23.33086111111111,,
2025-07-04,0.275,188.875,187.42805555555557,4.283038194444445,20.07390277777778,,
2025-07-05,0.0,221.54166666666666,193.00842911877396,4.2817847222222225,17.635166666666667,,
2025-07-06,0.03333333333333333,176.66666666666666,175.4863536155203,4.2818958333333335,19.93502777777778,,
2025-07-07,0.09166666666666667,136.16666666666666,85.34305555555555,4.279541666666667,18.96551388888889,,
2025-07-08,0.016666666666666666,47.458333333333336,151.5316570881226,4.276184027777778,17.248069444444443,,
2025-07-09,0.0,165.45833333333334,317.3986111111111,4.2795625,17.403499999999998,,
2025-07-10,0.0,124.75,212.13208812260538,4.282229166666666,19.059236111111108,,
2025-07-11,0.0,101.54166666666667,258.92775488400486,4.281857638888889,20.113444444444443,,
2025-07-12,0.0,176.04166666666666,304.8333333333333,4.282954861111111,18.96973611111111,,
2025-07-13,0.0,178.04166666666666,274.47499999999997,4.283434027777778,21.22831944444444,,
2025-07-14,0.008333333333333333,181.08333333333334,260.5823124406458,4.282913194444444,21.914055555555553,,
2025-07-15,0.0,190.20833333333334,268.6439655172414,4.283607638888889,23.273805555555555,,
2025-07-16,0.0,186.95833333333334,284.4847222222222,4.289611111111111,25.506194444444443,,
2025-07-17,0.0,173.08333333333334,301.3097222222222,4.2860625,25.194125,,
2025-07-18,0.16666666666666666,219.29166666666666,182.6495512820513,4.28428125,22.793374999999997,,
2025-07-19,0.0,195.79166666666666,297.09027777777777,4.282062499999999,21.09248611111111,,
2025-07-20,0.5166666666666667,174.04166666666666,76.98194444444444,4.2800625000000005,19.19558333333333,,
2025-07-21,0.09166666666666667,256.3333333333333,135.684530651341,4.276927083333333,17.17513888888889,,
2025-07-22,0.0,317.375,312.49444444444447,4.278340277777778,17.792930555555554,,
2025-07-23,0.0,189.45833333333334,289.125,4.280013888888889,19.872902777777778,,
2025-07-24,0.0,176.66666666666666,183.13007320744387,4.280437500000001,20.27288888888889,,
2025-07-25,0.30833333333333335,206.5,144.1611111111111,4.280993055555556,21.42673611111111,,
2025-07-26,0.0,296.625,300.1763888888889,4.2841458333333335,19.877180555555555,,
2025-07-27,0.0,180.0,295.37083333333334,4.283246527777778,20.831888888888887,,
2025-07-28,0.0,194.95833333333334,269.67777777777775,4.284704861111111,21.678291666666667,,
2025-07-29,0.0,185.125,256.35833333333335,4.282604166666666,23.08809722222222,,
2025-07-30,0.0,176.25,253.3077027458493,4.281694444444445,20.295222222222222,,
2025-07-31,0.31666666666666665,196.375,223.7847222222222,4.2796770833333335,19.369888888888887,,
2025-08-01,0.0,74.625,263.7785714285714,4.276215277777777,18.011625,,
2025-08-02,0.0,140.16666666666666,278.826896893815,4.276847222222222,17.6475,,
2025-08-03,0.0,173.66666666666666,265.57222222222225,4.278635416666667,20.706319444444443,,
2025-08-04,0.0,199.83333333333334,188.45555555555555,4.280486111111111,20.727416666666667,,
2025-08-05,0.0,165.625,279.8152777777778,4.281243055555556,17.250333333333334,,
2025-08-06,0.0,183.70833333333334,297.57222222222225,4.280288194444444,16.49954166666667,,
2025-08-07,0.0,161.375,248.41944444444445,4.279427083333334,18.36184722222222,,
2025-08-08,0.0,209.83333333333334,235.1486111111111,4.28175,20.779611111111112,,
2025-08-09,0.0,178.625,253.44444444444446,4.280694444444444,22.93477777777778,,
2025-08-10,0.0,185.83333333333334,248.5875,4.281413194444444,23.49897222222222,,
2025-08-11,0.0,190.125,263.0833333333333,4.282177083333333,25.506763888888887,,
2025-08-12,0.0,179.95833333333334,259.3902777777778,4.287604166666667,27.197819444444445,,
2025-08-13,0.0,153.79166666666666,268.28194444444443,4.287951388888889,26.517305555555556,,
2025-08-14,0.016666666666666666,183.54166666666666,202.05933908045975,4.285447916666667,23.63876388888889,,
2025-08-15,0.0,231.0,288.45416666666665,4.2804166666666665,20.075416666666666,,
2025-08-16,0.0,160.79166666666666,275.40277777777777,4.274579861111111,17.746458333333333,,
2025-08-17,0.13333333333333333,201.5,219.74305555555554,4.275177083333333,20.446666666666665,,
2025-08-18,0.4083333333333334,315.5833333333333,197.22374779541448,4.274354166666667,16.75034722222222,,
2025-08-19,0.0,321.875,278.9,4.274131944444444,16.947791666666667,,
2025-08-20,0.0,138.45833333333334,278.45138888888886,4.2721076388888894,15.757319444444443,,
2025-08-21,0.0,112.91666666666667,253.9644841269841,4.270788194444445,16.723972222222223,,
2025-08-22,0.0,76.58333333333333,237.73472222222222,4.26996875,15.770930555555557,,
2025-08-23,0.0,138.875,183.6426724137931,4.264861111111111,18.286708333333333,,
2025-08-24,0.0,177.16666666666666,249.0041666666667,4.267006944444444,21.279555555555557,,
2025-08-25,0.025000000000000005,151.20833333333334,93.69583333333334,4.268173611111111,20.706138888888887,,
2025-08-26,0.016666666666666666,159.41666666666666,167.3312154108131,4.2675069444444444,20.346791666666665,,
2025-08-27,0.0,196.625,220.28611111111113,4.264315972222222,19.075263888888887,,
2025-08-28,0.008333333333333333,200.0,222.44075670498083,4.258736111111111,19.097305555555554,,
2025-08-29,0.0,161.45833333333334,215.24444444444444,4.2605104166666665,18.42325,,
2025-08-30,0.0,161.20833333333334,178.6291666666667,4.2707951388888885,17.9135,,
2025-08-31,0.0,231.0,190.91867631889184,4.258440972222222,17.08186111111111,,
2025-09-01,0.0,194.16666666666666,243.79722222222222,4.264618055555555,16.616791666666668,,
2025-09-02,0.0,124.45833333333333,241.78611111111113,4.257444444444444,17.52263888888889,,
2025-09-03,0.0,181.16666666666666,230.34305555555557,4.2547291666666665,20.48926388888889,,
2025-09-04,0.0,181.70833333333334,242.55972222222223,4.266555555555556,20.04598611111111,,
2025-09-05,0.0,159.375,174.8083333333333,4.264638888888888,20.452944444444444,,
2025-09-06,0.0,167.45833333333334,178.89583333333334,4.25403125,22.512472222222225,,
2025-09-07,0.05833333333333334,148.70833333333334,49.86666666666667,4.259350694444445,18.816736111111112,,
2025-09-08,0.05833333333333334,228.04166666666666,179.98749999999998,4.269565972222222,16.902625,,
2025-09-09,0.0,170.41666666666666,197.0638888888889,4.25609375,15.659999999999998,,
2025-09-10,0.0,163.25,196.80694444444444,4.251211805555555,16.709180555555555,,
2025-09-11,0.0,210.33333333333334,198.7111111111111,4.272270833333333,16.236069444444443,,
2025-09-12,0.0,288.2083333333333,81.03472222222223,4.259222222222222,14.770347222222222,,
2025-09-13,0.0,139.95833333333334,126.27916666666665,4.2368125,15.540527777777777,,
2025-09-14,0.16666666666666666,188.45833333333334,162.40694444444443,4.250892361111111,16.787972222222223,,
2025-09-15,0.008333333333333333,243.54166666666666,207.4125,4.260815972222223,16.26175,,
2025-09-16,0.0,171.58333333333334,206.84166666666667,4.267309027777778,15.496083333333333,,
2025-09-17,0.008333333333333333,177.91666666666666,202.72916666666666,4.270732638888889,17.07979166666667,,
2025-09-18,0.0,184.70833333333334,98.49722222222222,4.275788194444444,18.358958333333334,,
2025-09-19,0.016666666666666666,223.875,115.19166666666666,4.265979166666667,16.372597222222222,,
2025-09-20,0.0,279.5833333333333,183.92499999999998,4.263097222222222,12.16936111111111,,
2025-09-21,0.0,234.83333333333334,210.91111111111113,4.260701388888889,13.761194444444444,,
2025-09-22,0.0,181.20833333333334,201.30277777777778,4.259090277777778,15.041069444444444,,
2025-09-23,0.0,216.20833333333334,39.48611111111111,4.249274305555556,15.097819444444445,,
2025-09-24,0.0,68.08333333333333,178.35555555555553,4.244430555555556,14.616083333333334,,
2025-09-25,0.0,171.625,178.3236111111111,4.245142361111111,12.860569444444444,,
2025-09-26,1.1333333333333335,181.41666666666666,100.43611111111112,4.252670138888889,18.52638888888889,,
2025-09-27,0.075,249.70833333333334,195.90694444444443,4.2401180555555555,15.37525,,
2025-09-28,0.125,173.16666666666666,143.24027777777778,4.2551701388888885,14.56651388888889,,
2025-09-29,0.0,232.95833333333334,173.82083333333333,4.2576631944444445,17.528152777777777,,
2025-09-30,0.0,276.0,164.88333333333333,4.259003472222222,14.543194444444444,,
2025-10-01,0.008333333333333333,160.54166666666666,90.61977969348659,4.254083333333333,11.673736111111111,,
2025-10-02,0.03333333333333333,254.41666666666666,167.28611111111113,4.2529409722222224,11.59476388888889,,
2025-10-03,0.0,193.08333333333334,180.16805555555558,4.255239583333333,13.191847222222222,,
2025-10-04,0.0,225.58333333333334,133.81527777777777,4.2594618055555555,14.242930555555555,,
2025-10-05,0.008333333333333333,134.5,82.40833333333333,4.253993055555555,11.452069444444446,,
2025-10-06,0.0,186.41666666666666,159.88750000000002,4.257020833333333,19.722875,,
2025-10-07,0.0,181.29166666666666,165.97083333333333,4.265135416666666,18.119833333333332,,
2025-10-08,1.6500000000000001,206.75,40.62638888888889,4.256458333333334,17.265194444444443,,
2025-10-09,0.2416666666666667,323.5416666666667,67.24722222222222,4.249579861111111,10.255125,,
2025-10-10,0.008333333333333333,263.875,165.87222222222223,4.248121527777777,9.402902777777777,,
2025-10-11,0.0,220.33333333333334,164.15555555555554,4.2490625,11.406027777777778,,
2025-10-12,0.0,62.416666666666664,147.49305555555557,4.25184375,11.084319444444445,,
2025-10-13,0.008333333333333333,92.0,141.7722222222222,4.245461805555556,7.004833333333333,,
2025-10-14,0.0,168.625,135.36527777777778,4.244836805555555,7.903944444444444,,
2025-10-15,0.0,223.83333333333334,99.87083333333334,4.246076388888889,11.441152777777779,,
2025-10-16,0.008333333333333333,75.25,74.91250000000001,4.245378472222222,12.252777777777778,,
2025-10-17,0.03333333333333333,110.875,46.74166666666667,4.242104166666667,11.74861111111111,,
2025-10-18,0.05833333333333334,209.45833333333334,59.51666666666667,4.240770833333333,11.206138888888889,,
2025-10-19,0.05833333333333334,271.125,70.6375,4.2401736111111115,11.584999999999999,,
2025-10-20,0.025000000000000005,151.5,42.46944444444444,4.236204861111111,10.340472222222223,,
2025-10-21,0.18333333333333335,128.75,40.351388888888884,4.2343368055555555,13.056750000000001,,
2025-10-22,0.03333333333333333,159.04166666666666,99.68472222222222,4.243746527777778,13.519680555555555,,
2025-10-23,0.12500000000000003,157.08333333333334,132.20416666666668,4.247548611111111,14.948027777777776,,
2025-10-24,0.08333333333333333,187.16666666666666,113.9375,4.245239583333333,11.470958333333334,,
2025-10-25,0.016666666666666666,219.08333333333334,70.59861111111111,4.240364583333333,8.206777777777777,,
2025-10-26,0.0,172.625,72.02222222222223,4.233149305555556,6.017916666666667,,
2025-10-27,0.7250000000000001,75.75,17.630555555555556,4.223347222222222,8.215597222222224,,
2025-10-28,0.08333333333333333,56.083333333333336,30.599999999999998,4.229972222222222,10.008305555555555,,
2025-10-29,0.0,63.125,83.19444444444444,4.233076388888889,9.620388888888888,,
2025-10-30,0.016666666666666666,106.875,98.87083333333334,4.235784722222222,10.429541666666667,,
2025-10-31,1.0416666666666667,116.375,12.68611111111111,4.230145833333333,11.74275,,
2025-11-01,0.008333333333333333,212.45833333333334,49.51666666666667,4.23103125,12.485666666666665,,
2025-11-02,0.0,263.9583333333333,67.3,4.2302534722222225,,,
2025-11-03,0.0,226.45833333333334,81.29722222222222,4.225409722222222,,,
2025-11-04,0.45,206.54166666666666,20.506944444444443,4.217447916666667,,,
2025-11-05,0.0,258.8333333333333,110.34027777777777,4.221524305555556,,,
2025-11-06,0.3333333333333333,159.16666666666666,17.527777777777775,4.2175972222222216,,,
2025-11-07,0.008333333333333333,253.58333333333334,106.66527777777777,4.224152777777777,,,
2025-11-08,0.4000000000000001,173.95833333333334,17.1125,4.209409722222222,,,
2025-11-09,0.0,256.4583333333333,69.69305555555556,4.225555555555555,,,
2025-11-10,0.075,108.41666666666667,18.747222222222224,4.210826388888889,,,
2025-11-11,0.0,159.54166666666666,41.68611111111111,4.221482638888889,,,
2025-11-12,0.18333333333333335,213.04166666666666,54.895833333333336,4.2409687499999995,,,
2025-11-13,0.25,118.79166666666667,19.879166666666666,4.22653125,,,
2025-11-14,0.4166666666666667,210.70833333333334,27.620833333333334,4.218354166666667,,,
2025-11-15,0.10833333333333334,243.875,24.880555555555556,4.215486111111111,,,
2025-11-16,0.4166666666666667,123.33333333333333,26.027777777777775,4.208468750000001,,,
2025-11-17,0.18333333333333335,168.54166666666666,24.69027777777778,4.213611111111111,,,
2025-11-18,0.0,220.875,24.876388888888886,4.209753472222222,,,
2025-11-19,0.008333333333333333,219.70833333333334,85.85555555555555,4.218663194444445,,,
2025-11-20,0.0,215.29166666666666,92.91388888888889,4.223913194444445,,,
2025-11-21,0.0,175.41666666666666,73.98472222222223,4.21075,,,
2025-11-22,0.0,189.0,70.79305555555555,4.212590277777777,,,
2025-11-23,0.0,231.08333333333334,69.24305555555556,4.223482638888889,,,
2025-11-24,0.0,204.20833333333334,65.66944444444444,4.214256944444444,,,
2025-11-25,0.0,214.54166666666666,30.306944444444444,4.215236111111111,,,
2025-11-26,0.4916666666666667,133.66666666666666,12.806944444444445,4.198072916666667,,,
2025-11-27,0.10833333333333334,125.79166666666667,32.65833333333333,4.205982638888889,,,
2025-11-28,0.0,175.41666666666666,24.29861111111111,4.217069444444444,,,
2025-11-29,0.0,222.20833333333334,62.36666666666667,4.208555555555556,,,
2025-11-30,0.0,216.54166666666666,39.31527777777778,4.2026111111111115,,,
2025-12-01,0.38333333333333336,207.0,50.61388888888889,4.199107638888889,,,
2025-12-02,0.0,192.75,24.025000000000002,4.1979999999999995,,,
2025-12-03,0.7166666666666668,123.125,21.415277777777778,4.186864583333334,,,
2025-12-04,0.10000000000000002,197.91666666666666,21.291666666666668,4.199270833333333,,,
2025-12-05,0.008333333333333333,257.4583333333333,74.49861111111112,4.186920138888889,,,
2025-12-06,0.0,181.54166666666666,55.27777777777777,4.179017361111112,,,
2025-12-07,0.0,210.54166666666666,53.82222222222222,4.188590277777778,,,
2025-12-08,0.0,266.625,28.25,4.183756944444444,,,
2025-12-09,0.0,229.25,79.43333333333332,4.1807743055555555,,,
2025-12-10,0.0,168.20833333333334,28.188888888888894,4.176458333333334,,,
2025-12-11,0.10833333333333334,160.75,35.65138888888889,4.191045138888889,,,
2025-12-12,0.0,222.29166666666666,33.37638888888889,4.213201388888889,,,
2025-12-13,0.0,233.91666666666666,65.2625,4.197145833333333,,,
2025-12-14,0.0,109.66666666666667,21.369444444444444,4.187298611111111,,,
2025-12-15,0.0,245.58333333333334,29.20138888888889,4.190072916666667,,,
2025-12-16,0.0,244.33333333333334,56.19444444444445,4.189329861111111,,,
2025-12-17,0.0,174.41666666666666,25.604166666666668,4.191211805555556,,,
2025-12-18,0.0,228.79166666666666,68.49166666666666,4.217611111111111,,,
2025-12-19,0.0,157.04166666666666,23.34861111111111,4.206017361111111,,,
2025-12-20,0.3166666666666667,210.41666666666666,50.77777777777778,4.220986111111111,,,
2025-12-21,0.025000000000000005,180.91666666666666,9.698611111111111,4.201822916666667,,,
2025-12-22,0.0,278.875,21.305555555555554,4.202256944444445,,,
2025-12-23,0.0,260.6666666666667,34.047222222222224,4.183482638888889,,,
2025-12-24,0.0,136.25,24.86388888888889,4.1739375,,,
2025-12-25,0.0,219.04166666666666,23.27638888888889,4.177545138888889,,,
2025-12-26,0.0,322.375,21.44861111111111,4.177076388888889,,,
2025-12-27,0.0,307.0416666666667,25.684722222222224,4.180892361111112,,,
2025-12-28,0.0,285.125,65.27777777777779,4.1915196759259254,,,
2025-12-29,0.0,170.79166666666666,35.02638888888889,4.195774305555555,,,
2025-12-30,0.45,158.91666666666666,20.07777777777778,4.190614583333333,,,
2025-12-31,0.0,209.70833333333334,73.06388888888888,4.199222222222223,,,
2026-01-01,0.0,89.0,1.0,4.122833333333333,,,
