station,timestamp_utc,air_temperature_c,rain_mm,solar_radiation_w_m2,battery_v,wind_direction_deg,wind_speed_kmh,wind_gust_speed_kmh,relative_humidity_pct,dew_point_c
greenwich,2023-11-01 03:00:00+00:00,,0.0,1.0,4.213583333333333,250,7.75,14.416666666666666,79.36625,-1.5214999999999999
greenwich,2023-11-01 04:00:00+00:00,,0.0,1.0,4.210249999999999,250,11.833333333333334,17.666666666666668,79.70049999999999,-1.4489999999999998
greenwich,2023-11-01 05:00:00+00:00,,0.0,1.0,4.208166666666666,244,10.333333333333334,16.916666666666668,80.34341666666667,-1.2086666666666666
greenwich,2023-11-01 06:00:00+00:00,,0.0,1.0,4.206416666666667,243,8.666666666666666,14.583333333333334,81.37933333333334,-1.0498333333333332
greenwich,2023-11-01 07:00:00+00:00,,0.0,1.0,4.205666666666667,243,7.083333333333333,11.916666666666666,82.79424999999999,-1.0744166666666668
greenwich,2023-11-01 08:00:00+00:00,,0.0,1.0,4.2045,247,4.25,8.083333333333334,83.21583333333334,-0.8980833333333332
greenwich,2023-11-01 09:00:00+00:00,,0.0,1.0,4.2035,247,1.3333333333333333,4.75,85.54416666666667,-0.38633333333333336
greenwich,2023-11-01 10:00:00+00:00,,0.0,1.0833333333333333,4.203166666666667,299,0.75,3.3333333333333335,85.35125,-0.6261666666666666
greenwich,2023-11-01 11:00:00+00:00,,0.0,16.333333333333332,4.257000000000001,305,0.9166666666666666,2.5833333333333335,87.63066666666667,-0.39166666666666666
greenwich,2023-11-01 12:00:00+00:00,,0.0,46.333333333333336,4.305666666666666,244,2.9166666666666665,6.75,84.70833333333333,0.043166666666666666
greenwich,2023-11-01 13:00:00+00:00,,0.0,92.08333333333333,4.312166666666667,240,1.8333333333333333,4.583333333333333,81.983,0.5015833333333334
greenwich,2023-11-01 14:00:00+00:00,,0.0,109.83333333333333,4.31325,212,4.666666666666667,7.5,77.27866666666667,0.45858333333333334
greenwich,2023-11-01 15:00:00+00:00,,0.0,89.0,4.310083333333334,240,4.333333333333333,7.0,75.37441666666666,0.06816666666666667
greenwich,2023-11-01 16:00:00+00:00,,0.4,76.08333333333333,4.312166666666667,247,3.6666666666666665,8.666666666666666,85.0655,1.71825
greenwich,2023-11-01 17:00:00+00:00,,0.2,54.583333333333336,4.306416666666666,17,1.8333333333333333,4.75,92.08800000000001,1.98925
greenwich,2023-11-01 18:00:00+00:00,,0.0,60.666666666666664,4.311,108,0.5833333333333334,2.5833333333333335,89.39216666666668,2.3001666666666667
greenwich,2023-11-01 19:00:00+00:00,,0.0,27.666666666666668,4.3021666666666665,126,0.25,1.4166666666666667,88.72008333333333,2.2118333333333333
greenwich,2023-11-01 20:00:00+00:00,,0.0,6.083333333333333,4.2915833333333335,128,0.5833333333333334,2.8333333333333335,92.04233333333333,2.2263333333333333
greenwich,2023-11-01 21:00:00+00:00,,0.0,1.0833333333333333,4.259083333333334,209,1.0,3.75,93.28416666666668,2.0340000000000003
greenwich,2023-11-01 22:00:00+00:00,,2.0,1.0,4.240666666666667,15,3.25,7.833333333333333,95.93933333333332,1.7639166666666668
greenwich,2023-11-01 23:00:00+00:00,,0.6000000000000001,1.0,4.229666666666667,34,8.833333333333334,19.0,93.24441666666667,2.61275
greenwich,2023-11-02 00:00:00+00:00,,0.0,1.0,4.222,7,10.083333333333334,22.75,91.03666666666668,2.6694166666666668
greenwich,2023-11-02 01:00:00+00:00,,0.2,1.0,4.217,352,11.25,24.75,91.59716666666667,2.6654166666666668
greenwich,2023-11-02 02:00:00+00:00,,0.4,1.0,4.21375,348,12.25,27.5,94.87808333333334,2.9291666666666667
greenwich,2023-11-02 03:00:00+00:00,,0.0,1.0,4.210083333333333,6,12.166666666666666,27.333333333333332,92.89758333333333,2.2416666666666667
greenwich,2023-11-02 04:00:00+00:00,,0.0,1.0,4.208166666666666,1,10.0,21.916666666666668,86.223,1.2919166666666666
greenwich,2023-11-02 05:00:00+00:00,,0.0,1.0,4.206333333333333,3,9.083333333333334,20.916666666666668,82.79375,0.9455833333333333
greenwich,2023-11-02 06:00:00+00:00,,0.0,1.0,4.20575,326,8.416666666666666,20.333333333333332,85.46974999999999,1.2596666666666667
greenwich,2023-11-02 07:00:00+00:00,,0.0,1.0,4.2055,345,7.083333333333333,16.25,82.54166666666667,0.48308333333333336
greenwich,2023-11-02 08:00:00+00:00,,0.0,1.0,4.203666666666667,3,9.083333333333334,20.833333333333332,83.103,1.0650833333333332
greenwich,2023-11-02 09:00:00+00:00,,0.4,1.0,4.203916666666667,352,11.0,23.416666666666668,94.557,1.6094166666666665
greenwich,2023-11-02 10:00:00+00:00,,0.6000000000000001,1.0833333333333333,4.204416666666666,347,8.416666666666666,19.166666666666668,96.344,1.1115833333333334
greenwich,2023-11-02 11:00:00+00:00,,0.0,34.25,4.284416666666667,41,11.166666666666666,21.0,96.20474999999999,1.2468333333333332
greenwich,2023-11-02 12:00:00+00:00,,0.2,42.166666666666664,4.305416666666667,39,7.666666666666667,17.5,85.25683333333333,0.7135833333333333
greenwich,2023-11-02 13:00:00+00:00,,0.0,125.25,4.30975,336,8.583333333333334,19.0,76.10183333333333,0.3615
greenwich,2023-11-02 14:00:00+00:00,,0.0,124.16666666666667,4.312,357,7.75,17.166666666666668,74.08916666666666,0.14300000000000002
greenwich,2023-11-02 15:00:00+00:00,,0.0,148.16666666666666,4.3105,317,10.5,23.083333333333332,66.38191666666667,-0.9488333333333333
greenwich,2023-11-02 16:00:00+00:00,,0.0,253.0,4.310333333333333,305,11.583333333333334,23.666666666666668,62.58591666666666,-1.5765
greenwich,2023-11-02 17:00:00+00:00,,0.0,271.9166666666667,4.31125,306,11.166666666666666,21.916666666666668,62.54891666666666,-1.6139166666666667
greenwich,2023-11-02 18:00:00+00:00,,0.0,246.16666666666666,4.31225,302,9.916666666666666,20.0,60.25858333333334,-1.8063333333333336
greenwich,2023-11-02 19:00:00+00:00,,0.0,98.5,4.31025,312,7.166666666666667,15.5,62.322,-2.297
greenwich,2023-11-02 20:00:00+00:00,,0.0,38.416666666666664,4.305833333333333,271,6.666666666666667,14.833333333333334,64.93041666666666,-2.7110000000000003
greenwich,2023-11-02 21:00:00+00:00,,0.0,1.25,4.274166666666667,247,7.25,12.833333333333334,70.847,-3.519083333333333
greenwich,2023-11-02 22:00:00+00:00,,0.0,1.0,4.2491666666666665,247,5.75,8.75,74.48591666666667,-3.560583333333333
greenwich,2023-11-02 23:00:00+00:00,,0.0,1.0,4.235416666666667,236,7.583333333333333,12.666666666666666,76.26675,-3.4705833333333334
greenwich,2023-11-03 00:00:00+00:00,,0.0,1.0,4.225416666666667,241,10.583333333333334,15.5,73.97058333333334,-3.3840833333333333
greenwich,2023-11-03 01:00:00+00:00,,0.0,1.0,4.21875,244,9.333333333333334,15.083333333333334,75.58641666666666,-3.019
greenwich,2023-11-03 02:00:00+00:00,,0.0,1.0,4.2138333333333335,246,5.916666666666667,12.666666666666666,77.23441666666666,-2.7131666666666665
greenwich,2023-11-03 03:00:00+00:00,,0.0,1.0,4.209666666666666,256,3.8333333333333335,9.083333333333334,78.64883333333334,-2.6815833333333337
greenwich,2023-11-03 04:00:00+00:00,,0.0,1.0,4.206,248,4.666666666666667,10.333333333333334,80.61208333333333,-2.4763333333333333
greenwich,2023-11-03 05:00:00+00:00,,0.0,1.0,4.2035,246,7.75,13.5,82.79858333333333,-2.2734166666666664
greenwich,2023-11-03 06:00:00+00:00,,0.0,1.0,4.2011666666666665,253,7.0,13.166666666666666,83.76841666666667,-2.1590833333333332
greenwich,2023-11-03 07:00:00+00:00,,0.0,1.0,4.19975,247,8.5,13.25,82.83375,-2.154666666666667
greenwich,2023-11-03 08:00:00+00:00,,0.0,1.0,4.198916666666666,240,9.75,15.25,81.20866666666667,-2.0545833333333334
greenwich,2023-11-03 09:00:00+00:00,,0.0,1.0,4.199166666666667,243,11.333333333333334,15.75,78.15608333333334,-2.0751666666666666
greenwich,2023-11-03 10:00:00+00:00,,0.0,1.75,4.201833333333333,246,11.166666666666666,17.166666666666668,76.87458333333333,-1.8918333333333333
greenwich,2023-11-03 11:00:00+00:00,,0.0,41.083333333333336,4.28625,248,11.75,17.833333333333332,74.59474999999999,-1.665333333333333
greenwich,2023-11-03 12:00:00+00:00,,0.0,170.66666666666666,4.317,233,6.333333333333333,11.166666666666666,73.9645,-0.48016666666666663
greenwich,2023-11-03 13:00:00+00:00,,0.0,258.1666666666667,4.31375,195,8.416666666666666,14.666666666666666,73.63391666666666,1.02725
greenwich,2023-11-03 14:00:00+00:00,,0.0,361.75,4.313833333333333,230,14.166666666666666,21.5,67.01816666666666,1.7291666666666667
greenwich,2023-11-03 15:00:00+00:00,,0.0,245.91666666666666,4.31175,226,14.333333333333334,22.75,63.30141666666666,0.9164166666666667
greenwich,2023-11-03 16:00:00+00:00,,0.0,425.5833333333333,4.3133333333333335,226,15.833333333333334,25.916666666666668,59.11333333333334,1.0948333333333333
greenwich,2023-11-03 17:00:00+00:00,,0.0,337.4166666666667,4.312666666666667,230,14.25,21.916666666666668,55.85441666666667,0.7474166666666666
greenwich,2023-11-03 18:00:00+00:00,,0.0,157.08333333333334,4.312166666666667,222,14.666666666666666,23.916666666666668,65.1995,1.7168333333333334
greenwich,2023-11-03 19:00:00+00:00,,0.0,68.16666666666667,4.307083333333334,226,13.666666666666666,22.666666666666668,71.53133333333334,2.5119166666666666
greenwich,2023-11-03 20:00:00+00:00,,0.0,14.833333333333334,4.301833333333334,220,11.0,19.333333333333332,77.94266666666667,3.1965833333333333
greenwich,2023-11-03 21:00:00+00:00,,0.0,1.25,4.273166666666667,215,5.416666666666667,10.583333333333334,83.75125,2.9424166666666665
greenwich,2023-11-03 22:00:00+00:00,,0.0,1.0,4.253416666666666,188,3.9166666666666665,7.083333333333333,87.64591666666666,2.3154166666666667
greenwich,2023-11-03 23:00:00+00:00,,0.0,1.0,4.242,170,4.666666666666667,8.5,91.04124999999999,2.353083333333333
greenwich,2023-11-04 00:00:00+00:00,,0.0,1.0,4.2324166666666665,168,5.25,9.916666666666666,92.78408333333334,2.5616666666666665
greenwich,2023-11-04 01:00:00+00:00,,0.0,1.0,4.225333333333333,188,6.333333333333333,12.0,93.58725,2.750166666666667
greenwich,2023-11-04 02:00:00+00:00,,0.0,1.0,4.220833333333333,198,7.166666666666667,13.333333333333334,94.32799999999999,3.3180833333333335
greenwich,2023-11-04 03:00:00+00:00,,0.0,1.0,4.2171666666666665,205,6.25,12.25,92.47783333333332,3.12625
greenwich,2023-11-04 04:00:00+00:00,,0.0,1.0,4.213916666666667,212,6.5,12.416666666666666,89.13966666666666,3.0134166666666666
greenwich,2023-11-04 05:00:00+00:00,,0.0,1.0,4.211666666666667,188,6.166666666666667,11.666666666666666,89.33458333333333,3.3141666666666665
greenwich,2023-11-04 06:00:00+00:00,,0.0,1.0,4.209833333333333,219,10.0,17.0,86.55741666666667,4.034833333333333
greenwich,2023-11-04 07:00:00+00:00,,0.0,1.0,4.20875,218,16.083333333333332,27.916666666666668,83.65258333333334,4.753166666666666
greenwich,2023-11-04 08:00:00+00:00,,0.0,1.0,4.2090000000000005,226,17.583333333333332,27.5,82.91133333333333,4.987666666666667
greenwich,2023-11-04 09:00:00+00:00,,0.0,1.0,4.20875,223,15.833333333333334,27.75,83.72025000000001,5.3356666666666674
greenwich,2023-11-04 10:00:00+00:00,,0.0,1.0,4.208583333333333,222,14.5,24.083333333333332,84.66366666666667,5.702333333333333
greenwich,2023-11-04 11:00:00+00:00,,0.0,6.25,4.219,230,15.5,24.75,85.0865,6.227083333333333
greenwich,2023-11-04 12:00:00+00:00,,0.0,44.583333333333336,4.299666666666667,226,13.833333333333334,23.416666666666668,86.50641666666667,6.625916666666666
greenwich,2023-11-04 13:00:00+00:00,,0.0,89.0,4.309666666666667,222,18.333333333333332,27.833333333333332,84.788,7.032
greenwich,2023-11-04 14:00:00+00:00,,0.0,174.5,4.313833333333333,232,19.416666666666668,30.666666666666668,82.36208333333333,7.614583333333333
greenwich,2023-11-04 15:00:00+00:00,,0.0,203.5,4.31425,239,22.083333333333332,34.666666666666664,77.8035,7.910083333333333
greenwich,2023-11-04 16:00:00+00:00,,0.0,362.4166666666667,4.313666666666666,239,19.666666666666668,29.5,74.3485,8.403416666666667
greenwich,2023-11-04 17:00:00+00:00,,0.0,369.9166666666667,4.313833333333333,244,21.166666666666668,31.833333333333332,66.03583333333334,7.619
greenwich,2023-11-04 18:00:00+00:00,,0.0,211.08333333333334,4.3109166666666665,244,16.916666666666668,27.583333333333332,63.13616666666667,6.8302499999999995
greenwich,2023-11-04 19:00:00+00:00,,0.0,59.916666666666664,4.309333333333334,253,6.25,14.916666666666666,69.84933333333333,7.191
greenwich,2023-11-04 20:00:00+00:00,,0.0,5.666666666666667,4.290583333333333,307,4.583333333333333,9.75,80.23025,7.463
greenwich,2023-11-04 21:00:00+00:00,,0.0,1.0,4.2683333333333335,265,0.4166666666666667,2.1666666666666665,89.95516666666667,6.5352500000000004
greenwich,2023-11-04 22:00:00+00:00,,0.0,1.0,4.255083333333333,236,1.0833333333333333,3.5,92.73316666666666,6.539416666666667
greenwich,2023-11-04 23:00:00+00:00,,0.0,1.0,4.245,232,2.4166666666666665,5.916666666666667,91.96008333333333,6.613583333333334
greenwich,2023-11-05 00:00:00+00:00,,0.0,1.0,4.23825,254,4.333333333333333,9.583333333333334,91.1125,7.61225
greenwich,2023-11-05 01:00:00+00:00,,0.0,1.0,4.233416666666667,250,1.0833333333333333,3.8333333333333335,94.57741666666668,6.704916666666667
greenwich,2023-11-05 02:00:00+00:00,,0.0,1.0,4.228833333333333,275,0.16666666666666666,1.1666666666666667,97.80341666666668,5.381
greenwich,2023-11-05 03:00:00+00:00,,0.0,1.0,4.224083333333334,272,0.75,3.0833333333333335,99.08725,5.9984166666666665
greenwich,2023-11-05 04:00:00+00:00,,0.0,1.0,4.21975,307,0.5,2.5,98.56566666666667,5.062666666666667
greenwich,2023-11-05 05:00:00+00:00,,0.0,1.0,4.21625,326,0.25,1.4166666666666667,98.891,3.9065
greenwich,2023-11-05 06:00:00+00:00,,0.0,1.0,4.2124999999999995,326,0.08333333333333333,0.8333333333333334,99.65316666666666,2.972583333333333
greenwich,2023-11-05 07:00:00+00:00,,0.0,1.0,4.209416666666667,312,0.5,1.1666666666666667,99.985,2.1549166666666664
greenwich,2023-11-05 08:00:00+00:00,,0.0,1.0,4.206083333333333,278,0.8333333333333334,2.3333333333333335,100.0,1.4982499999999999
greenwich,2023-11-05 09:00:00+00:00,,0.0,1.0,4.203833333333333,226,1.5,3.4166666666666665,100.0,1.611
greenwich,2023-11-05 10:00:00+00:00,,0.0,1.0,4.202083333333333,247,1.0833333333333333,3.25,100.0,2.0763333333333334
greenwich,2023-11-05 11:00:00+00:00,,0.0,22.5,4.26725,197,1.0,3.5,100.0,2.824666666666667
greenwich,2023-11-05 12:00:00+00:00,,0.0,29.333333333333332,4.30375,161,4.25,8.583333333333334,100.0,4.8421666666666665
greenwich,2023-11-05 13:00:00+00:00,,0.0,42.5,4.305583333333334,248,3.0833333333333335,7.166666666666667,99.573,5.344166666666666
greenwich,2023-11-05 14:00:00+00:00,,0.0,59.0,4.308166666666667,247,6.75,11.666666666666666,91.16283333333332,4.430416666666667
greenwich,2023-11-05 15:00:00+00:00,,0.0,84.41666666666667,4.3109166666666665,250,8.333333333333334,14.0,81.83383333333333,3.1245
greenwich,2023-11-05 16:00:00+00:00,,0.0,76.41666666666667,4.310416666666667,247,6.416666666666667,12.166666666666666,79.461,3.24225
greenwich,2023-11-05 17:00:00+00:00,,0.0,66.0,4.309166666666667,265,8.25,18.083333333333332,73.19183333333334,2.2855833333333333
greenwich,2023-11-05 18:00:00+00:00,,0.0,55.5,4.3075833333333335,300,10.333333333333334,20.75,71.18058333333333,1.6891666666666667
greenwich,2023-11-05 19:00:00+00:00,,0.0,23.083333333333332,4.303166666666667,307,7.666666666666667,15.166666666666666,71.31091666666667,1.3126666666666666
greenwich,2023-11-05 20:00:00+00:00,,0.0,4.0,4.284416666666667,309,8.0,17.916666666666668,74.59508333333333,1.8220833333333335
greenwich,2023-11-05 21:00:00+00:00,,0.0,1.0,4.2545,319,9.166666666666666,18.833333333333332,71.46308333333333,1.0453333333333334
greenwich,2023-11-05 22:00:00+00:00,,0.0,1.0,4.241833333333333,327,10.333333333333334,20.166666666666668,68.146,0.3145833333333334
greenwich,2023-11-05 23:00:00+00:00,,0.0,1.0,4.233333333333333,323,10.5,22.25,67.96458333333334,-0.13316666666666668
greenwich,2023-11-06 00:00:00+00:00,,0.0,1.0,4.2259166666666665,319,11.416666666666666,23.5,64.92275,-0.5680833333333334
greenwich,2023-11-06 01:00:00+00:00,,0.0,1.0,4.220916666666667,321,10.916666666666666,24.0,69.76725,0.4054166666666667
greenwich,2023-11-06 02:00:00+00:00,,0.0,1.0,4.217,3,10.0,22.583333333333332,82.94316666666667,1.7694166666666666
greenwich,2023-11-06 03:00:00+00:00,,0.0,1.0,4.2132499999999995,4,10.083333333333334,21.166666666666668,86.495,1.1651666666666667
greenwich,2023-11-06 04:00:00+00:00,,0.0,1.0,4.20925,348,9.25,21.416666666666668,71.63350000000001,-1.10175
greenwich,2023-11-06 05:00:00+00:00,,0.0,1.0,4.20675,337,9.25,19.666666666666668,66.7605,-2.0545833333333334
greenwich,2023-11-06 06:00:00+00:00,,0.0,1.0,4.20475,337,9.416666666666666,19.666666666666668,61.889833333333335,-3.345333333333333
greenwich,2023-11-06 07:00:00+00:00,,0.0,1.0,4.203333333333333,352,7.666666666666667,17.583333333333332,62.382083333333334,-3.6466666666666665
greenwich,2023-11-06 08:00:00+00:00,,0.0,1.0,4.20275,341,6.583333333333333,15.416666666666666,59.17058333333333,-4.65425
greenwich,2023-11-06 09:00:00+00:00,,0.0,1.0,4.200916666666667,6,6.25,14.0,60.55616666666666,-4.3181666666666665
greenwich,2023-11-06 10:00:00+00:00,,0.0,1.0,4.200333333333333,341,6.166666666666667,13.666666666666666,61.67183333333333,-4.14475
greenwich,2023-11-06 11:00:00+00:00,,0.0,20.5,4.258,329,5.583333333333333,12.166666666666666,61.35333333333333,-4.043833333333333
greenwich,2023-11-06 12:00:00+00:00,,0.0,80.58333333333333,4.30975,329,6.333333333333333,13.333333333333334,59.71616666666667,-3.70225
greenwich,2023-11-06 13:00:00+00:00,,0.0,222.0,4.310333333333333,316,7.166666666666667,15.0,57.31166666666667,-3.5796666666666668
greenwich,2023-11-06 14:00:00+00:00,,0.0,435.0833333333333,4.312416666666667,316,9.25,19.083333333333332,56.83558333333334,-2.9825
greenwich,2023-11-06 15:00:00+00:00,,0.0,353.4166666666667,4.311833333333333,307,8.583333333333334,17.333333333333332,58.47675,-2.6290833333333334
greenwich,2023-11-06 16:00:00+00:00,,0.0,450.1666666666667,4.311333333333333,291,8.166666666666666,18.916666666666668,57.38358333333333,-2.278
greenwich,2023-11-06 17:00:00+00:00,,0.0,381.3333333333333,4.313583333333333,292,7.583333333333333,16.083333333333332,50.89891666666667,-3.61975
greenwich,2023-11-06 18:00:00+00:00,,0.0,261.5,4.31375,300,7.416666666666667,16.333333333333332,52.840833333333336,-3.5202499999999994
greenwich,2023-11-06 19:00:00+00:00,,0.0,144.91666666666666,4.312583333333333,282,5.916666666666667,13.416666666666666,54.52258333333333,-3.8206666666666664
greenwich,2023-11-06 20:00:00+00:00,,0.0,26.5,4.303333333333334,288,2.9166666666666665,9.083333333333334,61.389833333333335,-4.217
greenwich,2023-11-06 21:00:00+00:00,,0.0,1.0,4.266166666666667,258,3.4166666666666665,8.666666666666666,60.84116666666667,-5.760750000000001
greenwich,2023-11-06 22:00:00+00:00,,0.0,1.0,4.247,268,2.5,5.916666666666667,64.19008333333333,-5.9022499999999996
greenwich,2023-11-06 23:00:00+00:00,,0.0,1.0,4.234,248,3.4166666666666665,6.166666666666667,69.97683333333333,-5.347416666666667
greenwich,2023-11-07 00:00:00+00:00,,0.0,1.0,4.224583333333333,227,3.4166666666666665,6.75,70.90933333333334,-5.028
greenwich,2023-11-07 01:00:00+00:00,,0.0,1.0,4.21675,232,0.6666666666666666,3.4166666666666665,73.6065,-5.257000000000001
greenwich,2023-11-07 02:00:00+00:00,,0.0,1.0,4.209583333333334,229,1.6666666666666667,5.5,78.57375,-4.527166666666667
greenwich,2023-11-07 03:00:00+00:00,,0.0,1.0,4.20425,205,1.25,3.0,80.23725,-4.423666666666667
greenwich,2023-11-07 04:00:00+00:00,,0.0,1.0,4.2,177,2.6666666666666665,5.166666666666667,78.21041666666666,-4.828
greenwich,2023-11-07 05:00:00+00:00,,0.0,1.0,4.197583333333333,121,1.3333333333333333,3.9166666666666665,77.16983333333333,-5.0553333333333335
greenwich,2023-11-07 06:00:00+00:00,,0.0,1.0,4.19525,156,0.25,1.3333333333333333,78.69258333333333,-4.85475
greenwich,2023-11-07 07:00:00+00:00,,0.0,1.0,4.1937500000000005,156,1.0,2.9166666666666665,80.13083333333333,-3.4698333333333333
greenwich,2023-11-07 08:00:00+00:00,,0.0,1.0,4.194,105,0.9166666666666666,2.6666666666666665,84.10791666666667,-2.3177499999999998
greenwich,2023-11-07 09:00:00+00:00,,0.0,1.0,4.193666666666666,101,1.0833333333333333,3.6666666666666665,81.0065,-2.81375
greenwich,2023-11-07 10:00:00+00:00,,0.0,1.0,4.193833333333333,111,2.0833333333333335,6.333333333333333,79.68666666666667,-2.3205
greenwich,2023-11-07 11:00:00+00:00,,0.0,14.166666666666666,4.241333333333333,145,3.6666666666666665,7.416666666666667,78.31291666666667,-1.9189999999999998
greenwich,2023-11-07 12:00:00+00:00,,0.0,55.583333333333336,4.307833333333334,194,5.25,9.333333333333334,79.51483333333333,-0.3893333333333333
greenwich,2023-11-07 13:00:00+00:00,,0.0,136.75,4.311083333333333,171,6.083333333333333,12.166666666666666,77.31883333333333,1.3755833333333332
greenwich,2023-11-07 14:00:00+00:00,,0.0,150.83333333333334,4.311833333333333,161,11.25,20.833333333333332,71.77616666666667,2.099416666666667
greenwich,2023-11-07 15:00:00+00:00,,0.0,64.0,4.30825,180,9.75,19.0,75.62441666666666,2.8816666666666664
greenwich,2023-11-07 16:00:00+00:00,,0.0,124.66666666666667,4.3133333333333335,174,11.166666666666666,21.166666666666668,76.97441666666667,4.04075
greenwich,2023-11-07 17:00:00+00:00,,0.0,84.25,4.308416666666667,171,11.833333333333334,21.916666666666668,78.55633333333334,4.9655
greenwich,2023-11-07 18:00:00+00:00,,0.0,62.083333333333336,4.310333333333333,170,11.916666666666666,22.666666666666668,80.64608333333332,5.59875
greenwich,2023-11-07 19:00:00+00:00,,0.0,61.416666666666664,4.311333333333333,174,15.25,26.416666666666668,80.772,6.048166666666667
greenwich,2023-11-07 20:00:00+00:00,,0.0,5.0,4.28575,170,15.166666666666666,27.75,83.49275,6.1617500000000005
greenwich,2023-11-07 21:00:00+00:00,,0.4,1.0,4.256916666666666,178,16.416666666666668,29.583333333333332,88.96391666666666,6.716333333333334
greenwich,2023-11-07 22:00:00+00:00,,0.0,1.0,4.243916666666666,173,17.833333333333332,32.25,94.21600000000001,7.20825
greenwich,2023-11-07 23:00:00+00:00,,1.8,1.0,4.234583333333333,175,18.416666666666668,32.416666666666664,96.47966666666667,7.395499999999999
greenwich,2023-11-08 00:00:00+00:00,,1.4000000000000001,1.0,4.228083333333333,171,16.5,28.333333333333332,97.94125000000001,7.78725
greenwich,2023-11-08 01:00:00+00:00,,0.4,1.0,4.223333333333334,173,13.416666666666666,24.0,98.72175,8.2615
greenwich,2023-11-08 02:00:00+00:00,,0.0,1.0,4.21925,161,12.166666666666666,21.25,98.63,8.642833333333334
greenwich,2023-11-08 03:00:00+00:00,,0.0,1.0,4.216333333333333,175,10.5,20.5,98.06116666666667,9.030583333333334
greenwich,2023-11-08 04:00:00+00:00,,0.0,1.0,4.213833333333333,184,9.5,19.25,97.68075,9.353
greenwich,2023-11-08 05:00:00+00:00,,0.0,1.0,4.212000000000001,174,8.166666666666666,14.916666666666666,98.58091666666667,9.698666666666666
greenwich,2023-11-08 06:00:00+00:00,,0.2,1.0,4.210583333333333,190,7.166666666666667,14.333333333333334,99.20416666666667,10.202250000000001
greenwich,2023-11-08 07:00:00+00:00,,1.8,1.0,4.209666666666667,194,6.583333333333333,12.416666666666666,99.93416666666667,10.192166666666667
greenwich,2023-11-08 08:00:00+00:00,,0.4,1.0,4.2082500000000005,263,11.333333333333334,25.25,99.86025000000001,8.228416666666666
greenwich,2023-11-08 09:00:00+00:00,,0.4,1.0,4.207333333333334,310,14.75,30.666666666666668,98.24691666666666,5.864249999999999
greenwich,2023-11-08 10:00:00+00:00,,0.0,1.0,4.205333333333333,303,13.583333333333334,26.5,92.3105,4.203833333333333
greenwich,2023-11-08 11:00:00+00:00,,0.0,7.5,4.2284999999999995,307,13.25,28.0,88.39658333333334,2.86275
greenwich,2023-11-08 12:00:00+00:00,,0.0,39.25,4.304,302,11.583333333333334,26.833333333333332,85.75175,2.2790833333333333
greenwich,2023-11-08 13:00:00+00:00,,0.0,83.83333333333333,4.308833333333333,289,9.5,24.0,87.39358333333332,2.47025
greenwich,2023-11-08 14:00:00+00:00,,0.0,152.33333333333334,4.313583333333333,282,10.333333333333334,24.833333333333332,88.80991666666667,2.5935833333333336
greenwich,2023-11-08 15:00:00+00:00,,0.0,88.5,4.310083333333333,282,9.75,21.5,87.681,2.003
greenwich,2023-11-08 16:00:00+00:00,,0.0,125.5,4.31125,299,9.416666666666666,23.916666666666668,88.67983333333332,2.0917499999999998
greenwich,2023-11-08 17:00:00+00:00,,0.2,107.41666666666667,4.31025,286,10.583333333333334,22.916666666666668,90.99325,2.0335
greenwich,2023-11-08 18:00:00+00:00,,1.0,42.666666666666664,4.307416666666667,303,11.583333333333334,25.75,96.52733333333333,1.9582499999999998
greenwich,2023-11-08 19:00:00+00:00,,0.2,51.333333333333336,4.3084999999999996,298,12.0,28.083333333333332,93.07933333333334,1.9020833333333333
greenwich,2023-11-08 20:00:00+00:00,,0.0,5.833333333333333,4.288916666666666,300,12.916666666666666,29.416666666666668,92.63016666666665,1.3806666666666667
greenwich,2023-11-08 21:00:00+00:00,,0.0,1.0,4.253916666666666,293,9.916666666666666,24.5,93.63183333333332,0.8744999999999999
greenwich,2023-11-08 22:00:00+00:00,,1.8,1.0,4.237,264,10.666666666666666,25.583333333333332,98.25533333333334,1.2851666666666668
greenwich,2023-11-08 23:00:00+00:00,,3.2,1.0,4.226583333333333,302,14.083333333333334,31.083333333333332,99.40191666666668,1.7770833333333333
greenwich,2023-11-09 00:00:00+00:00,,0.2,1.0,4.217333333333333,309,17.583333333333332,34.25,94.78716666666666,2.2348333333333334
greenwich,2023-11-09 01:00:00+00:00,,0.2,1.0,4.210583333333333,327,17.75,34.5,90.62766666666666,1.8790833333333332
greenwich,2023-11-09 02:00:00+00:00,,0.2,1.0,4.1987499999999995,316,18.5,36.5,92.87541666666668,1.9758333333333333
greenwich,2023-11-09 03:00:00+00:00,,0.2,1.0,4.201083333333334,309,20.25,38.583333333333336,93.14041666666667,2.102
greenwich,2023-11-09 04:00:00+00:00,,0.0,1.0,4.19475,312,21.583333333333332,40.416666666666664,91.11441666666667,2.3660833333333335
greenwich,2023-11-09 05:00:00+00:00,,0.2,1.0,4.197666666666667,313,23.0,43.25,93.54666666666667,3.0440833333333335
greenwich,2023-11-09 06:00:00+00:00,,0.2,1.0,4.19275,309,21.833333333333332,43.666666666666664,95.82008333333333,3.91925
greenwich,2023-11-09 07:00:00+00:00,,0.2,1.0,4.1972499999999995,313,19.333333333333332,37.916666666666664,98.77791666666667,5.300166666666667
greenwich,2023-11-09 08:00:00+00:00,,0.2,1.0,4.1978333333333335,319,11.5,25.166666666666668,94.89150000000001,5.902333333333334
greenwich,2023-11-09 09:00:00+00:00,,0.2,1.0,4.199333333333334,6,12.583333333333334,27.333333333333332,95.58508333333333,5.6706666666666665
greenwich,2023-11-09 10:00:00+00:00,,0.0,1.0,4.199,13,11.833333333333334,25.666666666666668,95.69208333333334,5.31075
greenwich,2023-11-09 11:00:00+00:00,,0.0,10.5,4.225666666666666,17,11.666666666666666,26.666666666666668,93.40758333333333,4.8435
greenwich,2023-11-09 12:00:00+00:00,,0.0,57.5,4.300166666666667,24,11.166666666666666,24.583333333333332,93.02958333333333,4.845583333333333
greenwich,2023-11-09 13:00:00+00:00,,0.0,148.5,4.314916666666667,6,11.083333333333334,24.0,93.56958333333334,4.942833333333334
greenwich,2023-11-09 14:00:00+00:00,,0.2,268.8333333333333,4.309833333333334,21,10.833333333333334,23.166666666666668,89.23483333333333,5.0897499999999996
greenwich,2023-11-09 15:00:00+00:00,,0.0,221.0,4.310416666666667,32,9.75,20.416666666666668,86.88316666666667,4.916333333333333
greenwich,2023-11-09 16:00:00+00:00,,0.0,240.33333333333334,4.308666666666666,29,8.75,16.833333333333332,85.39441666666666,4.9635
greenwich,2023-11-09 17:00:00+00:00,,0.0,123.0,4.30675,34,6.75,14.0,86.77875,4.73675
greenwich,2023-11-09 18:00:00+00:00,,0.0,127.33333333333333,4.3060833333333335,25,6.75,14.833333333333334,84.59558333333334,4.488833333333333
greenwich,2023-11-09 19:00:00+00:00,,0.0,43.833333333333336,4.30325,22,8.0,15.75,91.11874999999999,4.278833333333333
greenwich,2023-11-09 20:00:00+00:00,,0.0,7.583333333333333,4.289499999999999,48,9.5,17.416666666666668,90.15858333333334,4.03125
greenwich,2023-11-09 21:00:00+00:00,,0.0,1.0,4.259166666666666,45,11.083333333333334,20.333333333333332,90.12124999999999,3.7567500000000003
greenwich,2023-11-09 22:00:00+00:00,,0.0,1.0,4.245833333333334,37,8.666666666666666,17.083333333333332,87.67366666666668,3.2795
greenwich,2023-11-09 23:00:00+00:00,,0.0,1.0,4.2355833333333335,52,7.75,13.833333333333334,87.30775,3.143416666666667
greenwich,2023-11-10 00:00:00+00:00,,0.0,1.0,4.227666666666667,53,4.75,9.166666666666666,91.481,3.219583333333333
greenwich,2023-11-10 01:00:00+00:00,,0.0,1.0,4.221166666666666,67,1.4166666666666667,4.0,93.70208333333333,3.2704166666666663
greenwich,2023-11-10 02:00:00+00:00,,0.2,1.0,4.216166666666667,73,0.9166666666666666,3.5833333333333335,94.18633333333332,3.3840833333333333
greenwich,2023-11-10 03:00:00+00:00,,0.0,1.0,4.211749999999999,76,0.6666666666666666,3.0833333333333335,96.00183333333332,3.6599166666666663
greenwich,2023-11-10 04:00:00+00:00,,0.2,1.0,4.2085,233,0.6666666666666666,2.5833333333333335,98.12566666666667,3.8173333333333335
greenwich,2023-11-10 05:00:00+00:00,,0.0,1.0,4.20425,306,0.08333333333333333,1.5833333333333333,99.34691666666667,3.8503333333333334
greenwich,2023-11-10 06:00:00+00:00,,0.0,1.0,4.2015,305,0.16666666666666666,1.5833333333333333,99.85233333333333,3.7560000000000002
greenwich,2023-11-10 07:00:00+00:00,,0.0,1.0,4.2,293,0.0,0.5,100.0,3.641083333333333
greenwich,2023-11-10 08:00:00+00:00,,0.0,1.0,4.198416666666667,293,0.08333333333333333,0.5,100.0,3.4636666666666667
greenwich,2023-11-10 09:00:00+00:00,,0.0,1.0,4.197833333333333,293,0.3333333333333333,1.5,100.0,3.27425
greenwich,2023-11-10 10:00:00+00:00,,0.0,1.0,4.196083333333333,292,5.666666666666667,10.0,99.67591666666668,3.3496666666666663
greenwich,2023-11-10 11:00:00+00:00,,0.0,5.333333333333333,4.215833333333333,244,10.25,15.916666666666666,99.46308333333333,3.5377500000000004
greenwich,2023-11-10 12:00:00+00:00,,0.0,85.5,4.305583333333334,243,11.0,17.333333333333332,96.73533333333334,3.03675
greenwich,2023-11-10 13:00:00+00:00,,0.0,86.41666666666667,4.309166666666667,247,9.166666666666666,18.916666666666668,94.21266666666666,2.3550833333333334
greenwich,2023-11-10 14:00:00+00:00,,0.2,174.83333333333334,4.309333333333334,277,8.5,21.583333333333332,90.61833333333334,2.48275
greenwich,2023-11-10 15:00:00+00:00,,0.0,261.5,4.3094166666666665,250,9.5,22.0,85.63708333333334,2.40325
greenwich,2023-11-10 16:00:00+00:00,,0.0,100.91666666666667,4.30625,289,9.666666666666666,20.75,84.08641666666666,2.1599166666666667
greenwich,2023-11-10 17:00:00+00:00,,0.0,168.75,4.307833333333334,292,9.333333333333334,21.25,79.446,1.9428333333333334
greenwich,2023-11-10 18:00:00+00:00,,0.0,35.833333333333336,4.302083333333333,282,9.25,21.416666666666668,78.5805,0.91375
greenwich,2023-11-10 19:00:00+00:00,,0.0,20.5,4.29975,256,11.583333333333334,25.166666666666668,77.101,0.7779166666666666
greenwich,2023-11-10 20:00:00+00:00,,0.0,3.75,4.28075,298,13.166666666666666,26.75,73.254,0.3134166666666667
greenwich,2023-11-10 21:00:00+00:00,,0.0,1.0,4.250416666666666,303,8.833333333333334,20.416666666666668,76.32408333333333,1.0086666666666666
greenwich,2023-11-10 22:00:00+00:00,,0.0,1.0,4.23675,284,11.25,24.333333333333332,80.39116666666666,1.6683333333333332
greenwich,2023-11-10 23:00:00+00:00,,0.0,1.0,4.2275,302,13.583333333333334,26.666666666666668,72.57833333333333,0.69575
greenwich,2023-11-11 00:00:00+00:00,,0.0,1.0,4.2175,306,12.583333333333334,24.833333333333332,68.95458333333333,0.1075
greenwich,2023-11-11 01:00:00+00:00,,0.0,1.0,4.205333333333333,302,13.25,26.416666666666668,70.39741666666667,0.3195
greenwich,2023-11-11 02:00:00+00:00,,0.0,1.0,4.187916666666666,303,9.916666666666666,21.083333333333332,75.64683333333333,0.598
greenwich,2023-11-11 03:00:00+00:00,,0.0,1.0,4.170333333333333,253,8.75,19.25,82.21741666666667,0.74575
greenwich,2023-11-11 04:00:00+00:00,,0.6000000000000001,1.0,4.172666666666667,253,8.583333333333334,19.083333333333332,92.4135,1.8717499999999998
greenwich,2023-11-11 05:00:00+00:00,,0.2,1.0,4.146583333333333,312,4.583333333333333,10.583333333333334,94.29566666666666,2.8882499999999998
greenwich,2023-11-11 06:00:00+00:00,,1.0,1.0,4.1499999999999995,18,5.166666666666667,11.666666666666666,94.46583333333332,2.5215833333333335
greenwich,2023-11-11 07:00:00+00:00,,0.0,1.0,4.15425,39,2.3333333333333335,5.583333333333333,94.9215,2.59225
greenwich,2023-11-11 08:00:00+00:00,,0.0,1.0,4.1545,260,3.9166666666666665,8.25,97.6305,2.2403333333333335
greenwich,2023-11-11 09:00:00+00:00,,0.0,1.0,4.1555,244,3.3333333333333335,7.833333333333333,95.50533333333334,2.145166666666667
greenwich,2023-11-11 10:00:00+00:00,,0.2,1.0,4.158833333333333,66,2.3333333333333335,5.916666666666667,94.74166666666667,2.1951666666666667
greenwich,2023-11-11 11:00:00+00:00,,0.4,8.333333333333334,4.174333333333333,8,1.0833333333333333,4.5,94.32033333333334,2.143333333333333
greenwich,2023-11-11 12:00:00+00:00,,0.2,59.666666666666664,4.286666666666666,303,2.1666666666666665,5.083333333333333,95.4785,2.596083333333333
greenwich,2023-11-11 13:00:00+00:00,,0.0,155.58333333333334,4.299333333333333,246,6.333333333333333,9.75,96.05624999999999,3.17075
greenwich,2023-11-11 14:00:00+00:00,,0.2,138.66666666666666,4.301333333333333,246,4.5,7.0,94.03766666666667,3.3061666666666665
greenwich,2023-11-11 15:00:00+00:00,,1.8,119.66666666666667,4.306166666666667,307,4.333333333333333,8.583333333333334,97.28775,2.8066666666666666
greenwich,2023-11-11 16:00:00+00:00,,0.0,193.16666666666666,4.3069999999999995,295,3.9166666666666665,7.666666666666667,94.014,3.40875
greenwich,2023-11-11 17:00:00+00:00,,0.0,92.58333333333333,4.30725,24,3.8333333333333335,8.25,94.86141666666667,3.1117500000000002
greenwich,2023-11-11 18:00:00+00:00,,0.2,61.583333333333336,4.300416666666667,7,4.333333333333333,10.166666666666666,91.39391666666667,2.503
greenwich,2023-11-11 19:00:00+00:00,,0.0,50.75,4.299083333333333,20,6.583333333333333,15.166666666666666,84.91475,1.63675
greenwich,2023-11-11 20:00:00+00:00,,0.0,6.583333333333333,4.264833333333333,14,7.083333333333333,16.833333333333332,86.56641666666667,1.3462500000000002
greenwich,2023-11-11 21:00:00+00:00,,0.0,1.0,4.214416666666667,352,8.25,19.583333333333332,83.18241666666667,0.65
greenwich,2023-11-11 22:00:00+00:00,,0.0,1.0,4.192,18,8.833333333333334,21.0,87.16025,1.0631666666666666
greenwich,2023-11-11 23:00:00+00:00,,0.0,1.0,4.1765,7,10.333333333333334,24.25,85.90641666666666,0.5525
greenwich,2023-11-12 00:00:00+00:00,,0.0,1.0,4.164833333333333,348,8.833333333333334,20.166666666666668,84.10933333333334,0.5615
greenwich,2023-11-12 01:00:00+00:00,,0.0,1.0,4.165333333333334,334,9.666666666666666,21.083333333333332,84.65575,0.49275
greenwich,2023-11-12 02:00:00+00:00,,0.0,1.0,4.163916666666666,344,8.5,19.333333333333332,83.54625,0.10925000000000001
greenwich,2023-11-12 03:00:00+00:00,,0.0,1.0,4.164416666666667,345,7.916666666666667,19.583333333333332,82.86508333333333,0.24091666666666667
greenwich,2023-11-12 04:00:00+00:00,,0.0,1.0,4.160583333333333,330,9.0,20.25,86.96475,0.5763333333333334
greenwich,2023-11-12 05:00:00+00:00,,0.0,1.0,4.150833333333334,321,7.833333333333333,18.75,86.44158333333333,0.5133333333333333
greenwich,2023-11-12 06:00:00+00:00,,0.0,1.0,4.143,323,7.166666666666667,17.583333333333332,82.97641666666667,0.27166666666666667
greenwich,2023-11-12 07:00:00+00:00,,0.0,1.0,4.140916666666667,341,8.25,17.416666666666668,75.63633333333333,-0.7319166666666668
greenwich,2023-11-12 08:00:00+00:00,,0.0,1.0,4.143166666666667,352,7.0,16.416666666666668,70.17416666666666,-1.516
greenwich,2023-11-12 09:00:00+00:00,,0.0,1.0,4.144166666666666,331,9.5,20.416666666666668,71.0825,-0.9695833333333334
greenwich,2023-11-12 10:00:00+00:00,,0.0,1.0,4.139916666666667,330,9.916666666666666,20.833333333333332,82.22308333333334,0.5035
greenwich,2023-11-12 11:00:00+00:00,,0.0,7.416666666666667,4.14975,11,8.916666666666666,20.083333333333332,72.84958333333334,-0.7174999999999999
greenwich,2023-11-12 12:00:00+00:00,,0.0,71.08333333333333,4.2555000000000005,345,7.583333333333333,17.25,71.422,-0.8921666666666667
greenwich,2023-11-12 13:00:00+00:00,,0.0,119.91666666666667,4.299916666666667,316,8.25,17.75,86.44791666666667,1.1963333333333332
greenwich,2023-11-12 14:00:00+00:00,,0.0,167.41666666666666,4.2965,321,8.75,17.916666666666668,89.27583333333332,1.7161666666666668
greenwich,2023-11-12 15:00:00+00:00,,0.0,165.75,4.300416666666666,319,8.0,17.0,85.51691666666666,1.5233333333333334
greenwich,2023-11-12 16:00:00+00:00,,0.2,197.58333333333334,4.299666666666666,333,8.916666666666666,19.083333333333332,85.45958333333334,1.3581666666666665
greenwich,2023-11-12 17:00:00+00:00,,0.0,102.08333333333333,4.304583333333333,324,10.416666666666666,21.25,74.54191666666667,-0.24666666666666667
greenwich,2023-11-12 18:00:00+00:00,,0.0,60.166666666666664,4.2973333333333334,320,8.5,18.916666666666668,76.86891666666666,0.16483333333333333
greenwich,2023-11-12 19:00:00+00:00,,0.0,24.75,4.282666666666667,331,9.166666666666666,19.083333333333332,73.18558333333333,-0.4739166666666667
greenwich,2023-11-12 20:00:00+00:00,,0.0,6.833333333333333,4.222916666666666,312,12.416666666666666,25.333333333333332,84.19633333333333,0.80775
greenwich,2023-11-12 21:00:00+00:00,,0.2,1.0,4.1805,305,10.166666666666666,21.333333333333332,92.46341666666666,0.9306666666666666
greenwich,2023-11-12 22:00:00+00:00,,0.0,1.0,4.157583333333333,344,12.083333333333334,24.416666666666668,89.49725000000001,0.737
greenwich,2023-11-12 23:00:00+00:00,,0.0,1.0,4.148,305,11.916666666666666,26.166666666666668,84.67466666666667,0.032583333333333346
greenwich,2023-11-13 00:00:00+00:00,,0.0,1.0,4.146333333333334,306,11.083333333333334,23.25,82.39591666666666,-0.27116666666666667
greenwich,2023-11-13 01:00:00+00:00,,0.0,1.0,4.144166666666666,313,9.416666666666666,19.25,80.46875,-0.5084166666666666
greenwich,2023-11-13 02:00:00+00:00,,0.0,1.0,4.14075,307,9.166666666666666,20.166666666666668,84.79375,0.03400000000000001
greenwich,2023-11-13 03:00:00+00:00,,0.2,1.0,4.137583333333333,314,7.5,16.333333333333332,91.56816666666667,0.546
greenwich,2023-11-13 04:00:00+00:00,,0.0,1.0,4.139833333333333,305,6.0,11.833333333333334,96.95175,0.92625
greenwich,2023-11-13 05:00:00+00:00,,0.0,1.0,4.139166666666667,305,7.5,15.333333333333334,96.97591666666666,1.2705
greenwich,2023-11-13 06:00:00+00:00,,1.2000000000000002,1.0,4.138083333333333,303,7.583333333333333,16.666666666666668,97.40474999999999,1.0675833333333333
greenwich,2023-11-13 07:00:00+00:00,,0.4,1.0,4.1353333333333335,270,3.8333333333333335,8.666666666666666,96.52416666666666,0.7155
greenwich,2023-11-13 08:00:00+00:00,,0.0,1.0,4.1362499999999995,267,6.916666666666667,12.5,98.13241666666666,0.5403333333333333
greenwich,2023-11-13 09:00:00+00:00,,0.2,1.0,4.134666666666667,347,3.5,8.666666666666666,97.90991666666667,0.9124166666666667
greenwich,2023-11-13 10:00:00+00:00,,0.0,1.0,4.134916666666666,355,5.416666666666667,12.583333333333334,89.95400000000001,0.21858333333333335
greenwich,2023-11-13 11:00:00+00:00,,0.0,6.666666666666667,4.1433333333333335,329,5.583333333333333,12.333333333333334,81.95366666666666,-0.8179166666666666
greenwich,2023-11-13 12:00:00+00:00,,0.0,61.25,4.275916666666666,327,5.416666666666667,11.75,84.01933333333334,0.1115
greenwich,2023-11-13 13:00:00+00:00,,0.2,82.66666666666667,4.3,350,5.333333333333333,12.0,90.46433333333333,0.9614166666666666
greenwich,2023-11-13 14:00:00+00:00,,0.0,168.83333333333334,4.302083333333333,0,6.666666666666667,15.5,91.26183333333334,1.6926666666666668
greenwich,2023-11-13 15:00:00+00:00,,0.0,249.75,4.298916666666667,337,6.75,12.916666666666666,90.26233333333333,2.0593333333333335
greenwich,2023-11-13 16:00:00+00:00,,0.0,212.5,4.309083333333333,319,5.916666666666667,12.333333333333334,90.16791666666667,1.7659166666666666
greenwich,2023-11-13 17:00:00+00:00,,0.2,214.08333333333334,4.3012500000000005,314,5.083333333333333,10.416666666666666,91.94258333333333,1.9433333333333334
greenwich,2023-11-13 18:00:00+00:00,,0.0,108.5,4.303249999999999,11,3.4166666666666665,7.75,91.18124999999999,1.7155833333333332
greenwich,2023-11-13 19:00:00+00:00,,0.0,38.083333333333336,4.2900833333333335,350,3.25,7.416666666666667,92.3275,1.1725
greenwich,2023-11-13 20:00:00+00:00,,0.2,9.666666666666666,4.26825,254,1.25,4.333333333333333,97.58575,0.7330833333333334
greenwich,2023-11-13 21:00:00+00:00,,0.2,1.0,4.213916666666667,284,3.75,7.25,98.82241666666665,0.7663333333333333
greenwich,2023-11-13 22:00:00+00:00,,0.0,1.0,4.1895,243,7.166666666666667,12.916666666666666,99.60058333333332,0.4671666666666667
greenwich,2023-11-13 23:00:00+00:00,,0.2,1.0,4.17,254,8.416666666666666,13.166666666666666,99.99133333333333,0.37074999999999997
greenwich,2023-11-14 00:00:00+00:00,,0.0,1.0,4.154916666666667,247,6.916666666666667,11.583333333333334,100.0,0.30933333333333335
greenwich,2023-11-14 01:00:00+00:00,,0.0,1.0,4.14725,244,6.583333333333333,10.833333333333334,100.0,0.41133333333333333
greenwich,2023-11-14 02:00:00+00:00,,0.0,1.0,4.143,263,2.5,5.166666666666667,100.0,0.32008333333333333
greenwich,2023-11-14 03:00:00+00:00,,0.0,1.0,4.139333333333334,244,4.5,6.75,100.0,0.37925000000000003
greenwich,2023-11-14 04:00:00+00:00,,0.0,1.0,4.137666666666667,215,1.3333333333333333,3.75,100.0,0.11625
greenwich,2023-11-14 05:00:00+00:00,,0.0,1.0,4.13675,241,3.3333333333333335,6.333333333333333,100.0,0.13949999999999999
greenwich,2023-11-14 06:00:00+00:00,,0.0,1.0,4.136,250,4.5,8.083333333333334,100.0,0.20766666666666667
greenwich,2023-11-14 07:00:00+00:00,,0.0,1.0,4.1347499999999995,250,2.75,7.083333333333333,100.0,0.09291666666666666
greenwich,2023-11-14 08:00:00+00:00,,0.0,1.0,4.133166666666667,250,4.083333333333333,7.666666666666667,100.0,0.049916666666666665
greenwich,2023-11-14 09:00:00+00:00,,0.0,1.0,4.132416666666667,241,2.75,5.0,100.0,-0.0145
greenwich,2023-11-14 10:00:00+00:00,,0.0,1.0,4.13175,229,0.3333333333333333,1.9166666666666667,100.0,0.15575
greenwich,2023-11-14 11:00:00+00:00,,0.0,10.916666666666666,4.1505,246,0.25,0.75,100.0,0.22541666666666668
greenwich,2023-11-14 12:00:00+00:00,,0.0,69.41666666666667,4.2763333333333335,246,1.25,2.6666666666666665,100.0,0.8535833333333334
greenwich,2023-11-14 13:00:00+00:00,,1.4000000000000001,146.08333333333334,4.2975,230,0.9166666666666666,2.1666666666666665,99.28191666666667,1.8710833333333332
greenwich,2023-11-14 14:00:00+00:00,,0.4,174.91666666666666,4.301916666666666,222,1.6666666666666667,4.916666666666667,94.04291666666667,2.6943333333333332
greenwich,2023-11-14 15:00:00+00:00,,0.0,161.16666666666666,4.306166666666667,286,2.5833333333333335,5.916666666666667,89.1835,2.1462499999999998
greenwich,2023-11-14 16:00:00+00:00,,0.0,191.41666666666666,4.307833333333334,44,4.666666666666667,9.333333333333334,79.09841666666667,1.0561666666666667
greenwich,2023-11-14 17:00:00+00:00,,0.0,131.0,4.29975,32,4.0,7.916666666666667,78.06541666666666,0.5535833333333333
greenwich,2023-11-14 18:00:00+00:00,,0.0,112.16666666666667,4.303333333333334,17,4.166666666666667,8.25,80.27591666666667,0.72925
greenwich,2023-11-14 19:00:00+00:00,,0.0,61.25,4.295416666666667,18,3.0833333333333335,6.833333333333333,83.3585,0.6995833333333333
greenwich,2023-11-14 20:00:00+00:00,,0.0,8.5,4.2675,24,1.9166666666666667,5.5,88.42208333333333,0.5395
greenwich,2023-11-14 21:00:00+00:00,,0.0,1.0,4.2171666666666665,77,4.083333333333333,8.75,92.79816666666666,0.7716666666666666
greenwich,2023-11-14 22:00:00+00:00,,0.2,1.0,4.191916666666667,354,0.8333333333333334,2.4166666666666665,97.19408333333332,0.8146666666666667
greenwich,2023-11-14 23:00:00+00:00,,0.0,1.0,4.16625,341,1.9166666666666667,5.166666666666667,97.62633333333333,1.5351666666666668
greenwich,2023-11-15 00:00:00+00:00,,0.0,1.0,4.147333333333333,55,6.416666666666667,13.583333333333334,89.794,1.27425
greenwich,2023-11-15 01:00:00+00:00,,0.2,1.0,4.1345833333333335,14,6.583333333333333,14.75,87.71066666666667,0.8231666666666667
greenwich,2023-11-15 02:00:00+00:00,,0.0,1.0,4.12825,25,9.333333333333334,20.083333333333332,83.14341666666667,0.3115833333333333
greenwich,2023-11-15 03:00:00+00:00,,0.0,1.0,4.12625,29,7.666666666666667,16.166666666666668,79.53099999999999,-0.4439166666666667
greenwich,2023-11-15 04:00:00+00:00,,0.0,1.0,4.124,45,7.083333333333333,14.0,87.67174999999999,0.3365833333333333
greenwich,2023-11-15 05:00:00+00:00,,0.0,1.0,4.1205,52,8.75,16.083333333333332,92.444,0.6590833333333334
greenwich,2023-11-15 06:00:00+00:00,,0.0,1.0,4.119583333333334,48,5.75,11.75,92.488,0.7089166666666666
greenwich,2023-11-15 07:00:00+00:00,,0.0,1.0,4.1185833333333335,65,6.166666666666667,11.666666666666666,93.43416666666667,0.8456666666666667
greenwich,2023-11-15 08:00:00+00:00,,0.0,1.0,4.116333333333333,55,5.833333333333333,11.5,94.53108333333334,0.9873333333333334
greenwich,2023-11-15 09:00:00+00:00,,0.2,1.0,4.115166666666666,41,6.25,12.083333333333334,92.54866666666668,1.1664166666666667
greenwich,2023-11-15 10:00:00+00:00,,0.0,1.0,4.11525,0,5.0,11.916666666666666,93.43958333333335,1.00025
greenwich,2023-11-15 11:00:00+00:00,,0.2,11.583333333333334,4.1315,34,3.75,9.333333333333334,87.00375000000001,0.8486666666666666
greenwich,2023-11-15 12:00:00+00:00,,0.0,57.833333333333336,4.257750000000001,44,5.583333333333333,11.083333333333334,82.88125000000001,0.8135
greenwich,2023-11-15 13:00:00+00:00,,0.0,128.66666666666666,4.2915833333333335,13,5.166666666666667,12.0,83.49941666666668,1.1901666666666666
greenwich,2023-11-15 14:00:00+00:00,,0.0,356.5833333333333,4.305833333333333,34,8.0,14.25,80.43491666666667,1.6844166666666667
greenwich,2023-11-15 15:00:00+00:00,,0.0,383.0,4.3029166666666665,39,6.916666666666667,13.75,76.09216666666667,1.2902500000000001
greenwich,2023-11-15 16:00:00+00:00,,0.0,325.1666666666667,4.3035000000000005,34,4.833333333333333,9.25,75.01433333333334,1.2081666666666666
greenwich,2023-11-15 17:00:00+00:00,,0.0,284.4166666666667,4.299916666666666,77,4.0,7.75,73.2095,1.3478333333333332
greenwich,2023-11-15 18:00:00+00:00,,0.0,156.16666666666666,4.295916666666667,14,5.833333333333333,10.916666666666666,83.53916666666667,1.9080000000000001
greenwich,2023-11-15 19:00:00+00:00,,0.0,41.75,4.293416666666666,291,4.833333333333333,10.333333333333334,94.05291666666666,1.5774166666666665
greenwich,2023-11-15 20:00:00+00:00,,0.0,6.333333333333333,4.243833333333334,313,4.333333333333333,7.583333333333333,93.49616666666667,1.4339166666666667
greenwich,2023-11-15 21:00:00+00:00,,0.0,1.0,4.202416666666667,243,5.583333333333333,8.25,94.44324999999999,1.2533333333333332
greenwich,2023-11-15 22:00:00+00:00,,0.0,1.0,4.184666666666667,239,3.0833333333333335,6.0,94.39483333333334,0.4681666666666667
greenwich,2023-11-15 23:00:00+00:00,,0.0,1.0,4.167916666666667,191,3.9166666666666665,7.333333333333333,96.22608333333334,0.7261666666666667
greenwich,2023-11-16 00:00:00+00:00,,0.0,1.0,4.152,213,2.8333333333333335,6.666666666666667,96.38850000000001,0.5996666666666667
greenwich,2023-11-16 01:00:00+00:00,,0.0,1.0,4.13725,198,4.583333333333333,8.5,95.28208333333333,0.3308333333333333
greenwich,2023-11-16 02:00:00+00:00,,0.0,1.0,4.12625,195,5.916666666666667,12.0,93.06558333333334,0.16
greenwich,2023-11-16 03:00:00+00:00,,0.0,1.0,4.11975,202,4.75,9.333333333333334,93.71341666666666,0.21266666666666667
greenwich,2023-11-16 04:00:00+00:00,,0.0,1.0,4.115666666666667,220,5.416666666666667,10.0,93.77716666666667,0.60675
greenwich,2023-11-16 05:00:00+00:00,,0.0,1.0,4.112916666666666,215,5.5,11.333333333333334,92.78316666666667,0.7494166666666667
greenwich,2023-11-16 06:00:00+00:00,,0.0,1.0,4.112833333333334,209,4.666666666666667,8.833333333333334,93.35141666666668,0.8521666666666666
greenwich,2023-11-16 07:00:00+00:00,,0.0,1.0,4.11125,178,5.5,10.0,94.61308333333334,1.1593333333333333
greenwich,2023-11-16 08:00:00+00:00,,0.0,1.0,4.11,204,7.416666666666667,14.833333333333334,95.33033333333333,2.003083333333333
greenwich,2023-11-16 09:00:00+00:00,,0.0,1.0,4.110166666666667,218,7.083333333333333,13.75,94.95116666666667,2.2960833333333333
greenwich,2023-11-16 10:00:00+00:00,,0.0,1.0,4.109416666666667,225,8.333333333333334,12.833333333333334,95.08733333333333,3.1205833333333337
greenwich,2023-11-16 11:00:00+00:00,,0.0,3.3333333333333335,4.1113333333333335,229,6.833333333333333,11.5,95.20550000000001,3.7430833333333333
greenwich,2023-11-16 12:00:00+00:00,,0.0,25.833333333333332,4.144333333333333,239,11.416666666666666,17.166666666666668,93.46116666666667,4.205166666666666
greenwich,2023-11-16 13:00:00+00:00,,0.0,61.75,4.22875,247,6.583333333333333,14.583333333333334,90.19991666666665,4.34075
greenwich,2023-11-16 14:00:00+00:00,,0.0,161.08333333333334,4.29425,288,6.5,15.0,84.92058333333334,4.240583333333333
greenwich,2023-11-16 15:00:00+00:00,,0.0,161.25,4.297083333333333,250,6.666666666666667,14.083333333333334,82.61833333333333,4.220166666666667
greenwich,2023-11-16 16:00:00+00:00,,0.0,293.25,4.302333333333333,292,8.166666666666666,18.583333333333332,78.69016666666667,4.23175
greenwich,2023-11-16 17:00:00+00:00,,0.0,305.0833333333333,4.306666666666667,303,11.416666666666666,22.333333333333332,74.28683333333333,4.0200000000000005
greenwich,2023-11-16 18:00:00+00:00,,0.0,179.33333333333334,4.300916666666667,299,11.083333333333334,20.75,74.88358333333333,3.7441666666666666
greenwich,2023-11-16 19:00:00+00:00,,0.0,78.66666666666667,4.298333333333333,314,9.666666666666666,20.166666666666668,75.57741666666666,3.4478333333333335
greenwich,2023-11-16 20:00:00+00:00,,0.0,5.0,4.25,303,10.833333333333334,21.833333333333332,75.81566666666667,2.9595833333333332
greenwich,2023-11-16 21:00:00+00:00,,0.0,1.0,4.2124999999999995,313,11.916666666666666,24.75,75.13908333333333,2.74625
greenwich,2023-11-16 22:00:00+00:00,,0.0,1.0,4.197166666666667,323,12.75,25.75,75.003,2.135666666666667
greenwich,2023-11-16 23:00:00+00:00,,0.0,1.0,4.1851666666666665,330,11.583333333333334,23.666666666666668,71.81091666666667,1.2239166666666665
greenwich,2023-11-17 00:00:00+00:00,,0.0,1.0,4.174,320,11.916666666666666,23.583333333333332,73.4035,1.3453333333333333
greenwich,2023-11-17 01:00:00+00:00,,0.0,1.0,4.16175,321,12.833333333333334,23.833333333333332,73.63933333333334,1.0629166666666665
greenwich,2023-11-17 02:00:00+00:00,,0.0,1.0,4.1495,320,11.333333333333334,22.666666666666668,74.11341666666667,0.8935
greenwich,2023-11-17 03:00:00+00:00,,0.0,1.0,4.138166666666667,314,7.833333333333333,17.25,74.66916666666667,0.9655
greenwich,2023-11-17 04:00:00+00:00,,0.0,1.0,4.1285,306,7.666666666666667,15.916666666666666,73.17416666666666,0.6645
greenwich,2023-11-17 05:00:00+00:00,,0.0,1.0,4.12125,312,6.666666666666667,13.5,72.55275,0.39666666666666667
greenwich,2023-11-17 06:00:00+00:00,,0.0,1.0,4.118333333333333,314,2.8333333333333335,8.833333333333334,74.79141666666666,0.048249999999999994
greenwich,2023-11-17 07:00:00+00:00,,0.0,1.0,4.11275,326,1.0833333333333333,5.0,79.90175,-0.2648333333333333
greenwich,2023-11-17 08:00:00+00:00,,0.0,1.0,4.112333333333333,306,0.5833333333333334,2.6666666666666665,85.88775,-0.6284166666666666
greenwich,2023-11-17 09:00:00+00:00,,0.0,1.0,4.108,229,1.3333333333333333,3.75,92.58991666666667,-0.9246666666666666
greenwich,2023-11-17 10:00:00+00:00,,0.0,1.0,4.104666666666667,197,3.0833333333333335,5.25,94.84724999999999,-0.8650833333333333
greenwich,2023-11-17 11:00:00+00:00,,0.0,23.166666666666668,4.163666666666667,211,1.9166666666666667,4.916666666666667,95.37183333333333,-0.9517500000000001
greenwich,2023-11-17 12:00:00+00:00,,0.0,141.5,4.304916666666666,223,4.083333333333333,8.583333333333334,90.66383333333333,0.5064166666666666
greenwich,2023-11-17 13:00:00+00:00,,0.0,230.75,4.304,202,7.666666666666667,15.166666666666666,81.21208333333333,1.76525
greenwich,2023-11-17 14:00:00+00:00,,0.0,333.1666666666667,4.309916666666667,204,10.166666666666666,19.75,75.76325,2.5578333333333334
greenwich,2023-11-17 15:00:00+00:00,,0.0,384.5833333333333,4.3029166666666665,212,11.166666666666666,19.833333333333332,65.25283333333333,1.90425
greenwich,2023-11-17 16:00:00+00:00,,0.0,324.5833333333333,4.303333333333334,212,12.166666666666666,21.666666666666668,60.808,1.4681666666666666
greenwich,2023-11-17 17:00:00+00:00,,0.0,298.25,4.305916666666667,216,12.333333333333334,21.416666666666668,57.45758333333333,1.9093333333333333
greenwich,2023-11-17 18:00:00+00:00,,0.0,151.5,4.303166666666667,216,8.916666666666666,18.416666666666668,60.72091666666666,2.198
greenwich,2023-11-17 19:00:00+00:00,,0.0,104.25,4.3075833333333335,198,7.75,17.0,60.666333333333334,2.5704166666666666
greenwich,2023-11-17 20:00:00+00:00,,0.0,8.166666666666666,4.26275,190,8.083333333333334,16.25,71.29291666666667,2.6588333333333334
greenwich,2023-11-17 21:00:00+00:00,,0.0,1.0,4.2195,183,10.083333333333334,18.083333333333332,76.66558333333333,3.0740833333333337
greenwich,2023-11-17 22:00:00+00:00,,0.0,1.0,4.2035833333333334,177,15.25,30.0,76.99216666666666,3.6620000000000004
greenwich,2023-11-17 23:00:00+00:00,,0.0,1.0,4.192916666666666,195,15.333333333333334,29.083333333333332,79.18133333333333,4.213666666666667
greenwich,2023-11-18 00:00:00+00:00,,0.0,1.0,4.1844166666666665,192,16.333333333333332,31.833333333333332,80.837,4.874
greenwich,2023-11-18 01:00:00+00:00,,0.0,1.0,4.17725,206,16.25,31.0,77.63158333333332,5.160333333333333
greenwich,2023-11-18 02:00:00+00:00,,0.0,1.0,4.169083333333333,209,16.916666666666668,29.5,78.90716666666667,5.730583333333333
greenwich,2023-11-18 03:00:00+00:00,,0.0,1.0,4.159416666666666,220,19.833333333333332,34.916666666666664,81.19466666666666,6.896249999999999
greenwich,2023-11-18 04:00:00+00:00,,0.0,1.0,4.152833333333334,226,15.25,26.833333333333332,85.77850000000001,7.953916666666667
greenwich,2023-11-18 05:00:00+00:00,,0.0,1.0,4.146416666666666,226,19.833333333333332,30.916666666666668,86.11691666666667,9.434666666666667
greenwich,2023-11-18 06:00:00+00:00,,0.0,1.0,4.1405,222,20.083333333333332,31.5,86.09741666666667,9.783083333333334
greenwich,2023-11-18 07:00:00+00:00,,0.0,1.0,4.135750000000001,218,13.416666666666666,27.0,87.32324999999999,9.689333333333334
greenwich,2023-11-18 08:00:00+00:00,,0.0,1.0,4.132083333333333,215,11.416666666666666,20.666666666666668,88.76991666666667,9.499833333333333
greenwich,2023-11-18 09:00:00+00:00,,0.0,1.0,4.1290000000000004,199,11.833333333333334,21.5,90.30291666666666,9.851416666666667
greenwich,2023-11-18 10:00:00+00:00,,0.0,1.0,4.127,197,13.166666666666666,24.75,89.7025,9.905416666666666
greenwich,2023-11-18 11:00:00+00:00,,0.0,6.166666666666667,4.131583333333333,197,12.833333333333334,25.833333333333332,89.95291666666667,10.160916666666667
greenwich,2023-11-18 12:00:00+00:00,,0.0,45.666666666666664,4.204666666666667,199,12.833333333333334,27.0,90.23633333333333,11.597416666666668
greenwich,2023-11-18 13:00:00+00:00,,0.0,115.41666666666667,4.296666666666667,202,13.75,27.916666666666668,86.10316666666667,12.376083333333334
greenwich,2023-11-18 14:00:00+00:00,,0.0,99.5,4.2975,211,13.416666666666666,27.333333333333332,83.72041666666667,12.718916666666667
greenwich,2023-11-18 15:00:00+00:00,,0.0,110.08333333333333,4.29875,213,15.416666666666666,31.583333333333332,84.09108333333334,13.319583333333334
greenwich,2023-11-18 16:00:00+00:00,,0.0,73.5,4.293583333333333,215,13.166666666666666,24.916666666666668,83.97933333333333,13.363416666666666
greenwich,2023-11-18 17:00:00+00:00,,0.0,51.416666666666664,4.2875000000000005,201,10.166666666666666,19.0,87.58666666666666,13.374416666666667
greenwich,2023-11-18 18:00:00+00:00,,0.4,36.333333333333336,4.280583333333333,197,12.416666666666666,24.583333333333332,90.69883333333333,13.551083333333333
greenwich,2023-11-18 19:00:00+00:00,,1.8,10.75,4.246083333333334,199,10.75,20.583333333333332,97.07525,13.596666666666666
greenwich,2023-11-18 20:00:00+00:00,,2.0,1.3333333333333333,4.220833333333333,198,8.583333333333334,16.25,98.64333333333333,13.482583333333332
greenwich,2023-11-18 21:00:00+00:00,,3.0,1.0,4.2091666666666665,180,6.416666666666667,11.666666666666666,99.57716666666666,13.298416666666666
greenwich,2023-11-18 22:00:00+00:00,,4.4,1.0,4.199666666666666,167,8.083333333333334,14.5,99.991,13.161583333333333
greenwich,2023-11-18 23:00:00+00:00,,4.8,1.0,4.1939166666666665,164,4.5,9.75,100.0,12.611666666666666
greenwich,2023-11-19 00:00:00+00:00,,6.2,1.0,4.189333333333333,105,4.916666666666667,9.0,100.0,12.164250000000001
greenwich,2023-11-19 01:00:00+00:00,,6.8,1.0,4.183916666666667,86,5.333333333333333,10.583333333333334,99.99466666666666,11.789166666666667
greenwich,2023-11-19 02:00:00+00:00,,2.2,1.0,4.18025,62,14.333333333333334,31.416666666666668,99.9705,7.279583333333334
greenwich,2023-11-19 03:00:00+00:00,,0.6000000000000001,1.0,4.174666666666666,6,19.333333333333332,42.75,100.0,5.835583333333333
greenwich,2023-11-19 04:00:00+00:00,,0.0,1.0,4.1665,358,14.666666666666666,29.75,99.83941666666668,5.665916666666667
greenwich,2023-11-19 05:00:00+00:00,,0.0,1.0,4.160916666666666,330,14.75,29.666666666666668,98.19491666666666,5.360083333333333
greenwich,2023-11-19 06:00:00+00:00,,0.0,1.0,4.157,313,16.333333333333332,32.916666666666664,97.29808333333334,4.894583333333333
greenwich,2023-11-19 07:00:00+00:00,,0.0,1.0,4.149166666666667,319,16.166666666666668,33.583333333333336,94.56933333333332,4.166916666666666
greenwich,2023-11-19 08:00:00+00:00,,0.0,1.0,4.141916666666666,309,13.916666666666666,28.75,89.25375000000001,2.9806666666666666
greenwich,2023-11-19 09:00:00+00:00,,0.0,1.0,4.136,314,13.333333333333334,27.916666666666668,83.39008333333332,1.72675
greenwich,2023-11-19 10:00:00+00:00,,0.0,1.0,4.1280833333333335,295,12.833333333333334,26.5,80.49708333333334,0.7204999999999999
greenwich,2023-11-19 11:00:00+00:00,,0.0,6.916666666666667,4.1306666666666665,302,8.416666666666666,19.083333333333332,89.24266666666666,1.21825
greenwich,2023-11-19 12:00:00+00:00,,0.0,96.0,4.2945,256,7.916666666666667,19.166666666666668,86.77183333333333,0.5381666666666667
greenwich,2023-11-19 13:00:00+00:00,,0.0,146.5,4.302083333333333,282,8.583333333333334,22.0,84.65316666666666,0.14183333333333334
greenwich,2023-11-19 14:00:00+00:00,,0.0,316.75,4.30375,292,8.666666666666666,20.833333333333332,80.63116666666666,0.08108333333333334
greenwich,2023-11-19 15:00:00+00:00,,0.0,338.9166666666667,4.3077499999999995,282,9.25,19.416666666666668,77.96166666666666,-0.144
greenwich,2023-11-19 16:00:00+00:00,,0.0,329.8333333333333,4.3068333333333335,292,8.083333333333334,18.666666666666668,73.61666666666666,-0.7241666666666666
greenwich,2023-11-19 17:00:00+00:00,,0.0,331.0,4.305750000000001,272,8.5,18.5,68.44133333333333,-0.5585
greenwich,2023-11-19 18:00:00+00:00,,0.0,236.5,4.3062499999999995,261,7.166666666666667,17.75,67.83816666666667,-0.33616666666666667
greenwich,2023-11-19 19:00:00+00:00,,0.0,80.16666666666667,4.306583333333333,286,6.916666666666667,15.666666666666666,72.637,-0.69375
greenwich,2023-11-19 20:00:00+00:00,,0.0,10.666666666666666,4.2757499999999995,295,7.583333333333333,16.916666666666668,73.54216666666666,-1.1663333333333334
greenwich,2023-11-19 21:00:00+00:00,,0.0,1.0,4.21625,298,7.0,16.333333333333332,74.47225,-1.1784999999999999
greenwich,2023-11-19 22:00:00+00:00,,0.0,1.0,4.19675,285,6.25,13.666666666666666,76.93841666666667,-0.8337500000000001
greenwich,2023-11-19 23:00:00+00:00,,0.0,1.0,4.184,256,5.833333333333333,15.0,75.10458333333334,-1.25825
greenwich,2023-11-20 00:00:00+00:00,,0.0,1.0,4.1723333333333334,291,6.5,13.083333333333334,80.35341666666666,-1.3034166666666667
greenwich,2023-11-20 01:00:00+00:00,,0.0,1.0,4.1585,251,1.8333333333333333,5.416666666666667,87.41691666666667,-1.4143333333333334
greenwich,2023-11-20 02:00:00+00:00,,0.0,1.0,4.145416666666667,247,3.1666666666666665,7.583333333333333,90.38966666666666,-1.3531666666666666
greenwich,2023-11-20 03:00:00+00:00,,0.0,1.0,4.132750000000001,296,2.75,7.583333333333333,85.07233333333333,-1.6594166666666668
greenwich,2023-11-20 04:00:00+00:00,,0.0,1.0,4.122583333333333,268,5.083333333333333,10.833333333333334,86.39233333333334,-1.506
greenwich,2023-11-20 05:00:00+00:00,,0.0,1.0,4.1160000000000005,253,5.916666666666667,11.75,87.98858333333334,-1.28075
greenwich,2023-11-20 06:00:00+00:00,,0.0,1.0,4.111,247,5.0,10.5,84.36166666666666,-1.1966666666666665
greenwich,2023-11-20 07:00:00+00:00,,0.0,1.0,4.108583333333334,247,4.0,8.916666666666666,84.38074999999999,-0.8915000000000001
greenwich,2023-11-20 08:00:00+00:00,,0.0,1.0,4.10675,307,6.166666666666667,12.833333333333334,70.1145,-2.02225
greenwich,2023-11-20 09:00:00+00:00,,0.0,1.0,4.10675,324,6.25,13.833333333333334,70.00883333333333,-1.8103333333333333
greenwich,2023-11-20 10:00:00+00:00,,0.0,1.0,4.106083333333333,302,6.416666666666667,13.333333333333334,69.58483333333334,-1.94425
greenwich,2023-11-20 11:00:00+00:00,,0.0,2.25,4.10775,312,7.5,15.416666666666666,74.71891666666666,-1.02475
greenwich,2023-11-20 12:00:00+00:00,,0.0,35.583333333333336,4.16225,302,7.166666666666667,15.75,74.46075,-1.1015833333333334
greenwich,2023-11-20 13:00:00+00:00,,0.0,70.08333333333333,4.267166666666667,324,7.416666666666667,16.0,69.46391666666666,-1.5847499999999999
greenwich,2023-11-20 14:00:00+00:00,,0.0,77.91666666666667,4.294083333333334,300,10.583333333333334,21.25,81.85316666666667,-0.20441666666666666
greenwich,2023-11-20 15:00:00+00:00,,0.4,53.0,4.289916666666667,291,8.5,18.5,95.38658333333335,0.4063333333333334
greenwich,2023-11-20 16:00:00+00:00,,0.0,96.83333333333333,4.3077499999999995,313,13.0,24.916666666666668,84.01299999999999,-0.5539166666666667
greenwich,2023-11-20 17:00:00+00:00,,0.0,93.0,4.304416666666667,309,12.583333333333334,25.083333333333332,78.14391666666667,-1.4940833333333334
greenwich,2023-11-20 18:00:00+00:00,,0.0,94.91666666666667,4.300083333333333,305,12.333333333333334,26.25,73.2,-2.409666666666667
greenwich,2023-11-20 19:00:00+00:00,,0.0,95.83333333333333,4.308083333333333,305,12.916666666666666,26.25,67.71541666666667,-3.289
greenwich,2023-11-20 20:00:00+00:00,,0.0,9.583333333333334,4.269666666666667,306,12.833333333333334,26.083333333333332,70.29741666666666,-3.6519999999999997
greenwich,2023-11-20 21:00:00+00:00,,0.0,1.0,4.21525,313,11.333333333333334,22.916666666666668,83.10325,-2.3325
greenwich,2023-11-20 22:00:00+00:00,,0.0,1.0,4.1972499999999995,302,10.416666666666666,23.083333333333332,95.83241666666667,-0.8993333333333333
greenwich,2023-11-20 23:00:00+00:00,,0.0,1.0,4.185083333333334,344,9.0,19.25,99.56641666666667,-0.6475833333333333
greenwich,2023-11-21 00:00:00+00:00,,0.0,1.0,4.174833333333333,340,10.25,23.666666666666668,99.31433333333332,-0.7455833333333333
greenwich,2023-11-21 01:00:00+00:00,,0.0,1.0,4.164833333333333,1,9.833333333333334,19.5,80.02683333333333,-3.047916666666667
greenwich,2023-11-21 02:00:00+00:00,,0.0,1.0,4.154583333333334,358,10.583333333333334,23.583333333333332,76.45591666666667,-3.5820833333333333
greenwich,2023-11-21 03:00:00+00:00,,0.0,1.0,4.145583333333334,347,9.416666666666666,20.25,71.12658333333333,-4.271833333333333
greenwich,2023-11-21 04:00:00+00:00,,0.0,1.0,4.136416666666666,343,10.25,21.333333333333332,76.14633333333333,-3.7432499999999997
greenwich,2023-11-21 05:00:00+00:00,,0.0,1.0,4.128416666666666,358,10.666666666666666,23.416666666666668,81.64783333333334,-3.027833333333333
greenwich,2023-11-21 06:00:00+00:00,,0.0,1.0,4.1200833333333335,17,9.0,20.166666666666668,92.71908333333333,-1.8469166666666668
greenwich,2023-11-21 07:00:00+00:00,,0.0,1.0,4.115083333333334,6,8.166666666666666,19.916666666666668,94.94491666666666,-1.5333333333333332
greenwich,2023-11-21 08:00:00+00:00,,0.0,1.0,4.1113333333333335,14,8.666666666666666,20.0,90.79124999999999,-1.7815
greenwich,2023-11-21 09:00:00+00:00,,0.0,1.0,4.109,4,9.166666666666666,22.083333333333332,95.02441666666668,-1.3786666666666667
greenwich,2023-11-21 10:00:00+00:00,,0.0,1.0,4.107083333333334,22,10.166666666666666,22.333333333333332,92.80525,-1.5571666666666666
greenwich,2023-11-21 11:00:00+00:00,,0.0,15.083333333333334,4.135833333333333,351,8.0,17.75,85.627,-1.9765833333333334
greenwich,2023-11-21 12:00:00+00:00,,0.0,79.08333333333333,4.3062499999999995,24,8.083333333333334,19.083333333333332,82.749,-1.5716666666666665
greenwich,2023-11-21 13:00:00+00:00,,0.0,115.83333333333333,4.305666666666666,354,8.666666666666666,20.583333333333332,73.85908333333333,-2.3054166666666664
greenwich,2023-11-21 14:00:00+00:00,,2.8000000000000003,278.75,4.307666666666667,13,8.0,17.916666666666668,65.99783333333333,-2.5773333333333333
greenwich,2023-11-21 15:00:00+00:00,,0.0,197.5,4.307833333333334,334,8.75,18.333333333333332,77.21641666666666,-1.4280833333333334
greenwich,2023-11-21 16:00:00+00:00,,0.0,192.16666666666666,4.302333333333333,14,9.583333333333334,21.5,75.23308333333334,-1.7083333333333333
greenwich,2023-11-21 17:00:00+00:00,,0.0,154.16666666666666,4.304833333333334,327,8.0,18.333333333333332,72.36975,-2.135
greenwich,2023-11-21 18:00:00+00:00,,0.0,88.83333333333333,4.30075,355,7.083333333333333,16.5,73.96291666666667,-2.045
greenwich,2023-11-21 19:00:00+00:00,,0.0,44.75,4.300083333333333,354,8.333333333333334,18.666666666666668,69.46991666666666,-2.861916666666667
greenwich,2023-11-21 20:00:00+00:00,,0.0,7.166666666666667,4.260583333333334,336,7.5,17.083333333333332,63.70133333333334,-4.319999999999999
greenwich,2023-11-21 21:00:00+00:00,,0.0,1.0,4.2138333333333335,352,7.416666666666667,17.666666666666668,61.252250000000004,-4.8220833333333335
greenwich,2023-11-21 22:00:00+00:00,,0.0,1.0,4.197583333333333,1,6.416666666666667,16.333333333333332,63.16141666666667,-4.489333333333334
greenwich,2023-11-21 23:00:00+00:00,,0.0,1.0,4.186333333333334,10,5.166666666666667,11.416666666666666,69.54408333333333,-3.2968333333333333
greenwich,2023-11-22 00:00:00+00:00,,0.0,1.0,4.1765,3,5.5,12.333333333333334,63.52183333333334,-4.379166666666666
greenwich,2023-11-22 01:00:00+00:00,,0.0,1.0,4.16775,323,5.166666666666667,11.083333333333334,61.56283333333334,-4.884083333333334
greenwich,2023-11-22 02:00:00+00:00,,0.0,1.0,4.1570833333333335,4,3.0,6.833333333333333,62.625,-4.6265833333333335
greenwich,2023-11-22 03:00:00+00:00,,0.0,1.0,4.146333333333334,20,1.6666666666666667,4.25,66.68116666666667,-4.192
greenwich,2023-11-22 04:00:00+00:00,,0.0,1.0,4.1354999999999995,58,0.75,2.9166666666666665,70.02358333333333,-3.857416666666667
greenwich,2023-11-22 05:00:00+00:00,,0.0,1.0,4.126083333333333,295,2.8333333333333335,6.916666666666667,69.67958333333333,-3.8705
greenwich,2023-11-22 06:00:00+00:00,,0.0,1.0,4.118333333333333,241,3.5,6.416666666666667,77.33833333333332,-3.1794166666666666
greenwich,2023-11-22 07:00:00+00:00,,0.0,1.0,4.113333333333333,241,1.8333333333333333,4.416666666666667,79.9705,-3.4773333333333336
greenwich,2023-11-22 08:00:00+00:00,,0.0,1.0,4.1074166666666665,233,3.0,6.083333333333333,81.01083333333334,-3.329166666666667
greenwich,2023-11-22 09:00:00+00:00,,0.0,1.0,4.104333333333334,264,2.5,6.166666666666667,79.24791666666667,-3.4014166666666665
greenwich,2023-11-22 10:00:00+00:00,,0.0,1.0,4.102250000000001,208,3.8333333333333335,7.5,80.39775,-3.316333333333333
greenwich,2023-11-22 11:00:00+00:00,,0.0,9.75,4.116083333333333,218,4.333333333333333,7.5,74.876,-3.9013333333333335
greenwich,2023-11-22 12:00:00+00:00,,0.0,46.583333333333336,4.2244166666666665,219,0.5833333333333334,1.8333333333333333,76.64608333333334,-2.9957499999999997
greenwich,2023-11-22 13:00:00+00:00,,0.0,85.91666666666667,4.301333333333333,209,4.583333333333333,8.333333333333334,71.15016666666666,-3.107666666666667
greenwich,2023-11-22 14:00:00+00:00,,0.0,149.41666666666666,4.310333333333333,178,4.75,8.166666666666666,68.85833333333333,-2.7025
greenwich,2023-11-22 15:00:00+00:00,,0.0,138.08333333333334,4.30675,185,5.833333333333333,11.666666666666666,68.27691666666666,-2.5991666666666666
greenwich,2023-11-22 16:00:00+00:00,,0.0,221.91666666666666,4.3075,188,7.583333333333333,14.75,68.898,-1.8684166666666666
greenwich,2023-11-22 17:00:00+00:00,,0.0,174.83333333333334,4.301416666666666,192,9.166666666666666,17.833333333333332,69.3995,-1.9571666666666667
greenwich,2023-11-22 18:00:00+00:00,,0.0,87.75,4.306166666666667,188,7.75,16.333333333333332,70.10075,-2.5031666666666665
greenwich,2023-11-22 19:00:00+00:00,,0.0,24.666666666666668,4.278666666666667,183,7.166666666666667,13.333333333333334,74.87133333333334,-2.0143333333333335
greenwich,2023-11-22 20:00:00+00:00,,0.0,2.25,4.222083333333333,168,8.75,16.166666666666668,76.99633333333334,-1.742
greenwich,2023-11-22 21:00:00+00:00,,0.0,1.0,4.196833333333333,171,7.75,14.416666666666666,78.40933333333334,-1.4181666666666668
greenwich,2023-11-22 22:00:00+00:00,,0.0,1.0,4.183333333333334,185,6.416666666666667,11.666666666666666,79.397,-1.2009166666666666
greenwich,2023-11-22 23:00:00+00:00,,0.0,1.0,4.169333333333333,163,8.083333333333334,14.833333333333334,79.641,-0.8414999999999999
greenwich,2023-11-23 00:00:00+00:00,,0.0,1.0,4.156,160,7.0,13.833333333333334,80.49133333333333,-0.4345833333333333
greenwich,2023-11-23 01:00:00+00:00,,0.0,1.0,4.1434999999999995,167,6.833333333333333,14.333333333333334,81.17491666666668,-0.07583333333333334
greenwich,2023-11-23 02:00:00+00:00,,0.0,1.0,4.131666666666667,157,6.5,13.916666666666666,82.14758333333333,0.4014166666666667
greenwich,2023-11-23 03:00:00+00:00,,0.0,1.0,4.121416666666667,136,8.333333333333334,18.166666666666668,84.24833333333333,0.8484166666666667
greenwich,2023-11-23 04:00:00+00:00,,1.0,1.0,4.1155,146,9.333333333333334,20.5,92.37341666666667,2.0399166666666666
greenwich,2023-11-23 05:00:00+00:00,,2.4000000000000004,1.0,4.110416666666667,146,9.0,21.5,96.66933333333333,1.8484999999999998
greenwich,2023-11-23 06:00:00+00:00,,0.8,1.0,4.107166666666667,149,8.0,18.666666666666668,98.18591666666667,2.5188333333333333
greenwich,2023-11-23 07:00:00+00:00,,0.8,1.0,4.10425,147,8.583333333333334,19.5,98.40941666666667,3.3225833333333337
greenwich,2023-11-23 08:00:00+00:00,,0.2,1.0,4.1033333333333335,112,10.916666666666666,24.583333333333332,97.7695,3.7016666666666667
greenwich,2023-11-23 09:00:00+00:00,,1.8,1.0,4.102083333333334,88,11.25,24.416666666666668,97.57783333333333,3.8521666666666667
greenwich,2023-11-23 10:00:00+00:00,,2.6,1.0,4.100750000000001,93,6.416666666666667,15.75,98.85233333333333,4.805583333333334
greenwich,2023-11-23 11:00:00+00:00,,0.6000000000000001,1.6666666666666667,4.10275,111,10.166666666666666,21.833333333333332,98.60516666666666,5.1898333333333335
greenwich,2023-11-23 12:00:00+00:00,,0.2,13.583333333333334,4.122333333333334,86,11.916666666666666,23.833333333333332,98.21858333333334,4.2595
greenwich,2023-11-23 13:00:00+00:00,,0.2,28.0,4.157,81,11.25,19.833333333333332,99.13766666666668,4.57525
greenwich,2023-11-23 14:00:00+00:00,,0.2,55.25,4.240333333333333,80,10.75,19.5,99.25058333333334,5.546499999999999
greenwich,2023-11-23 15:00:00+00:00,,0.0,67.5,4.272749999999999,80,10.333333333333334,19.083333333333332,99.03366666666666,6.062166666666666
greenwich,2023-11-23 16:00:00+00:00,,0.0,81.91666666666667,4.2956666666666665,76,11.0,17.416666666666668,99.31216666666667,6.457
greenwich,2023-11-23 17:00:00+00:00,,0.0,74.83333333333333,4.2975,65,13.75,21.833333333333332,99.88883333333332,6.7452499999999995
greenwich,2023-11-23 18:00:00+00:00,,0.0,57.75,4.294666666666667,51,12.166666666666666,21.083333333333332,100.0,6.723833333333332
greenwich,2023-11-23 19:00:00+00:00,,0.0,48.833333333333336,4.294083333333334,46,9.666666666666666,16.583333333333332,100.0,6.6575
greenwich,2023-11-23 20:00:00+00:00,,0.0,5.416666666666667,4.235833333333333,44,6.166666666666667,12.25,100.0,6.404916666666666
greenwich,2023-11-23 21:00:00+00:00,,0.0,1.0,4.200583333333333,13,4.416666666666667,9.25,100.0,6.3745
greenwich,2023-11-23 22:00:00+00:00,,0.0,1.0,4.184666666666667,329,7.916666666666667,16.75,100.0,5.939666666666667
greenwich,2023-11-23 23:00:00+00:00,,0.0,1.0,4.175833333333333,314,11.0,22.583333333333332,100.0,5.542333333333333
greenwich,2023-11-24 00:00:00+00:00,,0.0,1.0,4.166916666666666,310,13.666666666666666,26.916666666666668,99.28883333333333,5.632416666666667
greenwich,2023-11-24 01:00:00+00:00,,0.0,1.0,4.1585,312,14.25,27.583333333333332,98.12383333333334,5.228166666666667
greenwich,2023-11-24 02:00:00+00:00,,0.0,1.0,4.149416666666666,313,14.833333333333334,29.25,97.11149999999999,5.0775
greenwich,2023-11-24 03:00:00+00:00,,0.0,1.0,4.139666666666667,314,14.416666666666666,29.5,96.46541666666667,4.993416666666667
greenwich,2023-11-24 04:00:00+00:00,,0.0,1.0,4.13175,309,13.916666666666666,28.666666666666668,97.07033333333334,4.912583333333333
greenwich,2023-11-24 05:00:00+00:00,,0.0,1.0,4.12275,306,13.416666666666666,27.583333333333332,94.4165,4.28625
greenwich,2023-11-24 06:00:00+00:00,,0.0,1.0,4.116333333333333,302,13.916666666666666,27.0,91.18833333333333,3.5067500000000003
greenwich,2023-11-24 07:00:00+00:00,,0.0,1.0,4.1113333333333335,296,15.666666666666666,31.666666666666668,87.41633333333334,2.3829166666666666
greenwich,2023-11-24 08:00:00+00:00,,0.0,1.0,4.1081666666666665,302,14.666666666666666,29.333333333333332,89.06575,2.2735
greenwich,2023-11-24 09:00:00+00:00,,0.0,1.0,4.104583333333333,306,16.333333333333332,30.75,86.11758333333334,1.4951666666666668
greenwich,2023-11-24 10:00:00+00:00,,0.0,1.0,4.101666666666667,305,18.0,35.583333333333336,78.11425,-0.5044166666666666
greenwich,2023-11-24 11:00:00+00:00,,0.0,7.166666666666667,4.1152500000000005,306,16.666666666666668,32.333333333333336,76.20258333333334,-1.2686666666666666
greenwich,2023-11-24 12:00:00+00:00,,0.0,81.66666666666667,4.2789166666666665,305,15.416666666666666,30.583333333333332,73.74075,-1.6204999999999998
greenwich,2023-11-24 13:00:00+00:00,,0.0,209.5,4.297916666666667,303,15.5,29.083333333333332,72.97583333333334,-1.5513333333333332
greenwich,2023-11-24 14:00:00+00:00,,0.0,158.16666666666666,4.301833333333334,307,12.833333333333334,27.666666666666668,70.67658333333334,-1.9813333333333334
greenwich,2023-11-24 15:00:00+00:00,,0.0,179.83333333333334,4.2964166666666666,300,12.166666666666666,24.916666666666668,71.07533333333333,-1.94525
greenwich,2023-11-24 16:00:00+00:00,,0.0,283.75,4.306916666666667,291,10.916666666666666,23.083333333333332,66.45133333333332,-2.1370833333333334
greenwich,2023-11-24 17:00:00+00:00,,0.0,311.25,4.304166666666666,300,8.333333333333334,20.083333333333332,63.02766666666667,-1.9274166666666668
greenwich,2023-11-24 18:00:00+00:00,,0.0,119.91666666666667,4.302416666666667,277,6.0,14.5,68.63833333333334,-1.8055833333333335
greenwich,2023-11-24 19:00:00+00:00,,0.0,35.583333333333336,4.297416666666667,292,5.083333333333333,13.166666666666666,73.54208333333334,-1.6301666666666665
greenwich,2023-11-24 20:00:00+00:00,,0.0,8.666666666666666,4.261416666666666,292,3.75,8.166666666666666,83.014,-0.7646666666666667
greenwich,2023-11-24 21:00:00+00:00,,0.0,1.0,4.210500000000001,302,7.0,14.833333333333334,95.54541666666667,-0.16674999999999998
greenwich,2023-11-24 22:00:00+00:00,,0.0,1.0,4.192083333333334,327,9.25,19.833333333333332,93.94733333333333,-0.8313333333333333
greenwich,2023-11-24 23:00:00+00:00,,0.0,1.0,4.1810833333333335,305,11.166666666666666,22.5,83.92208333333333,-2.29175
greenwich,2023-11-25 00:00:00+00:00,,0.0,1.0,4.17,296,11.25,22.0,81.4955,-2.7551666666666663
greenwich,2023-11-25 01:00:00+00:00,,0.0,1.0,4.1602500000000004,310,15.583333333333334,30.166666666666668,73.84316666666666,-4.9736666666666665
greenwich,2023-11-25 02:00:00+00:00,,0.0,1.0,4.1505,295,13.0,27.583333333333332,75.41075,-5.552333333333333
greenwich,2023-11-25 03:00:00+00:00,,0.0,1.0,4.139083333333333,309,14.666666666666666,29.166666666666668,73.65908333333333,-6.772583333333333
greenwich,2023-11-25 04:00:00+00:00,,0.0,1.0,4.127166666666667,300,10.916666666666666,23.166666666666668,73.49866666666667,-7.656333333333333
greenwich,2023-11-25 05:00:00+00:00,,0.0,1.0,4.11325,291,10.166666666666666,23.333333333333332,74.38216666666666,-8.6015
greenwich,2023-11-25 06:00:00+00:00,,0.0,1.0,4.100583333333334,288,9.416666666666666,21.25,76.14475,-8.948
greenwich,2023-11-25 07:00:00+00:00,,0.0,1.0,4.090416666666667,254,12.833333333333334,27.666666666666668,79.82608333333333,-9.028666666666666
greenwich,2023-11-25 08:00:00+00:00,,0.0,1.0,4.082,251,11.0,23.666666666666668,84.53791666666667,-8.63275
greenwich,2023-11-25 09:00:00+00:00,,0.0,1.0,4.077,289,11.083333333333334,27.166666666666668,79.42383333333333,-9.071916666666667
greenwich,2023-11-25 10:00:00+00:00,,0.0,1.0,4.072,250,10.583333333333334,22.916666666666668,77.566,-10.007333333333333
greenwich,2023-11-25 11:00:00+00:00,,0.0,4.5,4.074666666666666,251,12.166666666666666,24.666666666666668,80.55,-9.51775
greenwich,2023-11-25 12:00:00+00:00,,0.0,17.916666666666668,4.106,257,10.75,25.416666666666668,92.20641666666667,-7.773
greenwich,2023-11-25 13:00:00+00:00,,0.0,37.833333333333336,4.207916666666667,254,13.333333333333334,29.083333333333332,97.48008333333333,-5.761083333333333
greenwich,2023-11-25 14:00:00+00:00,,0.0,118.25,4.303333333333334,307,16.416666666666668,32.166666666666664,82.70066666666666,-6.570833333333333
greenwich,2023-11-25 15:00:00+00:00,,0.0,194.16666666666666,4.305166666666667,300,15.416666666666666,30.166666666666668,71.63175,-7.95
greenwich,2023-11-25 16:00:00+00:00,,0.0,136.0,4.29725,307,13.5,28.166666666666668,68.28325,-8.68975
greenwich,2023-11-25 17:00:00+00:00,,0.0,107.25,4.29525,305,12.5,25.25,71.67675,-7.998666666666666
greenwich,2023-11-25 18:00:00+00:00,,0.0,119.08333333333333,4.2965,300,9.75,22.333333333333332,68.87616666666666,-8.211583333333333
greenwich,2023-11-25 19:00:00+00:00,,0.0,128.91666666666666,4.30725,254,8.166666666666666,18.166666666666668,63.728583333333326,-8.557166666666667
greenwich,2023-11-25 20:00:00+00:00,,0.0,9.75,4.272749999999999,268,7.75,15.666666666666666,67.90575,-9.518916666666668
greenwich,2023-11-25 21:00:00+00:00,,0.0,1.0,4.195666666666667,248,10.416666666666666,15.333333333333334,70.29316666666666,-9.974416666666666
greenwich,2023-11-25 22:00:00+00:00,,0.0,1.0,4.171166666666667,240,11.333333333333334,16.833333333333332,72.16675,-9.743333333333334
greenwich,2023-11-25 23:00:00+00:00,,0.0,1.0,4.151833333333333,241,7.916666666666667,15.083333333333334,72.83833333333334,-9.833666666666666
greenwich,2023-11-26 00:00:00+00:00,,0.0,1.0,4.133916666666667,261,5.75,12.666666666666666,68.09933333333333,-10.610583333333333
greenwich,2023-11-26 01:00:00+00:00,,0.0,1.0,4.116333333333333,268,6.833333333333333,15.333333333333334,65.68650000000001,-10.735
greenwich,2023-11-26 02:00:00+00:00,,0.0,1.0,4.1005,257,7.25,16.5,66.76841666666667,-10.426583333333333
greenwich,2023-11-26 03:00:00+00:00,,0.0,1.0,4.090166666666667,248,9.0,17.916666666666668,69.16041666666666,-9.71125
greenwich,2023-11-26 04:00:00+00:00,,0.0,1.0,4.084666666666666,244,12.916666666666666,21.416666666666668,70.13758333333332,-9.090833333333334
greenwich,2023-11-26 05:00:00+00:00,,0.0,1.0,4.083333333333333,248,14.25,21.0,68.00483333333334,-9.02775
greenwich,2023-11-26 06:00:00+00:00,,0.0,1.0,4.082583333333333,243,14.25,22.583333333333332,66.79716666666667,-8.846583333333333
greenwich,2023-11-26 07:00:00+00:00,,0.0,1.0,4.080333333333333,244,13.166666666666666,22.416666666666668,66.9245,-8.364666666666666
greenwich,2023-11-26 08:00:00+00:00,,0.0,1.0,4.078916666666667,247,10.916666666666666,18.416666666666668,71.19408333333332,-7.828666666666667
greenwich,2023-11-26 09:00:00+00:00,,0.0,1.0,4.0808333333333335,247,8.416666666666666,14.833333333333334,73.24441666666667,-7.7195833333333335
greenwich,2023-11-26 10:00:00+00:00,,0.0,1.0,4.0793333333333335,243,8.666666666666666,13.166666666666666,73.7335,-7.6025
greenwich,2023-11-26 11:00:00+00:00,,0.0,8.416666666666666,4.0885,234,9.0,14.166666666666666,75.64091666666667,-7.005416666666666
greenwich,2023-11-26 12:00:00+00:00,,0.0,55.75,4.242583333333333,247,10.5,14.916666666666666,74.30808333333333,-6.056916666666666
greenwich,2023-11-26 13:00:00+00:00,,0.0,111.25,4.299083333333333,241,7.916666666666667,11.75,74.42541666666666,-4.784916666666667
greenwich,2023-11-26 14:00:00+00:00,,0.4,175.16666666666666,4.288916666666666,241,9.583333333333334,15.333333333333334,72.46008333333333,-3.6165833333333333
greenwich,2023-11-26 15:00:00+00:00,,0.0,193.91666666666666,4.294666666666667,243,12.5,19.166666666666668,71.75241666666666,-2.6140833333333333
greenwich,2023-11-26 16:00:00+00:00,,0.0,183.25,4.299833333333333,243,15.5,23.416666666666668,71.21283333333334,-2.4525833333333336
greenwich,2023-11-26 17:00:00+00:00,,0.0,178.08333333333334,4.301583333333333,241,13.583333333333334,19.75,69.544,-2.42775
greenwich,2023-11-26 18:00:00+00:00,,0.0,182.83333333333334,4.300916666666667,241,11.583333333333334,17.0,67.20583333333333,-2.022
greenwich,2023-11-26 19:00:00+00:00,,0.0,100.5,4.303249999999999,240,9.416666666666666,14.333333333333334,70.10058333333333,-1.4305
greenwich,2023-11-26 20:00:00+00:00,,0.0,7.666666666666667,4.271583333333333,213,3.75,8.166666666666666,78.88775,-1.6755000000000002
greenwich,2023-11-26 21:00:00+00:00,,0.0,1.0,4.216833333333333,185,1.9166666666666667,4.75,86.99341666666668,-2.182
greenwich,2023-11-26 22:00:00+00:00,,0.0,1.0,4.19925,199,2.4166666666666665,5.833333333333333,90.26125,-1.9990833333333333
greenwich,2023-11-26 23:00:00+00:00,,0.0,1.0,4.1815,188,2.6666666666666665,6.666666666666667,92.47008333333333,-1.7861666666666667
greenwich,2023-11-27 00:00:00+00:00,,0.0,1.0,4.17675,198,4.333333333333333,8.666666666666666,93.35575,-1.4845833333333334
greenwich,2023-11-27 01:00:00+00:00,,0.0,1.0,4.170166666666667,215,5.083333333333333,9.166666666666666,92.51125,-0.9816666666666668
greenwich,2023-11-27 02:00:00+00:00,,0.0,1.0,4.162916666666667,205,5.583333333333333,10.083333333333334,92.07650000000001,-0.7275
greenwich,2023-11-27 03:00:00+00:00,,0.0,1.0,4.158,212,4.916666666666667,8.666666666666666,90.9355,-0.8072499999999999
greenwich,2023-11-27 04:00:00+00:00,,0.0,1.0,4.152916666666667,204,4.0,7.416666666666667,91.08658333333334,-0.80025
greenwich,2023-11-27 05:00:00+00:00,,0.0,1.0,4.144166666666666,187,3.8333333333333335,7.0,91.56058333333334,-1.2591666666666665
greenwich,2023-11-27 06:00:00+00:00,,0.0,1.0,4.133666666666667,173,2.8333333333333335,6.0,93.58191666666666,-1.8445833333333335
greenwich,2023-11-27 07:00:00+00:00,,0.0,1.0,4.1275,170,4.583333333333333,8.5,94.61149999999999,-1.4540833333333334
greenwich,2023-11-27 08:00:00+00:00,,0.0,1.0,4.117583333333333,174,6.083333333333333,11.083333333333334,93.03341666666667,-0.38075
greenwich,2023-11-27 09:00:00+00:00,,0.0,1.0,4.112333333333333,177,8.083333333333334,16.666666666666668,90.46241666666667,0.16
greenwich,2023-11-27 10:00:00+00:00,,0.0,1.0,4.105666666666667,198,4.0,8.666666666666666,88.40441666666668,-0.015666666666666666
greenwich,2023-11-27 11:00:00+00:00,,0.0,3.5,4.10675,150,3.0,8.083333333333334,90.16408333333334,-0.05491666666666667
greenwich,2023-11-27 12:00:00+00:00,,0.0,24.5,4.147083333333334,152,7.833333333333333,16.083333333333332,87.58541666666667,0.7250833333333334
greenwich,2023-11-27 13:00:00+00:00,,0.0,65.83333333333333,4.2595,156,10.916666666666666,24.25,87.01933333333334,1.4921666666666666
greenwich,2023-11-27 14:00:00+00:00,,0.0,56.583333333333336,4.291166666666666,157,13.083333333333334,26.916666666666668,88.17041666666667,2.6826666666666665
greenwich,2023-11-27 15:00:00+00:00,,0.0,47.0,4.284666666666666,159,14.0,29.583333333333332,88.01141666666666,3.315
greenwich,2023-11-27 16:00:00+00:00,,0.0,53.0,4.279416666666667,150,16.916666666666668,33.166666666666664,86.58274999999999,3.7768333333333337
greenwich,2023-11-27 17:00:00+00:00,,0.0,33.416666666666664,4.260833333333333,153,17.083333333333332,34.0,86.47508333333333,4.253666666666667
greenwich,2023-11-27 18:00:00+00:00,,0.0,48.5,4.2795,149,19.75,41.25,85.02383333333334,4.66425
greenwich,2023-11-27 19:00:00+00:00,,1.0,17.5,4.241499999999999,157,18.25,38.583333333333336,91.27066666666667,5.07525
greenwich,2023-11-27 20:00:00+00:00,,2.2,1.3333333333333333,4.1937500000000005,156,18.583333333333332,37.166666666666664,95.69508333333333,5.466916666666666
greenwich,2023-11-27 21:00:00+00:00,,0.4,1.0,4.17675,147,21.583333333333332,42.333333333333336,95.75966666666666,5.754583333333334
greenwich,2023-11-27 22:00:00+00:00,,0.0,1.0,4.162416666666666,153,23.416666666666668,46.5,95.705,6.246666666666667
greenwich,2023-11-27 23:00:00+00:00,,0.0,1.0,4.149416666666666,160,24.5,43.5,93.82316666666667,6.609166666666667
greenwich,2023-11-28 00:00:00+00:00,,0.2,1.0,4.1375,157,22.916666666666668,41.25,93.39508333333333,6.90875
greenwich,2023-11-28 01:00:00+00:00,,2.0,1.0,4.125,161,20.166666666666668,36.0,96.29816666666666,7.140999999999999
greenwich,2023-11-28 02:00:00+00:00,,4.6000000000000005,1.0,4.11475,156,15.416666666666666,31.75,97.91525,6.910333333333333
greenwich,2023-11-28 03:00:00+00:00,,5.6,1.0,4.107583333333333,146,12.333333333333334,24.416666666666668,98.95708333333333,7.1539166666666665
greenwich,2023-11-28 04:00:00+00:00,,2.8000000000000003,1.0,4.102333333333333,286,2.3333333333333335,4.833333333333333,99.969,6.864333333333334
greenwich,2023-11-28 05:00:00+00:00,,3.0,1.0,4.0992500000000005,44,0.5833333333333334,2.5,100.0,6.473083333333334
greenwich,2023-11-28 06:00:00+00:00,,0.0,1.0,4.09625,298,11.25,25.083333333333332,99.95166666666667,4.9928333333333335
greenwich,2023-11-28 07:00:00+00:00,,0.0,1.0,4.0935,296,11.416666666666666,24.75,98.43833333333333,4.045083333333333
greenwich,2023-11-28 08:00:00+00:00,,0.0,1.0,4.089916666666666,296,7.833333333333333,17.916666666666668,96.85575,3.00825
greenwich,2023-11-28 09:00:00+00:00,,0.0,1.0,4.0865833333333335,277,5.333333333333333,12.416666666666666,97.99583333333334,1.7716666666666665
greenwich,2023-11-28 10:00:00+00:00,,0.0,1.0,4.082833333333333,251,6.083333333333333,12.333333333333334,98.56766666666665,1.5689166666666667
greenwich,2023-11-28 11:00:00+00:00,,0.0,7.083333333333333,4.092666666666667,260,5.583333333333333,12.833333333333334,98.3995,1.1894166666666666
greenwich,2023-11-28 12:00:00+00:00,,0.0,91.91666666666667,4.25025,246,9.25,15.25,96.72791666666666,1.1400833333333333
greenwich,2023-11-28 13:00:00+00:00,,0.0,224.58333333333334,4.299083333333333,247,7.5,16.25,91.93775,1.6159999999999999
greenwich,2023-11-28 14:00:00+00:00,,0.0,132.0,4.2980833333333335,282,7.0,17.666666666666668,88.82591666666667,1.4495833333333332
greenwich,2023-11-28 15:00:00+00:00,,0.0,187.66666666666666,4.305000000000001,313,10.0,22.0,84.17008333333332,1.0345
greenwich,2023-11-28 16:00:00+00:00,,0.0,363.5833333333333,4.3,305,8.166666666666666,18.0,78.00816666666667,1.412
greenwich,2023-11-28 17:00:00+00:00,,0.0,260.8333333333333,4.302333333333333,271,6.166666666666667,13.666666666666666,67.857,-0.08450000000000002
greenwich,2023-11-28 18:00:00+00:00,,0.0,134.91666666666666,4.2935,277,5.666666666666667,13.416666666666666,63.14941666666667,-1.2388333333333332
greenwich,2023-11-28 19:00:00+00:00,,0.0,37.916666666666664,4.282583333333333,284,7.25,14.916666666666666,71.83791666666667,-1.2625833333333334
greenwich,2023-11-28 20:00:00+00:00,,0.0,3.9166666666666665,4.22375,246,9.416666666666666,15.833333333333334,76.94225,-1.2736666666666667
greenwich,2023-11-28 21:00:00+00:00,,0.0,1.0,4.197583333333333,244,7.333333333333333,11.25,79.18025,-1.643
greenwich,2023-11-28 22:00:00+00:00,,0.0,1.0,4.185,244,7.75,11.916666666666666,81.19183333333334,-1.7766666666666666
greenwich,2023-11-28 23:00:00+00:00,,0.0,1.0,4.17575,247,5.5,9.25,82.69625,-2.37725
greenwich,2023-11-29 00:00:00+00:00,,0.0,1.0,4.168916666666667,232,9.5,16.333333333333332,86.90716666666667,-1.6028333333333336
greenwich,2023-11-29 01:00:00+00:00,,0.0,1.0,4.162166666666667,241,13.0,20.25,96.14033333333333,-0.54475
greenwich,2023-11-29 02:00:00+00:00,,0.0,1.0,4.156416666666667,260,10.0,18.75,91.94175,-1.819416666666667
greenwich,2023-11-29 03:00:00+00:00,,0.0,1.0,4.149583333333333,247,13.75,21.5,89.69958333333334,-2.6609166666666666
greenwich,2023-11-29 04:00:00+00:00,,0.0,1.0,4.141,243,13.75,20.666666666666668,87.36916666666667,-3.424
greenwich,2023-11-29 05:00:00+00:00,,0.0,1.0,4.133,247,14.583333333333334,20.916666666666668,82.91125000000001,-4.548333333333333
greenwich,2023-11-29 06:00:00+00:00,,0.0,1.0,4.125083333333333,241,13.666666666666666,20.666666666666668,79.52624999999999,-5.5605
greenwich,2023-11-29 07:00:00+00:00,,0.0,1.0,4.116833333333333,243,11.916666666666666,17.916666666666668,78.29741666666666,-6.0865833333333335
greenwich,2023-11-29 08:00:00+00:00,,0.0,1.0,4.1105833333333335,253,10.5,19.5,78.56425,-5.828250000000001
greenwich,2023-11-29 09:00:00+00:00,,0.0,1.0,4.106,247,12.25,22.916666666666668,80.96375,-5.609416666666667
greenwich,2023-11-29 10:00:00+00:00,,0.0,1.0,4.098416666666666,244,12.25,21.416666666666668,81.19316666666667,-5.909083333333332
greenwich,2023-11-29 11:00:00+00:00,,0.0,8.0,4.10525,247,12.75,24.25,76.68491666666667,-7.018916666666667
greenwich,2023-11-29 12:00:00+00:00,,0.0,73.58333333333333,4.268166666666667,253,10.916666666666666,23.333333333333332,76.66516666666666,-6.973166666666667
greenwich,2023-11-29 13:00:00+00:00,,0.0,278.1666666666667,4.299833333333333,257,13.166666666666666,27.25,71.82566666666666,-7.211916666666667
greenwich,2023-11-29 14:00:00+00:00,,0.0,162.16666666666666,4.293,253,11.25,25.083333333333332,73.23558333333334,-6.9805
greenwich,2023-11-29 15:00:00+00:00,,0.0,204.41666666666666,4.298333333333333,261,11.416666666666666,27.083333333333332,73.70224999999999,-6.615833333333334
greenwich,2023-11-29 16:00:00+00:00,,0.0,148.41666666666666,4.294666666666667,282,11.083333333333334,27.666666666666668,72.01816666666666,-6.352333333333333
greenwich,2023-11-29 17:00:00+00:00,,0.0,98.58333333333333,4.297583333333333,279,13.583333333333334,30.0,64.47825,-28.6495
greenwich,2023-11-29 18:00:00+00:00,,0.0,89.16666666666667,4.295833333333333,288,12.25,28.666666666666668,,
greenwich,2023-11-29 19:00:00+00:00,,0.0,106.33333333333333,4.303583333333333,302,10.333333333333334,24.916666666666668,,
greenwich,2023-11-29 20:00:00+00:00,,0.0,4.583333333333333,4.23425,251,10.5,22.583333333333332,72.98316666666666,-6.349166666666666
greenwich,2023-11-29 21:00:00+00:00,,0.0,1.0,4.192166666666666,258,10.416666666666666,22.916666666666668,72.44691666666667,-6.634250000000001
greenwich,2023-11-29 22:00:00+00:00,,0.0,1.0,4.175666666666666,247,11.75,23.416666666666668,74.21983333333334,-6.581583333333334
greenwich,2023-11-29 23:00:00+00:00,,0.0,1.0,4.163083333333334,248,9.166666666666666,22.0,69.57208333333334,-7.538916666666666
greenwich,2023-11-30 00:00:00+00:00,,0.0,1.0,4.152416666666666,250,8.5,21.166666666666668,61.8185,-9.431166666666668
greenwich,2023-11-30 01:00:00+00:00,,0.0,1.0,4.140916666666667,270,9.916666666666666,21.25,66.39833333333333,-9.238833333333334
greenwich,2023-11-30 02:00:00+00:00,,0.0,1.0,4.129666666666666,247,12.5,23.75,68.42325,-9.297166666666667
greenwich,2023-11-30 03:00:00+00:00,,0.0,1.0,4.115916666666666,260,12.5,21.666666666666668,69.23291666666667,-9.286833333333334
greenwich,2023-11-30 04:00:00+00:00,,0.0,1.0,4.1055,248,9.5,21.083333333333332,66.36149999999999,-8.936166666666667
greenwich,2023-11-30 05:00:00+00:00,,0.0,1.0,4.097916666666666,272,8.333333333333334,17.25,71.1245,-8.909333333333333
greenwich,2023-11-30 06:00:00+00:00,,0.0,1.0,4.091,241,11.583333333333334,19.5,71.64908333333334,-9.0685
greenwich,2023-11-30 07:00:00+00:00,,0.0,1.0,4.085,275,10.166666666666666,16.833333333333332,74.69,-9.095333333333334
greenwich,2023-11-30 08:00:00+00:00,,0.0,1.0,4.08,240,10.916666666666666,15.416666666666666,76.00441666666667,-9.34825
greenwich,2023-11-30 09:00:00+00:00,,0.0,1.0,4.076666666666667,243,10.583333333333334,15.166666666666666,79.19116666666666,-9.0535
greenwich,2023-11-30 10:00:00+00:00,,0.0,1.0,4.072916666666667,241,9.583333333333334,13.833333333333334,80.10458333333334,-8.979083333333334
greenwich,2023-11-30 11:00:00+00:00,,0.0,8.166666666666666,4.0885,241,8.083333333333334,12.833333333333334,78.01508333333334,-9.033
greenwich,2023-11-30 12:00:00+00:00,,0.0,89.0,4.2700000000000005,220,5.083333333333333,9.166666666666666,73.30508333333334,-8.804666666666668
greenwich,2023-11-30 13:00:00+00:00,,0.0,152.83333333333334,4.298416666666667,152,6.75,13.333333333333334,72.18733333333333,-7.742083333333333
greenwich,2023-11-30 14:00:00+00:00,,0.0,172.16666666666666,4.290416666666666,205,10.5,19.583333333333332,70.76216666666667,-6.568083333333333
greenwich,2023-11-30 15:00:00+00:00,,0.0,221.0,4.287999999999999,226,10.75,19.916666666666668,64.55891666666666,-6.143
greenwich,2023-11-30 16:00:00+00:00,,0.0,272.0,4.2980833333333335,202,10.833333333333334,20.666666666666668,58.464499999999994,-5.7315000000000005
greenwich,2023-11-30 17:00:00+00:00,,0.0,226.25,4.297666666666667,222,13.416666666666666,25.583333333333332,62.79683333333333,-4.241499999999999
greenwich,2023-11-30 18:00:00+00:00,,0.0,185.25,4.304416666666667,222,12.416666666666666,22.75,63.07425,-3.8493333333333335
greenwich,2023-11-30 19:00:00+00:00,,0.0,74.16666666666667,4.293416666666666,213,10.666666666666666,19.083333333333332,67.60041666666667,-2.952583333333333
greenwich,2023-11-30 20:00:00+00:00,,0.0,4.083333333333333,4.232166666666667,212,6.916666666666667,13.333333333333334,74.9555,-2.53075
greenwich,2023-11-30 21:00:00+00:00,,0.0,1.0,4.197583333333333,181,6.833333333333333,13.0,78.46475,-2.05275
greenwich,2023-11-30 22:00:00+00:00,,0.0,1.0,4.1825833333333335,192,7.333333333333333,15.5,81.51283333333333,-1.2491666666666668
greenwich,2023-11-30 23:00:00+00:00,,0.0,1.0,4.172,190,6.916666666666667,13.083333333333334,85.68833333333333,-0.6289166666666667
greenwich,2023-12-01 00:00:00+00:00,,0.0,1.0,4.16375,190,7.833333333333333,16.083333333333332,89.22658333333334,-0.5595
greenwich,2023-12-01 01:00:00+00:00,,0.0,1.0,4.154,198,7.083333333333333,13.833333333333334,91.93183333333333,-0.45225
greenwich,2023-12-01 02:00:00+00:00,,0.0,1.0,4.1450000000000005,212,9.5,16.916666666666668,87.20941666666666,-0.07483333333333334
greenwich,2023-12-01 03:00:00+00:00,,0.0,1.0,4.135666666666666,212,9.833333333333334,18.75,83.322,-0.1035
