station,timestamp_utc,rain_mm,solar_radiation_w_m2,battery_v,wind_direction_deg,wind_speed_kmh,wind_gust_speed_kmh,air_temperature_c,relative_humidity_pct,dew_point_c
greenwich,2024-01-01 04:00:00+00:00,0.0,1.0,3.9825,307.0,12.25,24.416666666666668,-1.0784166666666668,97.569,-1.4262500000000002
greenwich,2024-01-01 05:00:00+00:00,0.0,1.0,3.9974166666666666,300.0,12.5,25.833333333333332,-1.0228333333333335,92.29849999999999,-2.118
greenwich,2024-01-01 06:00:00+00:00,0.0,,4.023,,,,,,
greenwich,2024-01-01 07:00:00+00:00,0.0,,4.022749999999999,,,,,,
greenwich,2024-01-01 08:00:00+00:00,0.0,,4.0216666666666665,,,,,,
greenwich,2024-01-01 09:00:00+00:00,0.0,,4.020583333333334,,,,,,
greenwich,2024-01-01 10:00:00+00:00,0.0,,4.0195,,,,,,
greenwich,2024-01-01 11:00:00+00:00,0.0,,4.018833333333333,,,,,,
greenwich,2024-01-01 12:00:00+00:00,0.0,,4.025833333333334,,,,,,
greenwich,2024-01-01 13:00:00+00:00,0.0,,4.061833333333333,,,,,,
greenwich,2024-01-01 14:00:00+00:00,0.0,,4.0882499999999995,,,,,,
greenwich,2024-01-01 15:00:00+00:00,0.0,,4.164166666666667,,,,,,
greenwich,2024-01-01 16:00:00+00:00,0.0,,4.232333333333333,,,,,,
greenwich,2024-01-01 17:00:00+00:00,0.0,,4.238333333333333,,,,,,
greenwich,2024-01-01 18:00:00+00:00,0.0,,4.237333333333333,,,,,,
greenwich,2024-01-01 19:00:00+00:00,0.0,,4.22525,,,,,,
greenwich,2024-01-01 20:00:00+00:00,0.0,,4.1695,,,,,,
greenwich,2024-01-01 21:00:00+00:00,0.0,,4.132583333333334,,,,,,
greenwich,2024-01-01 22:00:00+00:00,0.0,,4.119583333333334,,,,,,
greenwich,2024-01-01 23:00:00+00:00,0.0,,4.111666666666666,,,,,,
greenwich,2024-01-02 00:00:00+00:00,0.0,,4.1065,,,,,,
greenwich,2024-01-02 01:00:00+00:00,0.0,,4.101500000000001,,,,,,
greenwich,2024-01-02 02:00:00+00:00,0.0,,4.09725,,,,,,
greenwich,2024-01-02 03:00:00+00:00,0.0,,4.093416666666667,,,,,,
greenwich,2024-01-02 04:00:00+00:00,0.0,,4.089916666666666,,,,,,
greenwich,2024-01-02 05:00:00+00:00,0.0,,4.086333333333333,,,,,,
greenwich,2024-01-02 06:00:00+00:00,0.0,,4.083583333333333,,,,,,
greenwich,2024-01-02 07:00:00+00:00,0.0,,4.080416666666667,,,,,,
greenwich,2024-01-02 08:00:00+00:00,0.0,,4.077583333333334,,,,,,
greenwich,2024-01-02 09:00:00+00:00,0.0,,4.0745,,,,,,
greenwich,2024-01-02 10:00:00+00:00,0.0,,4.072,,,,,,
greenwich,2024-01-02 11:00:00+00:00,0.0,,4.069583333333333,,,,,,
greenwich,2024-01-02 12:00:00+00:00,0.0,,4.10725,,,,,,
greenwich,2024-01-02 13:00:00+00:00,0.0,,4.261666666666667,,,,,,
greenwich,2024-01-02 14:00:00+00:00,0.0,,4.296916666666667,,,,,,
greenwich,2024-01-02 15:00:00+00:00,0.0,,4.2973333333333334,,,,,,
greenwich,2024-01-02 16:00:00+00:00,0.0,,4.301333333333333,,,,,,
greenwich,2024-01-02 17:00:00+00:00,0.0,,4.29475,,,,,,
greenwich,2024-01-02 18:00:00+00:00,0.0,,4.29825,,,,,,
greenwich,2024-01-02 19:00:00+00:00,0.0,,4.299166666666667,,,,,,
greenwich,2024-01-02 20:00:00+00:00,0.0,,4.26525,,,,,,
greenwich,2024-01-02 21:00:00+00:00,0.0,,4.1875,,,,,,
greenwich,2024-01-02 22:00:00+00:00,0.0,,4.169583333333333,,,,,,
greenwich,2024-01-02 23:00:00+00:00,0.0,,4.15875,,,,,,
greenwich,2024-01-03 00:00:00+00:00,0.0,,4.153083333333334,,,,,,
greenwich,2024-01-03 01:00:00+00:00,0.0,,4.148416666666667,,,,,,
greenwich,2024-01-03 02:00:00+00:00,0.0,,4.1445,,,,,,
greenwich,2024-01-03 03:00:00+00:00,0.0,,4.141416666666666,,,,,,
greenwich,2024-01-03 04:00:00+00:00,0.0,,4.1386666666666665,,,,,,
greenwich,2024-01-03 05:00:00+00:00,0.0,,4.136916666666667,,,,,,
greenwich,2024-01-03 06:00:00+00:00,0.0,,4.1339999999999995,,,,,,
greenwich,2024-01-03 07:00:00+00:00,0.0,,4.132416666666667,,,,,,
greenwich,2024-01-03 08:00:00+00:00,0.0,,4.130833333333333,,,,,,
greenwich,2024-01-03 09:00:00+00:00,0.0,,4.129416666666667,,,,,,
greenwich,2024-01-03 10:00:00+00:00,0.0,,4.1280833333333335,,,,,,
greenwich,2024-01-03 11:00:00+00:00,0.0,,4.127083333333333,,,,,,
greenwich,2024-01-03 12:00:00+00:00,0.0,,4.140083333333333,,,,,,
greenwich,2024-01-03 13:00:00+00:00,0.0,,4.209083333333333,,,,,,
greenwich,2024-01-03 14:00:00+00:00,0.0,,4.2980833333333335,,,,,,
greenwich,2024-01-03 15:00:00+00:00,0.0,,4.30675,,,,,,
greenwich,2024-01-03 16:00:00+00:00,0.0,,4.29725,,,,,,
greenwich,2024-01-03 17:00:00+00:00,0.0,,4.306583333333333,,,,,,
greenwich,2024-01-03 18:00:00+00:00,0.0,,4.308916666666667,,,,,,
greenwich,2024-01-03 19:00:00+00:00,0.0,,4.297916666666667,,,,,,
greenwich,2024-01-03 20:00:00+00:00,0.0,,4.2604999999999995,,,,,,
greenwich,2024-01-03 21:00:00+00:00,0.0,,4.196583333333334,,,,,,
greenwich,2024-01-03 22:00:00+00:00,0.0,,4.180416666666667,,,,,,
greenwich,2024-01-03 23:00:00+00:00,0.0,,4.172,,,,,,
greenwich,2024-01-04 00:00:00+00:00,0.0,,4.16575,,,,,,
greenwich,2024-01-04 01:00:00+00:00,0.0,,4.160666666666667,,,,,,
greenwich,2024-01-04 02:00:00+00:00,0.0,,4.155833333333333,,,,,,
greenwich,2024-01-04 03:00:00+00:00,0.0,,4.1535,,,,,,
greenwich,2024-01-04 04:00:00+00:00,0.0,,4.150916666666666,,,,,,
greenwich,2024-01-04 05:00:00+00:00,0.0,,4.1474166666666665,,,,,,
greenwich,2024-01-04 06:00:00+00:00,0.0,,4.144416666666666,,,,,,
greenwich,2024-01-04 07:00:00+00:00,0.0,,4.143,,,,,,
greenwich,2024-01-04 08:00:00+00:00,0.0,,4.140916666666667,,,,,,
greenwich,2024-01-04 09:00:00+00:00,0.0,,4.138916666666667,,,,,,
greenwich,2024-01-04 10:00:00+00:00,0.0,,4.137416666666667,,,,,,
greenwich,2024-01-04 11:00:00+00:00,0.0,,4.136,,,,,,
greenwich,2024-01-04 12:00:00+00:00,0.0,,4.170583333333333,,,,,,
greenwich,2024-01-04 13:00:00+00:00,0.0,,4.301583333333333,,,,,,
greenwich,2024-01-04 14:00:00+00:00,0.0,,4.308833333333333,,,,,,
greenwich,2024-01-04 15:00:00+00:00,0.0,,4.31125,,,,,,
greenwich,2024-01-04 16:00:00+00:00,0.0,,4.309916666666667,,,,,,
greenwich,2024-01-04 17:00:00+00:00,0.0,,4.306416666666666,,,,,,
greenwich,2024-01-04 18:00:00+00:00,0.0,,4.29225,,,,,,
greenwich,2024-01-04 19:00:00+00:00,0.0,,4.295416666666667,,,,,,
greenwich,2024-01-04 20:00:00+00:00,0.0,,4.243333333333333,,,,,,
greenwich,2024-01-04 21:00:00+00:00,0.0,,4.196583333333334,,,,,,
greenwich,2024-01-04 22:00:00+00:00,0.0,,4.183166666666667,,,,,,
greenwich,2024-01-04 23:00:00+00:00,0.0,,4.176166666666666,,,,,,
greenwich,2024-01-05 00:00:00+00:00,0.0,,4.16925,,,,,,
greenwich,2024-01-05 01:00:00+00:00,0.0,,4.164333333333333,,,,,,
greenwich,2024-01-05 02:00:00+00:00,0.0,,4.159833333333333,,,,,,
greenwich,2024-01-05 03:00:00+00:00,0.0,,4.1565,,,,,,
greenwich,2024-01-05 04:00:00+00:00,0.0,,4.155,,,,,,
greenwich,2024-01-05 05:00:00+00:00,0.0,,4.1531666666666665,,,,,,
greenwich,2024-01-05 06:00:00+00:00,0.0,,4.15125,,,,,,
greenwich,2024-01-05 07:00:00+00:00,0.0,,4.14975,,,,,,
greenwich,2024-01-05 08:00:00+00:00,0.0,,4.147833333333334,,,,,,
greenwich,2024-01-05 09:00:00+00:00,0.0,,4.1466666666666665,,,,,,
greenwich,2024-01-05 10:00:00+00:00,0.0,,4.144749999999999,,,,,,
greenwich,2024-01-05 11:00:00+00:00,0.0,,4.1425,,,,,,
greenwich,2024-01-05 12:00:00+00:00,0.0,,4.150083333333334,,,,,,
greenwich,2024-01-05 13:00:00+00:00,0.0,,4.1803333333333335,,,,,,
greenwich,2024-01-05 14:00:00+00:00,0.0,,4.257,,,,,,
greenwich,2024-01-05 15:00:00+00:00,0.0,,4.2995,,,,,,
greenwich,2024-01-05 16:00:00+00:00,0.0,,4.308916666666667,,,,,,
greenwich,2024-01-05 17:00:00+00:00,0.0,,4.301083333333334,,,,,,
greenwich,2024-01-05 18:00:00+00:00,0.0,,4.304,,,,,,
greenwich,2024-01-05 19:00:00+00:00,0.0,,4.30375,,,,,,
greenwich,2024-01-05 20:00:00+00:00,0.0,,4.244916666666667,,,,,,
greenwich,2024-01-05 21:00:00+00:00,0.0,,4.194166666666667,,,,,,
greenwich,2024-01-05 22:00:00+00:00,0.0,,4.180416666666667,,,,,,
greenwich,2024-01-05 23:00:00+00:00,0.0,,4.172166666666667,,,,,,
greenwich,2024-01-06 00:00:00+00:00,0.0,,4.165916666666667,,,,,,
greenwich,2024-01-06 01:00:00+00:00,0.0,,4.160333333333333,,,,,,
greenwich,2024-01-06 02:00:00+00:00,0.0,,4.156,,,,,,
greenwich,2024-01-06 03:00:00+00:00,0.0,,4.152083333333334,,,,,,
greenwich,2024-01-06 04:00:00+00:00,0.0,,4.148666666666666,,,,,,
greenwich,2024-01-06 05:00:00+00:00,0.0,,4.145166666666666,,,,,,
greenwich,2024-01-06 06:00:00+00:00,0.0,,4.141166666666667,,,,,,
greenwich,2024-01-06 07:00:00+00:00,0.0,,4.138416666666667,,,,,,
greenwich,2024-01-06 08:00:00+00:00,0.0,,4.137,,,,,,
greenwich,2024-01-06 09:00:00+00:00,0.0,,4.1345,,,,,,
greenwich,2024-01-06 10:00:00+00:00,0.0,,4.1325,,,,,,
greenwich,2024-01-06 11:00:00+00:00,0.0,,4.1312500000000005,,,,,,
greenwich,2024-01-06 12:00:00+00:00,0.0,,4.160916666666666,,,,,,
greenwich,2024-01-06 13:00:00+00:00,0.0,,4.279,,,,,,
greenwich,2024-01-06 14:00:00+00:00,0.0,,4.308666666666666,,,,,,
greenwich,2024-01-06 15:00:00+00:00,0.0,,4.311333333333334,,,,,,
greenwich,2024-01-06 16:00:00+00:00,0.0,,4.306416666666666,,,,,,
greenwich,2024-01-06 17:00:00+00:00,0.0,,4.304166666666666,,,,,,
greenwich,2024-01-06 18:00:00+00:00,0.0,,4.3109166666666665,,,,,,
greenwich,2024-01-06 19:00:00+00:00,0.0,,4.3027500000000005,,,,,,
greenwich,2024-01-06 20:00:00+00:00,0.0,,4.245333333333334,,,,,,
greenwich,2024-01-06 21:00:00+00:00,0.0,,4.194083333333333,,,,,,
greenwich,2024-01-06 22:00:00+00:00,0.0,,4.179083333333334,,,,,,
greenwich,2024-01-06 23:00:00+00:00,0.0,,4.16925,,,,,,
greenwich,2024-01-07 00:00:00+00:00,0.0,,4.162833333333333,,,,,,
greenwich,2024-01-07 01:00:00+00:00,0.0,,4.1575,,,,,,
greenwich,2024-01-07 02:00:00+00:00,0.0,,4.1531666666666665,,,,,,
greenwich,2024-01-07 03:00:00+00:00,0.0,,4.149333333333334,,,,,,
greenwich,2024-01-07 04:00:00+00:00,0.0,,4.145416666666667,,,,,,
greenwich,2024-01-07 05:00:00+00:00,0.0,,4.141666666666667,,,,,,
greenwich,2024-01-07 06:00:00+00:00,0.0,,4.138,,,,,,
greenwich,2024-01-07 07:00:00+00:00,0.0,,4.134833333333334,,,,,,
greenwich,2024-01-07 08:00:00+00:00,0.0,,4.133166666666667,,,,,,
greenwich,2024-01-07 09:00:00+00:00,0.0,,4.13075,,,,,,
greenwich,2024-01-07 10:00:00+00:00,0.0,,4.127166666666667,,,,,,
greenwich,2024-01-07 11:00:00+00:00,0.0,,4.1290000000000004,,,,,,
greenwich,2024-01-07 12:00:00+00:00,0.0,,4.170166666666667,,,,,,
greenwich,2024-01-07 13:00:00+00:00,0.0,,4.298583333333333,,,,,,
greenwich,2024-01-07 14:00:00+00:00,0.0,,4.3053333333333335,,,,,,
greenwich,2024-01-07 15:00:00+00:00,0.0,,4.30525,,,,,,
greenwich,2024-01-07 16:00:00+00:00,0.0,,4.307333333333333,,,,,,
greenwich,2024-01-07 17:00:00+00:00,0.0,,4.302666666666666,,,,,,
greenwich,2024-01-07 18:00:00+00:00,0.0,,4.301416666666666,,,,,,
greenwich,2024-01-07 19:00:00+00:00,0.0,,4.299,,,,,,
greenwich,2024-01-07 20:00:00+00:00,0.0,,4.2515833333333335,,,,,,
greenwich,2024-01-07 21:00:00+00:00,0.0,,4.199833333333333,,,,,,
greenwich,2024-01-07 22:00:00+00:00,0.0,,4.185666666666667,,,,,,
greenwich,2024-01-07 23:00:00+00:00,0.0,,4.1771666666666665,,,,,,
greenwich,2024-01-08 00:00:00+00:00,0.0,,4.1715,,,,,,
greenwich,2024-01-08 01:00:00+00:00,0.0,,4.166583333333333,,,,,,
greenwich,2024-01-08 02:00:00+00:00,0.0,,4.162416666666666,,,,,,
greenwich,2024-01-08 03:00:00+00:00,0.0,,4.157916666666667,,,,,,
greenwich,2024-01-08 04:00:00+00:00,0.0,,4.154166666666667,,,,,,
greenwich,2024-01-08 05:00:00+00:00,0.0,,4.151666666666666,,,,,,
greenwich,2024-01-08 06:00:00+00:00,0.0,,4.147833333333334,,,,,,
greenwich,2024-01-08 07:00:00+00:00,0.0,,4.145333333333333,,,,,,
greenwich,2024-01-08 08:00:00+00:00,0.0,,4.142333333333333,,,,,,
greenwich,2024-01-08 09:00:00+00:00,0.0,,4.139833333333333,,,,,,
greenwich,2024-01-08 10:00:00+00:00,0.0,,4.1379166666666665,,,,,,
greenwich,2024-01-08 11:00:00+00:00,0.0,,4.13575,,,,,,
greenwich,2024-01-08 12:00:00+00:00,0.0,,4.195833333333334,,,,,,
greenwich,2024-01-08 13:00:00+00:00,0.0,,4.312416666666667,,,,,,
greenwich,2024-01-08 14:00:00+00:00,0.0,,4.303333333333334,,,,,,
greenwich,2024-01-08 15:00:00+00:00,0.0,,4.299333333333333,,,,,,
greenwich,2024-01-08 16:00:00+00:00,0.0,,4.300666666666666,,,,,,
greenwich,2024-01-08 17:00:00+00:00,0.0,,4.301583333333333,,,,,,
greenwich,2024-01-08 18:00:00+00:00,0.0,,4.3036666666666665,,,,,,
greenwich,2024-01-08 19:00:00+00:00,0.0,,4.284416666666666,,,,,,
greenwich,2024-01-08 20:00:00+00:00,0.0,,4.229416666666666,,,,,,
greenwich,2024-01-08 21:00:00+00:00,0.0,,4.196166666666667,,,,,,
greenwich,2024-01-08 22:00:00+00:00,0.0,,4.1845,,,,,,
greenwich,2024-01-08 23:00:00+00:00,0.0,,4.176916666666666,,,,,,
greenwich,2024-01-09 00:00:00+00:00,0.0,,4.17125,,,,,,
greenwich,2024-01-09 01:00:00+00:00,0.0,,4.166666666666667,,,,,,
greenwich,2024-01-09 02:00:00+00:00,0.0,,4.1625000000000005,,,,,,
greenwich,2024-01-09 03:00:00+00:00,0.0,,4.1585833333333335,,,,,,
greenwich,2024-01-09 04:00:00+00:00,0.0,,4.1546666666666665,,,,,,
greenwich,2024-01-09 05:00:00+00:00,0.0,,4.149916666666667,,,,,,
greenwich,2024-01-09 06:00:00+00:00,0.0,,4.146166666666667,,,,,,
greenwich,2024-01-09 07:00:00+00:00,0.0,,4.143583333333333,,,,,,
greenwich,2024-01-09 08:00:00+00:00,0.0,,4.140583333333333,,,,,,
greenwich,2024-01-09 09:00:00+00:00,0.0,,4.1386666666666665,,,,,,
greenwich,2024-01-09 10:00:00+00:00,0.0,,4.1362499999999995,,,,,,
greenwich,2024-01-09 11:00:00+00:00,0.0,,4.133083333333333,,,,,,
greenwich,2024-01-09 12:00:00+00:00,0.0,,4.1505,,,,,,
greenwich,2024-01-09 13:00:00+00:00,0.0,,4.273750000000001,,,,,,
greenwich,2024-01-09 14:00:00+00:00,0.0,,4.30875,,,,,,
greenwich,2024-01-09 15:00:00+00:00,0.0,,4.3101666666666665,,,,,,
greenwich,2024-01-09 16:00:00+00:00,0.0,,4.31,,,,,,
greenwich,2024-01-09 17:00:00+00:00,0.0,,4.3029166666666665,,,,,,
greenwich,2024-01-09 18:00:00+00:00,0.0,,4.3135,,,,,,
greenwich,2024-01-09 19:00:00+00:00,0.0,,4.304083333333334,,,,,,
greenwich,2024-01-09 20:00:00+00:00,0.0,,4.255999999999999,,,,,,
greenwich,2024-01-09 21:00:00+00:00,0.0,,4.20075,,,,,,
greenwich,2024-01-09 22:00:00+00:00,0.0,,4.185083333333333,,,,,,
greenwich,2024-01-09 23:00:00+00:00,0.0,,4.175666666666667,,,,,,
greenwich,2024-01-10 00:00:00+00:00,0.0,,4.168666666666667,,,,,,
greenwich,2024-01-10 01:00:00+00:00,0.0,,4.1635,,,,,,
greenwich,2024-01-10 02:00:00+00:00,0.0,,4.1585,,,,,,
greenwich,2024-01-10 03:00:00+00:00,0.0,,4.15275,,,,,,
greenwich,2024-01-10 04:00:00+00:00,0.0,,4.147833333333334,,,,,,
greenwich,2024-01-10 05:00:00+00:00,0.0,,4.13975,,,,,,
greenwich,2024-01-10 06:00:00+00:00,0.0,,4.13525,,,,,,
greenwich,2024-01-10 07:00:00+00:00,0.0,,4.130083333333333,,,,,,
greenwich,2024-01-10 08:00:00+00:00,0.0,,4.12675,,,,,,
greenwich,2024-01-10 09:00:00+00:00,0.0,,4.124583333333334,,,,,,
greenwich,2024-01-10 10:00:00+00:00,0.0,,4.12475,,,,,,
greenwich,2024-01-10 11:00:00+00:00,0.0,,4.1258333333333335,,,,,,
greenwich,2024-01-10 12:00:00+00:00,0.0,,4.148416666666667,,,,,,
greenwich,2024-01-10 13:00:00+00:00,0.0,,4.231,,,,,,
greenwich,2024-01-10 14:00:00+00:00,0.0,,4.275333333333333,,,,,,
greenwich,2024-01-10 15:00:00+00:00,0.0,,4.224833333333334,,,,,,
greenwich,2024-01-10 16:00:00+00:00,0.0,,4.244583333333334,,,,,,
greenwich,2024-01-10 17:00:00+00:00,0.0,,4.289833333333333,,,,,,
greenwich,2024-01-10 18:00:00+00:00,0.0,,4.28425,,,,,,
greenwich,2024-01-10 19:00:00+00:00,0.0,,4.2715,,,,,,
greenwich,2024-01-10 20:00:00+00:00,0.0,,4.2695,,,,,,
greenwich,2024-01-10 21:00:00+00:00,0.0,,4.207416666666666,,,,,,
greenwich,2024-01-10 22:00:00+00:00,0.0,,4.18825,,,,,,
greenwich,2024-01-10 23:00:00+00:00,0.0,,4.178333333333334,,,,,,
greenwich,2024-01-11 00:00:00+00:00,0.0,,4.171333333333333,,,,,,
greenwich,2024-01-11 01:00:00+00:00,0.0,,4.1652499999999995,,,,,,
greenwich,2024-01-11 02:00:00+00:00,0.0,,4.160083333333334,,,,,,
greenwich,2024-01-11 03:00:00+00:00,0.0,,4.15625,,,,,,
greenwich,2024-01-11 04:00:00+00:00,0.0,,4.15175,,,,,,
greenwich,2024-01-11 05:00:00+00:00,0.0,,4.148916666666667,,,,,,
greenwich,2024-01-11 06:00:00+00:00,0.0,,4.1457500000000005,,,,,,
greenwich,2024-01-11 07:00:00+00:00,0.0,,4.1434999999999995,,,,,,
greenwich,2024-01-11 08:00:00+00:00,0.0,,4.141583333333333,,,,,,
greenwich,2024-01-11 09:00:00+00:00,0.0,,4.13975,,,,,,
greenwich,2024-01-11 10:00:00+00:00,0.0,,4.137666666666667,,,,,,
greenwich,2024-01-11 11:00:00+00:00,0.0,,4.1385,,,,,,
greenwich,2024-01-11 12:00:00+00:00,0.0,,4.217666666666667,,,,,,
greenwich,2024-01-11 13:00:00+00:00,0.0,,4.309333333333334,,,,,,
greenwich,2024-01-11 14:00:00+00:00,0.0,,4.304583333333333,,,,,,
greenwich,2024-01-11 15:00:00+00:00,0.0,,4.301833333333334,,,,,,
greenwich,2024-01-11 16:00:00+00:00,0.0,,4.30075,,,,,,
greenwich,2024-01-11 17:00:00+00:00,0.0,,4.306333333333334,,,,,,
greenwich,2024-01-11 18:00:00+00:00,0.0,,4.307666666666667,,,,,,
greenwich,2024-01-11 19:00:00+00:00,0.0,,4.309916666666667,,,,,,
greenwich,2024-01-11 20:00:00+00:00,0.0,,4.25925,,,,,,
greenwich,2024-01-11 21:00:00+00:00,0.0,,4.209416666666667,,,,,,
greenwich,2024-01-11 22:00:00+00:00,0.0,,4.197416666666666,,,,,,
greenwich,2024-01-11 23:00:00+00:00,0.0,,4.189666666666667,,,,,,
greenwich,2024-01-12 00:00:00+00:00,0.0,,4.183,,,,,,
greenwich,2024-01-12 01:00:00+00:00,0.0,,4.178416666666666,,,,,,
greenwich,2024-01-12 02:00:00+00:00,0.0,,4.174916666666667,,,,,,
greenwich,2024-01-12 03:00:00+00:00,0.0,,4.17175,,,,,,
greenwich,2024-01-12 04:00:00+00:00,0.0,,4.16825,,,,,,
greenwich,2024-01-12 05:00:00+00:00,0.0,,4.166583333333333,,,,,,
greenwich,2024-01-12 06:00:00+00:00,0.0,,4.162,,,,,,
greenwich,2024-01-12 07:00:00+00:00,0.0,,4.159666666666666,,,,,,
greenwich,2024-01-12 08:00:00+00:00,0.0,,4.158,,,,,,
greenwich,2024-01-12 09:00:00+00:00,0.0,,4.155583333333333,,,,,,
greenwich,2024-01-12 10:00:00+00:00,0.0,,4.15375,,,,,,
greenwich,2024-01-12 11:00:00+00:00,0.0,,4.151833333333333,,,,,,
greenwich,2024-01-12 12:00:00+00:00,0.0,,4.205583333333333,,,,,,
greenwich,2024-01-12 13:00:00+00:00,0.0,,4.300666666666667,,,,,,
greenwich,2024-01-12 14:00:00+00:00,0.0,,4.310333333333333,,,,,,
greenwich,2024-01-12 15:00:00+00:00,0.0,,4.303083333333333,,,,,,
greenwich,2024-01-12 16:00:00+00:00,0.0,,4.305083333333333,,,,,,
greenwich,2024-01-12 17:00:00+00:00,0.0,,4.302333333333333,,,,,,
greenwich,2024-01-12 18:00:00+00:00,0.0,,4.295083333333333,,,,,,
greenwich,2024-01-12 19:00:00+00:00,0.0,,4.301083333333334,,,,,,
greenwich,2024-01-12 20:00:00+00:00,0.0,,4.29325,,,,,,
greenwich,2024-01-12 21:00:00+00:00,0.0,,4.223583333333333,,,,,,
greenwich,2024-01-12 22:00:00+00:00,0.0,,4.196833333333333,,,,,,
greenwich,2024-01-12 23:00:00+00:00,0.0,,4.184333333333334,,,,,,
greenwich,2024-01-13 00:00:00+00:00,0.0,,4.177333333333333,,,,,,
greenwich,2024-01-13 01:00:00+00:00,0.0,,4.171333333333333,,,,,,
greenwich,2024-01-13 02:00:00+00:00,0.0,,4.16625,,,,,,
greenwich,2024-01-13 03:00:00+00:00,0.0,,4.162583333333333,,,,,,
greenwich,2024-01-13 04:00:00+00:00,0.0,,4.157166666666666,,,,,,
greenwich,2024-01-13 05:00:00+00:00,0.0,,4.152,,,,,,
greenwich,2024-01-13 06:00:00+00:00,0.0,,4.148666666666666,,,,,,
greenwich,2024-01-13 07:00:00+00:00,0.0,,4.145083333333333,,,,,,
greenwich,2024-01-13 08:00:00+00:00,0.0,,4.1425833333333335,,,,,,
greenwich,2024-01-13 09:00:00+00:00,0.0,,4.13875,,,,,,
greenwich,2024-01-13 10:00:00+00:00,0.0,,4.135833333333333,,,,,,
greenwich,2024-01-13 11:00:00+00:00,0.0,,4.136583333333333,,,,,,
greenwich,2024-01-13 12:00:00+00:00,0.0,,4.2375,,,,,,
greenwich,2024-01-13 13:00:00+00:00,0.0,,4.29425,,,,,,
greenwich,2024-01-13 14:00:00+00:00,0.0,,4.308416666666667,,,,,,
greenwich,2024-01-13 15:00:00+00:00,0.0,,4.3060833333333335,,,,,,
greenwich,2024-01-13 16:00:00+00:00,0.0,,4.304916666666666,,,,,,
greenwich,2024-01-13 17:00:00+00:00,0.0,,4.297916666666667,,,,,,
greenwich,2024-01-13 18:00:00+00:00,0.0,,4.293083333333333,,,,,,
greenwich,2024-01-13 19:00:00+00:00,0.0,,4.25875,,,,,,
greenwich,2024-01-13 20:00:00+00:00,0.0,,4.212833333333333,,,,,,
greenwich,2024-01-13 21:00:00+00:00,0.0,,4.190833333333333,,,,,,
greenwich,2024-01-13 22:00:00+00:00,0.0,,4.17775,,,,,,
greenwich,2024-01-13 23:00:00+00:00,0.0,,4.1695,,,,,,
greenwich,2024-01-14 00:00:00+00:00,0.0,,4.163666666666667,,,,,,
greenwich,2024-01-14 01:00:00+00:00,0.0,,4.1585,,,,,,
greenwich,2024-01-14 02:00:00+00:00,0.0,,4.155166666666667,,,,,,
greenwich,2024-01-14 03:00:00+00:00,0.0,,4.1522499999999996,,,,,,
greenwich,2024-01-14 04:00:00+00:00,0.0,,4.150666666666667,,,,,,
greenwich,2024-01-14 05:00:00+00:00,0.0,,4.148666666666666,,,,,,
greenwich,2024-01-14 06:00:00+00:00,0.0,,4.147166666666666,,,,,,
greenwich,2024-01-14 07:00:00+00:00,0.0,,4.146333333333334,,,,,,
greenwich,2024-01-14 08:00:00+00:00,0.0,,4.145833333333333,,,,,,
greenwich,2024-01-14 09:00:00+00:00,0.0,,4.144083333333334,,,,,,
greenwich,2024-01-14 10:00:00+00:00,0.0,,4.143083333333333,,,,,,
greenwich,2024-01-14 11:00:00+00:00,0.0,,4.143833333333333,,,,,,
greenwich,2024-01-14 12:00:00+00:00,0.0,,4.2035833333333334,,,,,,
greenwich,2024-01-14 13:00:00+00:00,0.0,,4.29925,,,,,,
greenwich,2024-01-14 14:00:00+00:00,0.0,,4.3077499999999995,,,,,,
greenwich,2024-01-14 15:00:00+00:00,0.0,,4.305833333333333,,,,,,
greenwich,2024-01-14 16:00:00+00:00,0.0,,4.304583333333333,,,,,,
greenwich,2024-01-14 17:00:00+00:00,0.0,,4.3094166666666665,,,,,,
greenwich,2024-01-14 18:00:00+00:00,0.0,,4.307333333333333,,,,,,
greenwich,2024-01-14 19:00:00+00:00,0.0,,4.304916666666666,,,,,,
greenwich,2024-01-14 20:00:00+00:00,0.0,,4.2815,,,,,,
greenwich,2024-01-14 21:00:00+00:00,0.0,,4.22025,,,,,,
greenwich,2024-01-14 22:00:00+00:00,0.0,,4.203416666666667,,,,,,
greenwich,2024-01-14 23:00:00+00:00,0.0,,4.194416666666666,,,,,,
greenwich,2024-01-15 00:00:00+00:00,0.0,,4.18925,,,,,,
greenwich,2024-01-15 01:00:00+00:00,0.0,,4.184333333333334,,,,,,
greenwich,2024-01-15 02:00:00+00:00,0.0,,4.18075,,,,,,
greenwich,2024-01-15 03:00:00+00:00,0.0,,4.176083333333334,,,,,,
greenwich,2024-01-15 04:00:00+00:00,0.0,,4.1738333333333335,,,,,,
greenwich,2024-01-15 05:00:00+00:00,0.0,,4.170416666666667,,,,,,
greenwich,2024-01-15 06:00:00+00:00,0.0,,4.167916666666667,,,,,,
greenwich,2024-01-15 07:00:00+00:00,0.0,,4.1652499999999995,,,,,,
greenwich,2024-01-15 08:00:00+00:00,0.0,,4.160916666666666,,,,,,
greenwich,2024-01-15 09:00:00+00:00,0.0,,4.159583333333333,,,,,,
greenwich,2024-01-15 10:00:00+00:00,0.0,,4.154916666666667,,,,,,
greenwich,2024-01-15 11:00:00+00:00,0.0,,4.154916666666667,,,,,,
greenwich,2024-01-15 12:00:00+00:00,0.0,,4.245416666666666,,,,,,
greenwich,2024-01-15 13:00:00+00:00,0.0,,4.3060833333333335,,,,,,
greenwich,2024-01-15 14:00:00+00:00,0.0,,4.303583333333333,,,,,,
greenwich,2024-01-15 15:00:00+00:00,0.0,,4.304666666666667,,,,,,
greenwich,2024-01-15 16:00:00+00:00,0.0,,4.3021666666666665,,,,,,
greenwich,2024-01-15 17:00:00+00:00,0.0,,4.302,,,,,,
greenwich,2024-01-15 18:00:00+00:00,0.0,,4.302333333333333,,,,,,
greenwich,2024-01-15 19:00:00+00:00,0.0,,4.2945,,,,,,
greenwich,2024-01-15 20:00:00+00:00,0.0,,4.29475,,,,,,
greenwich,2024-01-15 21:00:00+00:00,0.0,,4.218333333333334,,,,,,
greenwich,2024-01-15 22:00:00+00:00,0.0,,4.18725,,,,,,
greenwich,2024-01-15 23:00:00+00:00,0.0,,4.180833333333333,,,,,,
greenwich,2024-01-16 00:00:00+00:00,0.0,,4.173916666666667,,,,,,
greenwich,2024-01-16 01:00:00+00:00,0.0,,4.165166666666667,,,,,,
greenwich,2024-01-16 02:00:00+00:00,0.0,,4.1615,,,,,,
greenwich,2024-01-16 03:00:00+00:00,0.0,,4.1555,,,,,,
greenwich,2024-01-16 04:00:00+00:00,0.0,,4.150333333333333,,,,,,
greenwich,2024-01-16 05:00:00+00:00,0.0,,4.145166666666666,,,,,,
greenwich,2024-01-16 06:00:00+00:00,0.0,,4.137833333333333,,,,,,
greenwich,2024-01-16 07:00:00+00:00,0.0,,4.136416666666666,,,,,,
greenwich,2024-01-16 08:00:00+00:00,0.0,,4.135333333333333,,,,,,
greenwich,2024-01-16 09:00:00+00:00,0.0,,4.13425,,,,,,
greenwich,2024-01-16 10:00:00+00:00,0.0,,4.132750000000001,,,,,,
greenwich,2024-01-16 11:00:00+00:00,0.0,,4.129666666666666,,,,,,
greenwich,2024-01-16 12:00:00+00:00,0.0,,4.145166666666666,,,,,,
greenwich,2024-01-16 13:00:00+00:00,0.0,,4.265333333333333,,,,,,
greenwich,2024-01-16 14:00:00+00:00,0.0,,4.312083333333333,,,,,,
greenwich,2024-01-16 15:00:00+00:00,0.0,,4.308,,,,,,
greenwich,2024-01-16 16:00:00+00:00,0.0,,4.304166666666666,,,,,,
greenwich,2024-01-16 17:00:00+00:00,0.0,,4.303833333333333,,,,,,
greenwich,2024-01-16 18:00:00+00:00,0.0,,4.305166666666667,,,,,,
greenwich,2024-01-16 19:00:00+00:00,0.0,,4.280333333333333,,,,,,
greenwich,2024-01-16 20:00:00+00:00,0.0,,4.23175,,,,,,
greenwich,2024-01-16 21:00:00+00:00,0.0,,4.202166666666667,,,,,,
greenwich,2024-01-16 22:00:00+00:00,0.0,,4.188916666666667,,,,,,
greenwich,2024-01-16 23:00:00+00:00,0.0,,4.181916666666667,,,,,,
greenwich,2024-01-17 00:00:00+00:00,0.0,,4.174666666666667,,,,,,
greenwich,2024-01-17 01:00:00+00:00,0.0,,4.169583333333333,,,,,,
greenwich,2024-01-17 02:00:00+00:00,0.0,,4.163583333333333,,,,,,
greenwich,2024-01-17 03:00:00+00:00,0.0,,4.15625,,,,,,
greenwich,2024-01-17 04:00:00+00:00,0.0,,4.152833333333334,,,,,,
greenwich,2024-01-17 05:00:00+00:00,0.0,,4.149666666666667,,,,,,
greenwich,2024-01-17 06:00:00+00:00,0.0,,4.1475,,,,,,
greenwich,2024-01-17 07:00:00+00:00,0.0,,4.146333333333334,,,,,,
greenwich,2024-01-17 08:00:00+00:00,0.0,,4.144583333333333,,,,,,
greenwich,2024-01-17 09:00:00+00:00,0.0,,4.143833333333333,,,,,,
greenwich,2024-01-17 10:00:00+00:00,0.0,,4.143166666666667,,,,,,
greenwich,2024-01-17 11:00:00+00:00,0.0,,4.143416666666666,,,,,,
greenwich,2024-01-17 12:00:00+00:00,0.0,,4.212583333333334,,,,,,
greenwich,2024-01-17 13:00:00+00:00,0.0,,4.2860000000000005,,,,,,
greenwich,2024-01-17 14:00:00+00:00,0.0,,4.292416666666667,,,,,,
greenwich,2024-01-17 15:00:00+00:00,0.0,,4.301,,,,,,
greenwich,2024-01-17 16:00:00+00:00,0.0,,4.303,,,,,,
greenwich,2024-01-17 17:00:00+00:00,0.0,,4.2995833333333335,,,,,,
greenwich,2024-01-17 18:00:00+00:00,0.0,,4.291833333333334,,,,,,
greenwich,2024-01-17 19:00:00+00:00,0.0,,4.292416666666667,,,,,,
greenwich,2024-01-17 20:00:00+00:00,0.0,,4.263833333333333,,,,,,
greenwich,2024-01-17 21:00:00+00:00,0.0,,4.212916666666667,,,,,,
greenwich,2024-01-17 22:00:00+00:00,0.0,,4.195833333333334,,,,,,
greenwich,2024-01-17 23:00:00+00:00,0.0,,4.186333333333333,,,,,,
greenwich,2024-01-18 00:00:00+00:00,0.0,,4.176416666666666,,,,,,
greenwich,2024-01-18 01:00:00+00:00,0.0,,4.171333333333333,,,,,,
greenwich,2024-01-18 02:00:00+00:00,0.0,,4.1667499999999995,,,,,,
greenwich,2024-01-18 03:00:00+00:00,0.0,,4.160916666666666,,,,,,
greenwich,2024-01-18 04:00:00+00:00,0.0,,4.1570833333333335,,,,,,
greenwich,2024-01-18 05:00:00+00:00,0.0,,4.151916666666667,,,,,,
greenwich,2024-01-18 06:00:00+00:00,0.0,,4.146,,,,,,
greenwich,2024-01-18 07:00:00+00:00,0.0,,4.139,,,,,,
greenwich,2024-01-18 08:00:00+00:00,0.0,,4.13675,,,,,,
greenwich,2024-01-18 09:00:00+00:00,0.0,,4.133666666666667,,,,,,
greenwich,2024-01-18 10:00:00+00:00,0.0,,4.127416666666666,,,,,,
greenwich,2024-01-18 11:00:00+00:00,0.0,,4.12725,,,,,,
greenwich,2024-01-18 12:00:00+00:00,0.0,,4.2612499999999995,,,,,,
greenwich,2024-01-18 13:00:00+00:00,0.0,,4.299666666666666,,,,,,
greenwich,2024-01-18 14:00:00+00:00,0.0,,4.302416666666667,,,,,,
greenwich,2024-01-18 15:00:00+00:00,0.0,,4.298,,,,,,
greenwich,2024-01-18 16:00:00+00:00,0.0,,4.300916666666667,,,,,,
greenwich,2024-01-18 17:00:00+00:00,0.0,,4.298916666666667,,,,,,
greenwich,2024-01-18 18:00:00+00:00,0.0,,4.296583333333333,,,,,,
greenwich,2024-01-18 19:00:00+00:00,0.0,,4.301333333333333,,,,,,
greenwich,2024-01-18 20:00:00+00:00,0.0,,4.280333333333334,,,,,,
greenwich,2024-01-18 21:00:00+00:00,0.0,,4.215333333333334,,,,,,
greenwich,2024-01-18 22:00:00+00:00,0.0,,4.190666666666666,,,,,,
greenwich,2024-01-18 23:00:00+00:00,0.0,,4.1770000000000005,,,,,,
greenwich,2024-01-19 00:00:00+00:00,0.0,,4.166833333333334,,,,,,
greenwich,2024-01-19 01:00:00+00:00,0.0,,4.157333333333333,,,,,,
greenwich,2024-01-19 02:00:00+00:00,0.0,,4.148499999999999,,,,,,
greenwich,2024-01-19 03:00:00+00:00,0.0,,4.142166666666666,,,,,,
greenwich,2024-01-19 04:00:00+00:00,0.0,,4.136666666666667,,,,,,
greenwich,2024-01-19 05:00:00+00:00,0.0,,4.131916666666666,,,,,,
greenwich,2024-01-19 06:00:00+00:00,0.0,,4.1275,,,,,,
greenwich,2024-01-19 07:00:00+00:00,0.0,,4.124833333333334,,,,,,
greenwich,2024-01-19 08:00:00+00:00,0.0,,4.123666666666667,,,,,,
greenwich,2024-01-19 09:00:00+00:00,0.0,,4.122083333333333,,,,,,
greenwich,2024-01-19 10:00:00+00:00,0.0,,4.118333333333333,,,,,,
greenwich,2024-01-19 11:00:00+00:00,0.0,,4.121166666666666,,,,,,
greenwich,2024-01-19 12:00:00+00:00,0.0,,4.252666666666666,,,,,,
greenwich,2024-01-19 13:00:00+00:00,0.0,,4.299166666666666,,,,,,
greenwich,2024-01-19 14:00:00+00:00,0.0,,4.2964166666666666,,,,,,
greenwich,2024-01-19 15:00:00+00:00,0.0,,4.29325,,,,,,
greenwich,2024-01-19 16:00:00+00:00,0.0,,4.2973333333333334,,,,,,
greenwich,2024-01-19 17:00:00+00:00,0.0,,4.3,,,,,,
greenwich,2024-01-19 18:00:00+00:00,0.0,,4.300916666666667,,,,,,
greenwich,2024-01-19 19:00:00+00:00,0.0,,4.302666666666666,,,,,,
greenwich,2024-01-19 20:00:00+00:00,0.0,,4.294833333333333,,,,,,
greenwich,2024-01-19 21:00:00+00:00,0.0,,4.230916666666666,,,,,,
greenwich,2024-01-19 22:00:00+00:00,0.0,,4.193583333333334,,,,,,
greenwich,2024-01-19 23:00:00+00:00,0.0,,4.179666666666667,,,,,,
greenwich,2024-01-20 00:00:00+00:00,0.0,,4.16875,,,,,,
greenwich,2024-01-20 01:00:00+00:00,0.0,,4.157333333333333,,,,,,
greenwich,2024-01-20 02:00:00+00:00,0.0,,4.150333333333333,,,,,,
greenwich,2024-01-20 03:00:00+00:00,0.0,,4.144416666666666,,,,,,
greenwich,2024-01-20 04:00:00+00:00,0.0,,4.138083333333333,,,,,,
greenwich,2024-01-20 05:00:00+00:00,0.0,,4.133083333333333,,,,,,
greenwich,2024-01-20 06:00:00+00:00,0.0,,4.12875,,,,,,
greenwich,2024-01-20 07:00:00+00:00,0.0,,4.12625,,,,,,
greenwich,2024-01-20 08:00:00+00:00,0.0,,4.129083333333333,,,,,,
greenwich,2024-01-20 09:00:00+00:00,0.0,,4.127666666666667,,,,,,
greenwich,2024-01-20 10:00:00+00:00,0.0,,4.12875,,,,,,
greenwich,2024-01-20 11:00:00+00:00,0.0,,4.132083333333333,,,,,,
greenwich,2024-01-20 12:00:00+00:00,0.0,,4.16775,,,,,,
greenwich,2024-01-20 13:00:00+00:00,0.0,,4.277333333333333,,,,,,
greenwich,2024-01-20 14:00:00+00:00,0.0,,4.296,,,,,,
greenwich,2024-01-20 15:00:00+00:00,0.0,,4.303583333333333,,,,,,
greenwich,2024-01-20 16:00:00+00:00,0.0,,4.301166666666667,,,,,,
greenwich,2024-01-20 17:00:00+00:00,0.0,,4.297583333333333,,,,,,
greenwich,2024-01-20 18:00:00+00:00,0.0,,4.303333333333334,,,,,,
greenwich,2024-01-20 19:00:00+00:00,0.0,,4.300166666666667,,,,,,
greenwich,2024-01-20 20:00:00+00:00,0.0,,4.281166666666667,,,,,,
greenwich,2024-01-20 21:00:00+00:00,0.0,,4.223916666666667,,,,,,
greenwich,2024-01-20 22:00:00+00:00,0.0,,4.203416666666667,,,,,,
greenwich,2024-01-20 23:00:00+00:00,0.0,,4.194083333333333,,,,,,
greenwich,2024-01-21 00:00:00+00:00,0.0,,4.186916666666667,,,,,,
greenwich,2024-01-21 01:00:00+00:00,0.0,,4.181666666666667,,,,,,
greenwich,2024-01-21 02:00:00+00:00,0.0,,4.177416666666667,,,,,,
greenwich,2024-01-21 03:00:00+00:00,0.0,,4.17425,,,,,,
greenwich,2024-01-21 04:00:00+00:00,0.0,,4.17025,,,,,,
greenwich,2024-01-21 05:00:00+00:00,0.0,,4.165666666666667,,,,,,
greenwich,2024-01-21 06:00:00+00:00,0.0,,4.162583333333333,,,,,,
greenwich,2024-01-21 07:00:00+00:00,0.0,,4.158333333333333,,,,,,
greenwich,2024-01-21 08:00:00+00:00,0.0,,4.155166666666667,,,,,,
greenwich,2024-01-21 09:00:00+00:00,0.0,,4.1513333333333335,,,,,,
greenwich,2024-01-21 10:00:00+00:00,0.0,,4.146833333333333,,,,,,
greenwich,2024-01-21 11:00:00+00:00,0.0,,4.14375,,,,,,
greenwich,2024-01-21 12:00:00+00:00,0.0,,4.173583333333333,,,,,,
greenwich,2024-01-21 13:00:00+00:00,0.0,,4.248,,,,,,
greenwich,2024-01-21 14:00:00+00:00,0.0,,4.28825,,,,,,
greenwich,2024-01-21 15:00:00+00:00,0.0,,4.3036666666666665,,,,,,
greenwich,2024-01-21 16:00:00+00:00,0.0,,4.302833333333333,,,,,,
greenwich,2024-01-21 17:00:00+00:00,0.0,,4.302499999999999,,,,,,
greenwich,2024-01-21 18:00:00+00:00,0.0,,4.299833333333333,,,,,,
greenwich,2024-01-21 19:00:00+00:00,0.0,,4.2964166666666666,,,,,,
greenwich,2024-01-21 20:00:00+00:00,0.0,,4.277833333333334,,,,,,
greenwich,2024-01-21 21:00:00+00:00,0.0,,4.22075,,,,,,
greenwich,2024-01-21 22:00:00+00:00,0.0,,4.200583333333333,,,,,,
greenwich,2024-01-21 23:00:00+00:00,0.0,,4.191166666666667,,,,,,
greenwich,2024-01-22 00:00:00+00:00,0.0,,4.1844166666666665,,,,,,
greenwich,2024-01-22 01:00:00+00:00,0.0,,4.177666666666666,,,,,,
greenwich,2024-01-22 02:00:00+00:00,0.0,,4.170416666666667,,,,,,
greenwich,2024-01-22 03:00:00+00:00,0.0,,4.16575,,,,,,
greenwich,2024-01-22 04:00:00+00:00,0.0,,4.160916666666666,,,,,,
greenwich,2024-01-22 05:00:00+00:00,0.0,,4.15375,,,,,,
greenwich,2024-01-22 06:00:00+00:00,0.0,,4.148583333333334,,,,,,
greenwich,2024-01-22 07:00:00+00:00,0.0,,4.143833333333333,,,,,,
greenwich,2024-01-22 08:00:00+00:00,0.0,,4.1401666666666666,,,,,,
greenwich,2024-01-22 09:00:00+00:00,0.0,,4.136166666666667,,,,,,
greenwich,2024-01-22 10:00:00+00:00,0.0,,4.1321666666666665,,,,,,
greenwich,2024-01-22 11:00:00+00:00,0.0,,4.129166666666666,,,,,,
greenwich,2024-01-22 12:00:00+00:00,0.0,,4.207416666666666,,,,,,
greenwich,2024-01-22 13:00:00+00:00,0.0,,4.300833333333333,,,,,,
greenwich,2024-01-22 14:00:00+00:00,0.0,,4.300583333333333,,,,,,
greenwich,2024-01-22 15:00:00+00:00,0.0,,4.2941666666666665,,,,,,
greenwich,2024-01-22 16:00:00+00:00,0.0,,4.300999999999999,,,,,,
greenwich,2024-01-22 17:00:00+00:00,0.0,,4.2975,,,,,,
greenwich,2024-01-22 18:00:00+00:00,0.0,,4.302583333333334,,,,,,
greenwich,2024-01-22 19:00:00+00:00,0.0,,4.300916666666667,,,,,,
greenwich,2024-01-22 20:00:00+00:00,0.0,,4.280166666666667,,,,,,
greenwich,2024-01-22 21:00:00+00:00,0.0,,4.21825,,,,,,
greenwich,2024-01-22 22:00:00+00:00,0.0,,4.194166666666667,,,,,,
greenwich,2024-01-22 23:00:00+00:00,0.0,,4.182083333333334,,,,,,
greenwich,2024-01-23 00:00:00+00:00,0.0,,4.171083333333333,,,,,,
greenwich,2024-01-23 01:00:00+00:00,0.0,,4.163166666666666,,,,,,
greenwich,2024-01-23 02:00:00+00:00,0.0,,4.157,,,,,,
greenwich,2024-01-23 03:00:00+00:00,0.0,,4.152583333333333,,,,,,
greenwich,2024-01-23 04:00:00+00:00,0.0,,4.147916666666666,,,,,,
greenwich,2024-01-23 05:00:00+00:00,0.0,,4.142916666666666,,,,,,
greenwich,2024-01-23 06:00:00+00:00,0.0,,4.14325,,,,,,
greenwich,2024-01-23 07:00:00+00:00,0.0,,4.140416666666667,,,,,,
greenwich,2024-01-23 08:00:00+00:00,0.0,,4.139,,,,,,
greenwich,2024-01-23 09:00:00+00:00,0.0,,4.137333333333333,,,,,,
greenwich,2024-01-23 10:00:00+00:00,0.0,,4.137583333333334,,,,,,
greenwich,2024-01-23 11:00:00+00:00,0.0,,4.1365,,,,,,
greenwich,2024-01-23 12:00:00+00:00,0.0,,4.222583333333334,,,,,,
greenwich,2024-01-23 13:00:00+00:00,0.0,,4.29325,,,,,,
greenwich,2024-01-23 14:00:00+00:00,0.0,,4.300916666666667,,,,,,
greenwich,2024-01-23 15:00:00+00:00,0.0,,4.3015,,,,,,
greenwich,2024-01-23 16:00:00+00:00,0.0,,4.3035000000000005,,,,,,
greenwich,2024-01-23 17:00:00+00:00,0.0,,4.295833333333333,,,,,,
greenwich,2024-01-23 18:00:00+00:00,0.0,,4.2965,,,,,,
greenwich,2024-01-23 19:00:00+00:00,0.0,,4.298166666666666,,,,,,
greenwich,2024-01-23 20:00:00+00:00,0.0,,4.281916666666667,,,,,,
greenwich,2024-01-23 21:00:00+00:00,0.0,,4.225333333333333,,,,,,
greenwich,2024-01-23 22:00:00+00:00,0.0,,4.20025,,,,,,
greenwich,2024-01-23 23:00:00+00:00,0.0,,4.188583333333333,,,,,,
greenwich,2024-01-24 00:00:00+00:00,0.0,,4.1803333333333335,,,,,,
greenwich,2024-01-24 01:00:00+00:00,0.0,,4.174333333333333,,,,,,
greenwich,2024-01-24 02:00:00+00:00,0.0,,4.168166666666667,,,,,,
greenwich,2024-01-24 03:00:00+00:00,0.0,,4.163583333333333,,,,,,
greenwich,2024-01-24 04:00:00+00:00,0.0,,4.158333333333333,,,,,,
greenwich,2024-01-24 05:00:00+00:00,0.0,,4.152583333333333,,,,,,
greenwich,2024-01-24 06:00:00+00:00,0.0,,4.147333333333333,,,,,,
greenwich,2024-01-24 07:00:00+00:00,0.0,,4.141583333333333,,,,,,
greenwich,2024-01-24 08:00:00+00:00,0.0,,4.137583333333333,,,,,,
greenwich,2024-01-24 09:00:00+00:00,0.0,,4.133416666666666,,,,,,
greenwich,2024-01-24 10:00:00+00:00,0.0,,4.1314166666666665,,,,,,
greenwich,2024-01-24 11:00:00+00:00,0.0,,4.131916666666666,,,,,,
greenwich,2024-01-24 12:00:00+00:00,0.0,,4.229416666666666,,,,,,
greenwich,2024-01-24 13:00:00+00:00,0.0,,4.296333333333333,,,,,,
greenwich,2024-01-24 14:00:00+00:00,0.0,,4.2985,,,,,,
greenwich,2024-01-24 15:00:00+00:00,0.0,,4.297166666666667,,,,,,
greenwich,2024-01-24 16:00:00+00:00,0.0,,4.299333333333333,,,,,,
greenwich,2024-01-24 17:00:00+00:00,0.0,,4.300666666666667,,,,,,
greenwich,2024-01-24 18:00:00+00:00,0.0,,4.302333333333333,,,,,,
greenwich,2024-01-24 19:00:00+00:00,0.0,,4.303416666666666,,,,,,
greenwich,2024-01-24 20:00:00+00:00,0.0,,4.303249999999999,,,,,,
greenwich,2024-01-24 21:00:00+00:00,0.0,,4.2363333333333335,,,,,,
greenwich,2024-01-24 22:00:00+00:00,0.0,,4.193833333333333,,,,,,
greenwich,2024-01-24 23:00:00+00:00,0.0,,4.178999999999999,,,,,,
greenwich,2024-01-25 00:00:00+00:00,0.0,,4.1691666666666665,,,,,,
greenwich,2024-01-25 01:00:00+00:00,0.0,,4.161666666666666,,,,,,
greenwich,2024-01-25 02:00:00+00:00,0.0,,4.156333333333333,,,,,,
greenwich,2024-01-25 03:00:00+00:00,0.0,,4.151,,,,,,
greenwich,2024-01-25 04:00:00+00:00,0.0,,4.1466666666666665,,,,,,
greenwich,2024-01-25 05:00:00+00:00,0.0,,4.142833333333333,,,,,,
greenwich,2024-01-25 06:00:00+00:00,0.0,,4.140416666666666,,,,,,
greenwich,2024-01-25 07:00:00+00:00,0.0,,4.13875,,,,,,
greenwich,2024-01-25 08:00:00+00:00,0.0,,4.1375,,,,,,
greenwich,2024-01-25 09:00:00+00:00,0.0,,4.137,,,,,,
greenwich,2024-01-25 10:00:00+00:00,0.0,,4.136333333333334,,,,,,
greenwich,2024-01-25 11:00:00+00:00,0.0,,4.134666666666667,,,,,,
greenwich,2024-01-25 12:00:00+00:00,0.0,,4.14975,,,,,,
greenwich,2024-01-25 13:00:00+00:00,0.0,,4.19275,,,,,,
greenwich,2024-01-25 14:00:00+00:00,0.0,,4.267666666666666,,,,,,
greenwich,2024-01-25 15:00:00+00:00,0.0,,4.291833333333334,,,,,,
greenwich,2024-01-25 16:00:00+00:00,0.0,,4.2965,,,,,,
greenwich,2024-01-25 17:00:00+00:00,0.0,,4.299833333333333,,,,,,
greenwich,2024-01-25 18:00:00+00:00,0.0,,4.30075,,,,,,
greenwich,2024-01-25 19:00:00+00:00,0.0,,4.29725,,,,,,
greenwich,2024-01-25 20:00:00+00:00,0.0,,4.2915,,,,,,
greenwich,2024-01-25 21:00:00+00:00,0.0,,4.23075,,,,,,
greenwich,2024-01-25 22:00:00+00:00,0.0,,4.207666666666666,,,,,,
greenwich,2024-01-25 23:00:00+00:00,0.0,,4.1946666666666665,,,,,,
greenwich,2024-01-26 00:00:00+00:00,0.0,,4.187333333333333,,,,,,
greenwich,2024-01-26 01:00:00+00:00,0.0,,4.1812499999999995,,,,,,
greenwich,2024-01-26 02:00:00+00:00,0.0,,4.175416666666666,,,,,,
greenwich,2024-01-26 03:00:00+00:00,0.0,,4.169583333333333,,,,,,
greenwich,2024-01-26 04:00:00+00:00,0.0,,4.164166666666667,,,,,,
greenwich,2024-01-26 05:00:00+00:00,0.0,,4.15875,,,,,,
greenwich,2024-01-26 06:00:00+00:00,0.0,,4.152083333333334,,,,,,
greenwich,2024-01-26 07:00:00+00:00,0.0,,4.148083333333333,,,,,,
greenwich,2024-01-26 08:00:00+00:00,0.0,,4.1445,,,,,,
greenwich,2024-01-26 09:00:00+00:00,0.0,,4.138166666666667,,,,,,
greenwich,2024-01-26 10:00:00+00:00,0.0,,4.132000000000001,,,,,,
greenwich,2024-01-26 11:00:00+00:00,0.0,,4.1338333333333335,,,,,,
greenwich,2024-01-26 12:00:00+00:00,0.0,,4.263333333333333,,,,,,
greenwich,2024-01-26 13:00:00+00:00,0.0,,4.2925,,,,,,
greenwich,2024-01-26 14:00:00+00:00,0.0,,4.298416666666667,,,,,,
greenwich,2024-01-26 15:00:00+00:00,0.0,,4.297083333333333,,,,,,
greenwich,2024-01-26 16:00:00+00:00,0.0,,4.299083333333333,,,,,,
greenwich,2024-01-26 17:00:00+00:00,0.0,,4.295916666666667,,,,,,
greenwich,2024-01-26 18:00:00+00:00,0.0,,4.29625,,,,,,
greenwich,2024-01-26 19:00:00+00:00,0.0,,4.294666666666667,,,,,,
greenwich,2024-01-26 20:00:00+00:00,0.0,,4.287583333333333,,,,,,
greenwich,2024-01-26 21:00:00+00:00,0.0,,4.2275833333333335,,,,,,
greenwich,2024-01-26 22:00:00+00:00,0.0,,4.199416666666667,,,,,,
greenwich,2024-01-26 23:00:00+00:00,0.0,,4.1844166666666665,,,,,,
greenwich,2024-01-27 00:00:00+00:00,0.0,,4.174666666666666,,,,,,
greenwich,2024-01-27 01:00:00+00:00,0.0,,4.1655,,,,,,
greenwich,2024-01-27 02:00:00+00:00,0.0,,4.157916666666667,,,,,,
greenwich,2024-01-27 03:00:00+00:00,0.0,,4.151416666666667,,,,,,
greenwich,2024-01-27 04:00:00+00:00,0.0,,4.146833333333333,,,,,,
greenwich,2024-01-27 05:00:00+00:00,0.0,,4.142666666666666,,,,,,
greenwich,2024-01-27 06:00:00+00:00,0.0,,4.13875,,,,,,
greenwich,2024-01-27 07:00:00+00:00,0.0,,4.137416666666667,,,,,,
greenwich,2024-01-27 08:00:00+00:00,0.0,,4.133583333333333,,,,,,
greenwich,2024-01-27 09:00:00+00:00,0.0,,4.133583333333333,,,,,,
greenwich,2024-01-27 10:00:00+00:00,0.0,,4.1338333333333335,,,,,,
greenwich,2024-01-27 11:00:00+00:00,0.0,,4.13375,,,,,,
greenwich,2024-01-27 12:00:00+00:00,0.0,,4.144833333333334,,,,,,
greenwich,2024-01-27 13:00:00+00:00,0.0,,4.2475,,,,,,
greenwich,2024-01-27 14:00:00+00:00,0.0,,4.296,,,,,,
greenwich,2024-01-27 15:00:00+00:00,0.0,,4.295583333333333,,,,,,
greenwich,2024-01-27 16:00:00+00:00,0.0,,4.301916666666666,,,,,,
greenwich,2024-01-27 17:00:00+00:00,0.0,,4.301333333333333,,,,,,
greenwich,2024-01-27 18:00:00+00:00,0.0,,4.29975,,,,,,
greenwich,2024-01-27 19:00:00+00:00,0.0,,4.2988333333333335,,,,,,
greenwich,2024-01-27 20:00:00+00:00,0.0,,4.293833333333333,,,,,,
greenwich,2024-01-27 21:00:00+00:00,0.0,,4.239083333333333,,,,,,
greenwich,2024-01-27 22:00:00+00:00,0.0,,4.2084166666666665,,,,,,
greenwich,2024-01-27 23:00:00+00:00,0.0,,4.195666666666667,,,,,,
greenwich,2024-01-28 00:00:00+00:00,0.0,,4.188833333333333,,,,,,
greenwich,2024-01-28 01:00:00+00:00,0.0,,4.1819999999999995,,,,,,
greenwich,2024-01-28 02:00:00+00:00,0.0,,4.176416666666667,,,,,,
greenwich,2024-01-28 03:00:00+00:00,0.0,,4.170083333333333,,,,,,
greenwich,2024-01-28 04:00:00+00:00,0.0,,4.1626666666666665,,,,,,
greenwich,2024-01-28 05:00:00+00:00,0.0,,4.157416666666667,,,,,,
greenwich,2024-01-28 06:00:00+00:00,0.0,,4.153083333333334,,,,,,
greenwich,2024-01-28 07:00:00+00:00,0.0,,4.1490833333333335,,,,,,
greenwich,2024-01-28 08:00:00+00:00,0.0,,4.144416666666666,,,,,,
greenwich,2024-01-28 09:00:00+00:00,0.0,,4.141666666666667,,,,,,
greenwich,2024-01-28 10:00:00+00:00,0.0,,4.140833333333333,,,,,,
greenwich,2024-01-28 11:00:00+00:00,0.0,,4.138083333333333,,,,,,
greenwich,2024-01-28 12:00:00+00:00,0.0,,4.181,,,,,,
greenwich,2024-01-28 13:00:00+00:00,0.0,,4.290583333333333,,,,,,
greenwich,2024-01-28 14:00:00+00:00,0.0,,4.29375,,,,,,
greenwich,2024-01-28 15:00:00+00:00,0.0,,4.299666666666667,,,,,,
greenwich,2024-01-28 16:00:00+00:00,0.0,,4.3015,,,,,,
greenwich,2024-01-28 17:00:00+00:00,0.0,,4.297083333333333,,,,,,
greenwich,2024-01-28 18:00:00+00:00,0.0,,4.2980833333333335,,,,,,
greenwich,2024-01-28 19:00:00+00:00,0.0,,4.297416666666667,,,,,,
greenwich,2024-01-28 20:00:00+00:00,0.0,,4.295416666666667,,,,,,
greenwich,2024-01-28 21:00:00+00:00,0.0,,4.234333333333333,,,,,,
greenwich,2024-01-28 22:00:00+00:00,0.0,,4.2085,,,,,,
greenwich,2024-01-28 23:00:00+00:00,0.0,,4.1946666666666665,,,,,,
greenwich,2024-01-29 00:00:00+00:00,0.0,,4.1866666666666665,,,,,,
greenwich,2024-01-29 01:00:00+00:00,0.0,,4.18025,,,,,,
greenwich,2024-01-29 02:00:00+00:00,0.0,,4.176083333333334,,,,,,
greenwich,2024-01-29 03:00:00+00:00,0.0,,4.170416666666667,,,,,,
greenwich,2024-01-29 04:00:00+00:00,0.0,,4.164833333333333,,,,,,
greenwich,2024-01-29 05:00:00+00:00,0.0,,4.1595,,,,,,
greenwich,2024-01-29 06:00:00+00:00,0.0,,4.154583333333334,,,,,,
greenwich,2024-01-29 07:00:00+00:00,0.0,,4.14975,,,,,,
greenwich,2024-01-29 08:00:00+00:00,0.0,,4.144833333333334,,,,,,
greenwich,2024-01-29 09:00:00+00:00,0.0,,4.142666666666667,,,,,,
greenwich,2024-01-29 10:00:00+00:00,0.0,,4.141,,,,,,
greenwich,2024-01-29 11:00:00+00:00,0.0,,4.139583333333333,,,,,,
greenwich,2024-01-29 12:00:00+00:00,0.0,,4.162083333333333,,,,,,
greenwich,2024-01-29 13:00:00+00:00,0.0,,4.250916666666666,,,,,,
greenwich,2024-01-29 14:00:00+00:00,0.0,,4.29725,,,,,,
greenwich,2024-01-29 15:00:00+00:00,0.0,,4.2985,,,,,,
greenwich,2024-01-29 16:00:00+00:00,0.0,,4.2995,,,,,,
greenwich,2024-01-29 17:00:00+00:00,0.0,,4.30025,,,,,,
greenwich,2024-01-29 18:00:00+00:00,0.0,,4.29875,,,,,,
greenwich,2024-01-29 19:00:00+00:00,0.0,,4.301,,,,,,
greenwich,2024-01-29 20:00:00+00:00,0.0,,4.295333333333333,,,,,,
greenwich,2024-01-29 21:00:00+00:00,0.0,,4.2402500000000005,,,,,,
greenwich,2024-01-29 22:00:00+00:00,0.0,,4.205166666666667,,,,,,
greenwich,2024-01-29 23:00:00+00:00,0.0,,4.1885,,,,,,
greenwich,2024-01-30 00:00:00+00:00,0.0,,4.1771666666666665,,,,,,
greenwich,2024-01-30 01:00:00+00:00,0.0,,4.168916666666667,,,,,,
greenwich,2024-01-30 02:00:00+00:00,0.0,,4.1617500000000005,,,,,,
greenwich,2024-01-30 03:00:00+00:00,0.0,,4.154583333333333,,,,,,
greenwich,2024-01-30 04:00:00+00:00,0.0,,4.149,,,,,,
greenwich,2024-01-30 05:00:00+00:00,0.0,,4.145416666666667,,,,,,
greenwich,2024-01-30 06:00:00+00:00,0.0,,4.139,,,,,,
greenwich,2024-01-30 07:00:00+00:00,0.0,,4.135000000000001,,,,,,
greenwich,2024-01-30 08:00:00+00:00,0.0,,4.1325,,,,,,
greenwich,2024-01-30 09:00:00+00:00,0.0,,4.1315,,,,,,
greenwich,2024-01-30 10:00:00+00:00,0.0,,4.1314166666666665,,,,,,
greenwich,2024-01-30 11:00:00+00:00,0.0,,4.133333333333334,,,,,,
greenwich,2024-01-30 12:00:00+00:00,0.0,,4.2348333333333334,,,,,,
greenwich,2024-01-30 13:00:00+00:00,0.0,,4.299916666666666,,,,,,
greenwich,2024-01-30 14:00:00+00:00,0.0,,4.2964166666666666,,,,,,
greenwich,2024-01-30 15:00:00+00:00,0.0,,4.29825,,,,,,
greenwich,2024-01-30 16:00:00+00:00,0.0,,4.2980833333333335,,,,,,
greenwich,2024-01-30 17:00:00+00:00,0.0,,4.301916666666666,,,,,,
greenwich,2024-01-30 18:00:00+00:00,0.0,,4.303416666666666,,,,,,
greenwich,2024-01-30 19:00:00+00:00,0.0,,4.3045,,,,,,
greenwich,2024-01-30 20:00:00+00:00,0.0,,4.294666666666667,,,,,,
greenwich,2024-01-30 21:00:00+00:00,0.0,,4.237333333333333,,,,,,
greenwich,2024-01-30 22:00:00+00:00,0.0,,4.20175,,,,,,
greenwich,2024-01-30 23:00:00+00:00,0.0,,4.186583333333333,,,,,,
greenwich,2024-01-31 00:00:00+00:00,0.0,,4.176083333333334,,,,,,
greenwich,2024-01-31 01:00:00+00:00,0.0,,4.166583333333333,,,,,,
greenwich,2024-01-31 02:00:00+00:00,0.0,,4.159166666666667,,,,,,
greenwich,2024-01-31 03:00:00+00:00,0.0,,4.151083333333333,,,,,,
greenwich,2024-01-31 04:00:00+00:00,0.0,,4.144916666666666,,,,,,
greenwich,2024-01-31 05:00:00+00:00,0.0,,4.14075,,,,,,
greenwich,2024-01-31 06:00:00+00:00,0.0,,4.135916666666667,,,,,,
greenwich,2024-01-31 07:00:00+00:00,0.0,,4.132833333333333,,,,,,
greenwich,2024-01-31 08:00:00+00:00,0.0,,4.131583333333333,,,,,,
greenwich,2024-01-31 09:00:00+00:00,0.0,,4.129333333333333,,,,,,
greenwich,2024-01-31 10:00:00+00:00,0.0,,4.129333333333333,,,,,,
greenwich,2024-01-31 11:00:00+00:00,0.0,,4.129333333333333,,,,,,
greenwich,2024-01-31 12:00:00+00:00,0.0,,4.2455,,,,,,
greenwich,2024-01-31 13:00:00+00:00,0.0,,4.293833333333334,,,,,,
greenwich,2024-01-31 14:00:00+00:00,0.0,,4.293916666666667,,,,,,
greenwich,2024-01-31 15:00:00+00:00,0.0,,4.2985,,,,,,
greenwich,2024-01-31 16:00:00+00:00,0.0,,4.2995833333333335,,,,,,
greenwich,2024-01-31 17:00:00+00:00,0.0,,4.301333333333333,,,,,,
greenwich,2024-01-31 18:00:00+00:00,0.0,,4.301666666666667,,,,,,
greenwich,2024-01-31 19:00:00+00:00,0.0,,4.301166666666666,,,,,,
greenwich,2024-01-31 20:00:00+00:00,0.0,,4.302416666666667,,,,,,
greenwich,2024-01-31 21:00:00+00:00,0.0,,4.258166666666667,,,,,,
greenwich,2024-01-31 22:00:00+00:00,0.0,,4.205916666666667,,,,,,
greenwich,2024-01-31 23:00:00+00:00,0.0,,4.185666666666667,,,,,,
greenwich,2024-02-01 00:00:00+00:00,0.0,,4.172166666666667,,,,,,
greenwich,2024-02-01 01:00:00+00:00,0.0,,4.160916666666666,,,,,,
greenwich,2024-02-01 02:00:00+00:00,0.0,,4.152166666666667,,,,,,
greenwich,2024-02-01 03:00:00+00:00,0.0,,4.147666666666667,,,,,,
