station,timestamp_utc,solar_radiation_w_m2,rain_mm,wind_direction_deg,air_temperature_c,battery_v,wind_speed_kmh,wind_gust_speed_kmh
tracadie,2024-12-01 04:00:00+00:00,1.0,0.0,209.0,-0.693,4.236416666666667,6.766666666666667,9.5
tracadie,2024-12-01 05:00:00+00:00,1.0,0.0,205.0,-0.9403333333333334,4.226416666666666,6.333333333333333,9.0
tracadie,2024-12-01 06:00:00+00:00,1.0,0.0,201.0,-0.838,4.218083333333333,7.766666666666667,11.033333333333333
tracadie,2024-12-01 07:00:00+00:00,1.0,0.0,188.0,-1.1906666666666665,4.20925,8.933333333333334,12.3
tracadie,2024-12-01 08:00:00+00:00,1.0,0.0,191.0,-1.5813333333333333,4.200166666666667,7.9,11.233333333333333
tracadie,2024-12-01 09:00:00+00:00,1.0,0.0,171.0,-2.009333333333333,4.192583333333333,7.8,10.933333333333334
tracadie,2024-12-01 10:00:00+00:00,1.0,0.0,171.0,-1.813,4.186583333333333,11.133333333333333,14.4
tracadie,2024-12-01 11:00:00+00:00,8.133333333333333,0.0,194.0,-1.6083333333333334,4.246333333333333,7.9,10.966666666666667
tracadie,2024-12-01 12:00:00+00:00,115.53333333333333,0.4,197.0,-0.804,4.454083333333333,8.2,11.233333333333333
tracadie,2024-12-01 13:00:00+00:00,236.23333333333332,1.8,188.0,0.7976666666666666,4.45825,12.5,17.566666666666666
tracadie,2024-12-01 14:00:00+00:00,328.6333333333333,1.8,212.0,1.5136666666666667,4.460583333333333,17.966666666666665,24.566666666666666
tracadie,2024-12-01 15:00:00+00:00,379.8333333333333,0.8,222.0,2.0053333333333336,4.46125,20.6,27.0
tracadie,2024-12-01 16:00:00+00:00,361.46666666666664,0.2,211.0,2.3063333333333333,4.462083333333333,22.066666666666666,29.833333333333332
tracadie,2024-12-01 17:00:00+00:00,169.4,0.0,225.0,2.308333333333333,4.462416666666667,18.2,25.4
tracadie,2024-12-01 18:00:00+00:00,213.4,0.0,219.0,2.8866666666666663,4.463333333333334,17.1,23.733333333333334
tracadie,2024-12-01 19:00:00+00:00,115.43333333333334,0.0,211.0,3.214,4.4645,12.233333333333333,17.066666666666666
tracadie,2024-12-01 20:00:00+00:00,8.266666666666667,0.0,201.0,1.683,4.404916666666667,6.333333333333333,8.6
tracadie,2024-12-01 21:00:00+00:00,1.0,0.0,183.0,-0.06500000000000002,4.312666666666666,3.6666666666666665,5.233333333333333
tracadie,2024-12-01 22:00:00+00:00,1.0,0.0,183.0,-0.25266666666666665,4.290833333333333,7.166666666666667,9.6
tracadie,2024-12-01 23:00:00+00:00,1.0,0.0,185.0,-0.7183333333333334,4.277833333333334,2.7333333333333334,4.066666666666666
tracadie,2024-12-02 00:00:00+00:00,1.0,0.0,175.0,-0.018666666666666675,4.26675,4.2,5.566666666666666
tracadie,2024-12-02 01:00:00+00:00,1.0,0.0,180.0,0.7916666666666666,4.258333333333334,4.766666666666667,6.466666666666667
tracadie,2024-12-02 02:00:00+00:00,1.0,0.0,187.0,0.9440000000000001,4.2505,2.966666666666667,4.7
tracadie,2024-12-02 03:00:00+00:00,1.0,0.0,174.0,1.413,4.241916666666667,3.8,5.666666666666667
tracadie,2024-12-02 04:00:00+00:00,1.0,0.0,185.0,0.6649999999999999,4.233333333333333,2.066666666666667,3.6
tracadie,2024-12-02 05:00:00+00:00,1.0,0.0,246.0,0.04633333333333334,4.224,5.866666666666666,8.7
tracadie,2024-12-02 06:00:00+00:00,1.0,0.0,260.0,-0.4056666666666667,4.215,6.366666666666666,9.2
tracadie,2024-12-02 07:00:00+00:00,1.0,0.0,204.0,-1.0216666666666667,4.205583333333333,6.4,8.633333333333333
tracadie,2024-12-02 08:00:00+00:00,1.0,0.0,212.0,-0.8583333333333333,4.196166666666667,7.2,9.733333333333333
tracadie,2024-12-02 09:00:00+00:00,1.0,0.0,218.0,-1.326,4.19,5.866666666666666,7.533333333333333
tracadie,2024-12-02 10:00:00+00:00,1.0,0.0,232.0,-1.3806666666666667,4.18525,4.933333333333334,6.2
tracadie,2024-12-02 11:00:00+00:00,4.833333333333333,0.0,215.0,-1.552,4.216166666666667,6.4,8.133333333333333
tracadie,2024-12-02 12:00:00+00:00,89.3,0.0,208.0,-1.209,4.451333333333333,7.3,9.633333333333333
tracadie,2024-12-02 13:00:00+00:00,235.93333333333334,0.0,218.0,-0.38333333333333336,4.457416666666666,8.0,11.066666666666666
tracadie,2024-12-02 14:00:00+00:00,326.8,0.0,234.0,0.5363333333333333,4.459666666666666,10.633333333333333,14.966666666666667
tracadie,2024-12-02 15:00:00+00:00,376.03333333333336,0.0,260.0,1.0413333333333332,4.461166666666666,10.333333333333334,15.566666666666666
tracadie,2024-12-02 16:00:00+00:00,384.56666666666666,0.0,246.0,1.4520000000000002,4.462,11.833333333333334,16.7
tracadie,2024-12-02 17:00:00+00:00,252.2,0.0,248.0,1.4213333333333333,4.462166666666667,13.033333333333333,18.2
tracadie,2024-12-02 18:00:00+00:00,259.8333333333333,0.0,247.0,1.889,4.463333333333334,10.266666666666667,15.166666666666666
tracadie,2024-12-02 19:00:00+00:00,114.6,0.0,243.0,1.8993333333333333,4.463,6.966666666666667,10.233333333333333
tracadie,2024-12-02 20:00:00+00:00,8.566666666666666,0.0,251.0,0.3703333333333333,4.408416666666667,4.933333333333334,6.966666666666667
tracadie,2024-12-02 21:00:00+00:00,1.0,0.0,237.0,-0.7576666666666667,4.316333333333334,3.1,4.9
tracadie,2024-12-02 22:00:00+00:00,1.0,0.0,233.0,-1.4796666666666667,4.2924999999999995,1.5,2.8333333333333335
tracadie,2024-12-02 23:00:00+00:00,1.0,0.0,243.0,-2.155666666666667,4.277,2.3,3.3666666666666667
tracadie,2024-12-03 00:00:00+00:00,1.0,0.0,159.0,-2.9683333333333333,4.264666666666667,5.233333333333333,6.033333333333333
tracadie,2024-12-03 01:00:00+00:00,1.0,0.0,175.0,-3.3216666666666668,4.253333333333333,5.566666666666666,6.5
tracadie,2024-12-03 02:00:00+00:00,1.0,0.0,168.0,-3.704,4.243166666666666,6.866666666666666,7.933333333333334
tracadie,2024-12-03 03:00:00+00:00,1.0,0.0,174.0,-4.04,4.226416666666666,7.766666666666667,9.833333333333334
tracadie,2024-12-03 04:00:00+00:00,1.0,0.0,188.0,-3.449,4.218,5.933333333333334,7.933333333333334
tracadie,2024-12-03 05:00:00+00:00,1.0,0.0,206.0,-2.8306666666666667,4.2075000000000005,8.966666666666667,11.366666666666667
tracadie,2024-12-03 06:00:00+00:00,1.0,0.0,218.0,-2.4680000000000004,4.199333333333334,10.566666666666666,12.5
tracadie,2024-12-03 07:00:00+00:00,1.0,0.0,220.0,-2.2613333333333334,4.1925,10.666666666666666,13.733333333333333
tracadie,2024-12-03 08:00:00+00:00,1.0,0.0,236.0,-1.9033333333333333,4.186583333333333,10.866666666666667,14.6
tracadie,2024-12-03 09:00:00+00:00,1.0,0.0,246.0,-2.2396666666666665,4.183083333333333,7.4,11.733333333333333
tracadie,2024-12-03 10:00:00+00:00,1.0,0.0,253.0,-2.569666666666667,4.1795,8.466666666666667,12.266666666666667
tracadie,2024-12-03 11:00:00+00:00,4.2,0.0,244.0,-3.334,4.216916666666667,7.2,10.0
tracadie,2024-12-03 12:00:00+00:00,110.26666666666667,0.0,225.0,-3.5143333333333335,4.4485,7.533333333333333,10.4
tracadie,2024-12-03 13:00:00+00:00,235.3,0.0,229.0,-2.238,4.45625,11.266666666666667,16.133333333333333
tracadie,2024-12-03 14:00:00+00:00,325.1333333333333,0.0,263.0,-1.4913333333333334,4.45825,12.466666666666667,18.133333333333333
tracadie,2024-12-03 15:00:00+00:00,220.03333333333333,0.0,240.0,-1.1923333333333335,4.459416666666667,10.7,16.1
tracadie,2024-12-03 16:00:00+00:00,160.63333333333333,0.0,240.0,-0.7156666666666667,4.46,12.966666666666667,18.033333333333335
tracadie,2024-12-03 17:00:00+00:00,130.06666666666666,0.0,230.0,-0.3656666666666667,4.4615,12.533333333333333,17.466666666666665
tracadie,2024-12-03 18:00:00+00:00,114.36666666666666,0.0,233.0,-0.14466666666666667,4.461749999999999,13.633333333333333,19.1
tracadie,2024-12-03 19:00:00+00:00,65.76666666666667,0.0,225.0,-0.5023333333333333,4.449333333333333,15.466666666666667,21.466666666666665
tracadie,2024-12-03 20:00:00+00:00,1.1666666666666667,0.0,261.0,-1.544,4.323416666666667,8.5,12.1
tracadie,2024-12-03 21:00:00+00:00,1.0,0.0,212.0,-1.3783333333333334,4.289916666666667,9.733333333333333,13.133333333333333
tracadie,2024-12-03 22:00:00+00:00,1.0,0.0,215.0,-1.782,4.2715,9.166666666666666,12.733333333333333
tracadie,2024-12-03 23:00:00+00:00,1.0,0.0,247.0,-0.6773333333333333,4.259416666666667,14.466666666666667,19.666666666666668
tracadie,2024-12-04 00:00:00+00:00,1.0,0.0,350.0,-1.015,4.2465,5.9,8.066666666666666
tracadie,2024-12-04 01:00:00+00:00,1.0,0.0,211.0,-1.4383333333333332,4.232166666666667,6.8,9.533333333333333
tracadie,2024-12-04 02:00:00+00:00,1.0,0.0,201.0,-1.8646666666666667,4.219083333333333,7.766666666666667,10.833333333333334
tracadie,2024-12-04 03:00:00+00:00,1.0,0.0,243.0,-1.7963333333333333,4.2058333333333335,8.766666666666667,12.8
tracadie,2024-12-04 04:00:00+00:00,1.0,0.0,236.0,-2.1443333333333334,4.195166666666666,8.866666666666667,12.066666666666666
tracadie,2024-12-04 05:00:00+00:00,1.0,0.0,226.0,-2.1733333333333333,4.187083333333334,8.633333333333333,12.566666666666666
tracadie,2024-12-04 06:00:00+00:00,1.0,0.0,246.0,-3.159666666666667,4.1803333333333335,10.1,13.966666666666667
tracadie,2024-12-04 07:00:00+00:00,1.0,0.0,233.0,-3.864,4.175166666666667,10.833333333333334,14.966666666666667
tracadie,2024-12-04 08:00:00+00:00,1.0,0.0,244.0,-4.289000000000001,4.170916666666667,11.533333333333333,15.433333333333334
tracadie,2024-12-04 09:00:00+00:00,1.0,0.0,226.0,-4.9270000000000005,4.16825,8.033333333333333,10.633333333333333
tracadie,2024-12-04 10:00:00+00:00,1.0,0.0,202.0,-5.819333333333334,4.164583333333334,7.8,10.2
tracadie,2024-12-04 11:00:00+00:00,5.133333333333334,0.0,222.0,-5.360333333333333,4.19975,11.266666666666667,14.266666666666667
tracadie,2024-12-04 12:00:00+00:00,43.5,0.0,218.0,-4.444999999999999,4.4519166666666665,12.8,16.9
tracadie,2024-12-04 13:00:00+00:00,74.33333333333333,0.0,225.0,-3.7209999999999996,4.4535833333333334,13.533333333333333,18.266666666666666
tracadie,2024-12-04 14:00:00+00:00,101.03333333333333,0.0,222.0,-3.149,4.455416666666667,13.566666666666666,18.233333333333334
tracadie,2024-12-04 15:00:00+00:00,156.1,0.0,236.0,-2.4716666666666667,4.457416666666666,13.9,19.4
tracadie,2024-12-04 16:00:00+00:00,169.36666666666667,0.0,251.0,-2.062333333333333,4.4584166666666665,13.933333333333334,19.266666666666666
tracadie,2024-12-04 17:00:00+00:00,218.6,0.0,243.0,-1.6780000000000002,4.459,11.366666666666667,16.566666666666666
tracadie,2024-12-04 18:00:00+00:00,245.4,0.2,248.0,-1.3296666666666668,4.459666666666666,10.8,15.866666666666667
tracadie,2024-12-04 19:00:00+00:00,111.63333333333334,0.0,279.0,-1.5406666666666666,4.4591666666666665,8.4,11.766666666666667
tracadie,2024-12-04 20:00:00+00:00,7.7,0.0,253.0,-2.918,4.402666666666667,5.266666666666667,7.2
tracadie,2024-12-04 21:00:00+00:00,1.0,0.0,220.0,-3.9560000000000004,4.304416666666667,5.1,6.466666666666667
tracadie,2024-12-04 22:00:00+00:00,1.0,0.0,213.0,-4.732666666666666,4.276083333333333,4.9,6.166666666666667
tracadie,2024-12-04 23:00:00+00:00,1.0,0.0,185.0,-6.264333333333334,4.2571666666666665,6.066666666666666,7.266666666666667
tracadie,2024-12-05 00:00:00+00:00,1.0,0.0,194.0,-6.787999999999999,4.238416666666667,5.966666666666667,6.833333333333333
tracadie,2024-12-05 01:00:00+00:00,1.0,0.0,180.0,-7.447,4.224333333333333,3.966666666666667,4.933333333333334
tracadie,2024-12-05 02:00:00+00:00,1.0,0.0,161.0,-7.855666666666666,4.209666666666667,2.466666666666667,3.6666666666666665
tracadie,2024-12-05 03:00:00+00:00,1.0,0.0,163.0,-8.277,4.195083333333334,4.966666666666667,5.9
tracadie,2024-12-05 04:00:00+00:00,1.0,0.0,147.0,-7.383666666666667,4.1815,1.3,2.7
tracadie,2024-12-05 05:00:00+00:00,1.0,0.0,159.0,-6.385999999999999,4.172833333333333,0.5333333333333333,1.8333333333333333
tracadie,2024-12-05 06:00:00+00:00,1.0,0.0,132.0,-5.067333333333334,4.16725,4.466666666666667,5.8
tracadie,2024-12-05 07:00:00+00:00,1.0,0.0,128.0,-3.692,4.16625,8.566666666666666,11.0
tracadie,2024-12-05 08:00:00+00:00,1.0,0.0,95.0,-3.0959999999999996,4.168416666666666,15.333333333333334,18.133333333333333
tracadie,2024-12-05 09:00:00+00:00,1.0,0.0,98.0,-3.586,4.17,8.8,11.3
tracadie,2024-12-05 10:00:00+00:00,1.0,0.0,121.0,-3.4746666666666663,4.169333333333333,10.733333333333333,13.4
tracadie,2024-12-05 11:00:00+00:00,4.066666666666666,0.0,98.0,-2.5526666666666666,4.1955,17.933333333333334,21.7
tracadie,2024-12-05 12:00:00+00:00,22.666666666666668,0.0,102.0,-1.3090000000000002,4.4085,20.1,25.733333333333334
tracadie,2024-12-05 13:00:00+00:00,39.56666666666667,0.0,97.0,-0.599,4.444500000000001,21.266666666666666,27.166666666666668
tracadie,2024-12-05 14:00:00+00:00,100.1,0.0,98.0,0.05799999999999999,4.4558333333333335,27.5,34.56666666666667
tracadie,2024-12-05 15:00:00+00:00,85.0,0.0,94.0,0.743,4.4575000000000005,31.7,41.233333333333334
tracadie,2024-12-05 16:00:00+00:00,18.133333333333333,0.0,94.0,0.6386666666666667,4.4045,31.9,41.1
tracadie,2024-12-05 17:00:00+00:00,35.03333333333333,0.0,83.0,1.3483333333333334,4.456,36.96666666666667,46.9
tracadie,2024-12-05 18:00:00+00:00,9.9,0.6000000000000001,98.0,2.0796666666666668,4.357666666666667,39.6,51.333333333333336
tracadie,2024-12-05 19:00:00+00:00,5.666666666666667,1.8,94.0,2.340333333333333,4.304583333333333,36.7,47.2
tracadie,2024-12-05 20:00:00+00:00,1.7,1.4000000000000001,86.0,3.6613333333333333,4.2665,34.6,43.4
tracadie,2024-12-05 21:00:00+00:00,1.0,0.0,95.0,4.775333333333333,4.2387500000000005,23.133333333333333,29.133333333333333
tracadie,2024-12-05 22:00:00+00:00,1.0,0.2,126.0,5.472333333333333,4.216,18.966666666666665,24.933333333333334
tracadie,2024-12-05 23:00:00+00:00,1.0,0.0,163.0,5.312666666666667,4.207083333333333,14.7,19.733333333333334
tracadie,2024-12-06 00:00:00+00:00,1.0,0.0,184.0,4.554,4.198416666666667,15.1,20.1
tracadie,2024-12-06 01:00:00+00:00,1.0,0.2,184.0,3.643666666666667,4.193333333333333,10.166666666666666,13.566666666666666
tracadie,2024-12-06 02:00:00+00:00,1.0,0.0,191.0,2.98,4.189666666666667,5.633333333333334,7.466666666666667
tracadie,2024-12-06 03:00:00+00:00,1.0,0.0,204.0,2.9203333333333332,4.186583333333334,9.6,12.7
tracadie,2024-12-06 04:00:00+00:00,1.0,0.0,188.0,2.822,4.184916666666667,8.733333333333333,12.1
tracadie,2024-12-06 05:00:00+00:00,1.0,0.4,181.0,1.893,4.184333333333334,12.766666666666667,17.366666666666667
tracadie,2024-12-06 06:00:00+00:00,1.0,0.2,216.0,0.8273333333333334,4.181333333333334,17.933333333333334,24.433333333333334
tracadie,2024-12-06 07:00:00+00:00,1.0,0.0,213.0,0.765,4.178583333333333,23.4,32.43333333333333
tracadie,2024-12-06 08:00:00+00:00,1.0,0.0,202.0,0.7023333333333334,4.1771666666666665,27.3,37.7
tracadie,2024-12-06 09:00:00+00:00,1.0,0.0,202.0,0.434,4.176166666666666,28.8,39.3
tracadie,2024-12-06 10:00:00+00:00,1.0,0.0,198.0,0.027666666666666666,4.175333333333334,30.2,41.13333333333333
tracadie,2024-12-06 11:00:00+00:00,2.9,0.0,209.0,-0.26833333333333337,4.180083333333333,31.5,41.63333333333333
tracadie,2024-12-06 12:00:00+00:00,23.933333333333334,0.0,213.0,-0.015333333333333336,4.272833333333334,28.2,38.63333333333333
tracadie,2024-12-06 13:00:00+00:00,125.43333333333334,0.0,219.0,0.4653333333333333,4.451833333333333,29.3,39.96666666666667
tracadie,2024-12-06 14:00:00+00:00,239.23333333333332,0.0,219.0,0.37266666666666665,4.4535833333333334,28.766666666666666,38.43333333333333
tracadie,2024-12-06 15:00:00+00:00,121.5,0.0,219.0,0.3813333333333333,4.4555,28.633333333333333,39.833333333333336
tracadie,2024-12-06 16:00:00+00:00,101.23333333333333,0.0,223.0,0.22166666666666668,4.45625,26.6,36.3
tracadie,2024-12-06 17:00:00+00:00,70.7,0.0,218.0,-0.079,4.457166666666667,27.466666666666665,37.333333333333336
tracadie,2024-12-06 18:00:00+00:00,34.36666666666667,0.0,236.0,-0.7586666666666667,4.458833333333334,24.5,33.96666666666667
tracadie,2024-12-06 19:00:00+00:00,14.233333333333333,0.0,223.0,-1.4036666666666666,4.396166666666667,22.933333333333334,31.9
tracadie,2024-12-06 20:00:00+00:00,2.6333333333333333,0.0,218.0,-1.9193333333333333,4.322583333333333,22.533333333333335,31.633333333333333
tracadie,2024-12-06 21:00:00+00:00,1.0,0.0,257.0,-2.4983333333333335,4.285416666666666,23.866666666666667,33.9
tracadie,2024-12-06 22:00:00+00:00,1.0,0.0,234.0,-3.0180000000000002,4.26775,24.266666666666666,35.43333333333333
tracadie,2024-12-06 23:00:00+00:00,1.0,0.0,240.0,-3.924,4.254083333333333,23.166666666666668,33.766666666666666
tracadie,2024-12-07 00:00:00+00:00,1.0,0.0,241.0,-4.299,4.2415,22.733333333333334,31.9
tracadie,2024-12-07 01:00:00+00:00,1.0,0.0,241.0,-4.593999999999999,4.2275833333333335,23.533333333333335,33.06666666666667
tracadie,2024-12-07 02:00:00+00:00,1.0,0.0,226.0,-4.8933333333333335,4.213333333333334,25.166666666666668,35.36666666666667
tracadie,2024-12-07 03:00:00+00:00,1.0,0.0,239.0,-5.062,4.2005,23.466666666666665,33.06666666666667
tracadie,2024-12-07 04:00:00+00:00,1.0,0.0,230.0,-5.329,4.187916666666666,22.566666666666666,31.266666666666666
tracadie,2024-12-07 05:00:00+00:00,1.0,0.0,236.0,-5.421666666666667,4.178583333333333,23.6,33.333333333333336
tracadie,2024-12-07 06:00:00+00:00,1.0,0.0,250.0,-5.606333333333334,4.1706666666666665,24.8,34.7
tracadie,2024-12-07 07:00:00+00:00,1.0,0.0,253.0,-6.085333333333334,4.166166666666666,19.8,28.233333333333334
tracadie,2024-12-07 08:00:00+00:00,1.0,0.0,246.0,-6.522,4.1610000000000005,16.366666666666667,22.733333333333334
tracadie,2024-12-07 09:00:00+00:00,1.0,0.0,232.0,-7.0806666666666676,4.158416666666667,14.666666666666666,20.166666666666668
tracadie,2024-12-07 10:00:00+00:00,1.0,0.0,258.0,-7.5616666666666665,4.153666666666667,17.433333333333334,22.866666666666667
tracadie,2024-12-07 11:00:00+00:00,5.3,0.0,233.0,-7.548333333333333,4.1779166666666665,18.066666666666666,24.433333333333334
tracadie,2024-12-07 12:00:00+00:00,78.53333333333333,0.0,232.0,-7.068333333333333,4.4310833333333335,17.133333333333333,23.3
tracadie,2024-12-07 13:00:00+00:00,223.66666666666666,0.0,243.0,-6.748,4.450666666666667,22.2,29.9
tracadie,2024-12-07 14:00:00+00:00,315.9,0.0,234.0,-6.799,4.451833333333333,22.7,31.466666666666665
tracadie,2024-12-07 15:00:00+00:00,372.9,0.0,256.0,-6.655,4.452916666666667,23.366666666666667,31.733333333333334
tracadie,2024-12-07 16:00:00+00:00,365.1,0.0,236.0,-6.650666666666667,4.453416666666667,21.866666666666667,30.0
tracadie,2024-12-07 17:00:00+00:00,165.9,0.0,264.0,-7.076,4.454083333333333,20.533333333333335,27.733333333333334
tracadie,2024-12-07 18:00:00+00:00,109.76666666666667,0.0,234.0,-6.905666666666666,4.455,21.166666666666668,29.866666666666667
tracadie,2024-12-07 19:00:00+00:00,59.666666666666664,0.0,243.0,-6.597333333333334,4.45575,19.933333333333334,27.1
tracadie,2024-12-07 20:00:00+00:00,7.4,0.0,240.0,-6.729,4.402916666666667,16.2,21.966666666666665
tracadie,2024-12-07 21:00:00+00:00,1.0,0.0,218.0,-6.7219999999999995,4.297833333333333,16.2,22.0
tracadie,2024-12-07 22:00:00+00:00,1.0,0.0,234.0,-6.644666666666667,4.2695,15.166666666666666,20.733333333333334
tracadie,2024-12-07 23:00:00+00:00,1.0,0.0,218.0,-6.8229999999999995,4.249833333333334,16.266666666666666,21.633333333333333
tracadie,2024-12-08 00:00:00+00:00,1.0,0.0,213.0,-6.7733333333333325,4.2316666666666665,20.366666666666667,28.333333333333332
tracadie,2024-12-08 01:00:00+00:00,1.0,0.0,240.0,-6.618333333333334,4.214583333333334,22.4,31.4
tracadie,2024-12-08 02:00:00+00:00,1.0,0.0,256.0,-6.960666666666667,4.200583333333333,16.866666666666667,23.566666666666666
tracadie,2024-12-08 03:00:00+00:00,1.0,0.0,234.0,-7.707,4.1865,12.3,16.3
tracadie,2024-12-08 04:00:00+00:00,1.0,0.0,233.0,-7.79,4.172916666666667,11.0,14.866666666666667
tracadie,2024-12-08 05:00:00+00:00,1.0,0.0,202.0,-8.461,4.162,9.266666666666667,12.033333333333333
tracadie,2024-12-08 06:00:00+00:00,1.0,0.0,212.0,-8.554,4.153333333333333,10.666666666666666,13.9
tracadie,2024-12-08 07:00:00+00:00,1.0,0.0,225.0,-8.951333333333334,4.150416666666667,10.566666666666666,12.766666666666667
tracadie,2024-12-08 08:00:00+00:00,1.0,0.0,198.0,-9.375333333333334,4.148,8.633333333333333,11.133333333333333
tracadie,2024-12-08 09:00:00+00:00,1.0,0.0,160.0,-9.423666666666666,4.1465,3.566666666666667,5.2
tracadie,2024-12-08 10:00:00+00:00,1.0,0.0,135.0,-9.765666666666666,4.143916666666667,2.466666666666667,3.433333333333333
tracadie,2024-12-08 11:00:00+00:00,4.033333333333333,0.0,159.0,-9.795333333333334,4.181,6.666666666666667,8.166666666666666
tracadie,2024-12-08 12:00:00+00:00,28.333333333333332,0.0,105.0,-7.749666666666667,4.421833333333334,8.733333333333333,10.933333333333334
tracadie,2024-12-08 13:00:00+00:00,83.2,0.0,121.0,-5.8306666666666676,4.449000000000001,14.066666666666666,17.733333333333334
tracadie,2024-12-08 14:00:00+00:00,109.93333333333334,0.0,111.0,-4.6113333333333335,4.450916666666667,17.866666666666667,22.466666666666665
tracadie,2024-12-08 15:00:00+00:00,90.36666666666666,0.0,114.0,-3.978,4.45175,19.033333333333335,24.4
tracadie,2024-12-08 16:00:00+00:00,75.76666666666667,0.0,110.0,-3.504,4.452916666666667,20.933333333333334,26.2
tracadie,2024-12-08 17:00:00+00:00,48.56666666666667,0.0,94.0,-2.9843333333333333,4.453833333333333,25.166666666666668,31.066666666666666
tracadie,2024-12-08 18:00:00+00:00,17.0,0.0,86.0,-2.3703333333333334,4.412166666666667,31.866666666666667,39.9
tracadie,2024-12-08 19:00:00+00:00,17.466666666666665,0.0,91.0,-1.006,4.409166666666667,35.06666666666667,44.63333333333333
tracadie,2024-12-08 20:00:00+00:00,2.433333333333333,0.0,93.0,-0.09466666666666666,4.31275,32.7,41.7
tracadie,2024-12-08 21:00:00+00:00,1.0,0.0,100.0,0.328,4.27125,28.733333333333334,36.8
tracadie,2024-12-08 22:00:00+00:00,1.0,0.0,104.0,0.6793333333333333,4.2469166666666665,22.2,28.9
tracadie,2024-12-08 23:00:00+00:00,1.0,0.2,108.0,1.3213333333333332,4.224666666666667,18.666666666666668,24.866666666666667
tracadie,2024-12-09 00:00:00+00:00,1.0,0.2,128.0,1.7096666666666667,4.201666666666667,11.833333333333334,15.833333333333334
tracadie,2024-12-09 01:00:00+00:00,1.0,0.0,185.0,1.6323333333333332,4.186333333333333,15.566666666666666,21.366666666666667
tracadie,2024-12-09 02:00:00+00:00,1.0,0.0,227.0,-0.078,4.1786666666666665,20.5,28.7
tracadie,2024-12-09 03:00:00+00:00,1.0,0.0,240.0,-1.076,4.174416666666667,18.1,26.666666666666668
tracadie,2024-12-09 04:00:00+00:00,1.0,0.0,239.0,-1.933,4.170333333333333,22.433333333333334,32.56666666666667
tracadie,2024-12-09 05:00:00+00:00,1.0,0.0,243.0,-2.2936666666666667,4.165833333333333,17.833333333333332,23.933333333333334
tracadie,2024-12-09 06:00:00+00:00,1.0,0.0,211.0,-2.555,4.163916666666666,21.466666666666665,29.633333333333333
tracadie,2024-12-09 07:00:00+00:00,1.0,0.0,219.0,-2.177,4.165666666666667,22.533333333333335,29.666666666666668
tracadie,2024-12-09 08:00:00+00:00,1.0,0.0,229.0,-1.5873333333333333,4.16625,25.2,35.1
tracadie,2024-12-09 09:00:00+00:00,1.0,0.0,240.0,-1.2376666666666667,4.165916666666667,22.766666666666666,32.36666666666667
tracadie,2024-12-09 10:00:00+00:00,1.0,0.0,254.0,-1.1683333333333332,4.1665,21.933333333333334,31.7
tracadie,2024-12-09 11:00:00+00:00,1.5666666666666667,0.0,243.0,-1.8516666666666666,4.167833333333333,18.4,26.4
tracadie,2024-12-09 12:00:00+00:00,23.8,0.0,240.0,-2.018,4.298,17.966666666666665,24.7
tracadie,2024-12-09 13:00:00+00:00,60.13333333333333,0.0,243.0,-1.8410000000000002,4.447583333333333,15.633333333333333,22.566666666666666
tracadie,2024-12-09 14:00:00+00:00,95.66666666666667,0.0,244.0,-1.7726666666666666,4.4505,16.8,22.733333333333334
tracadie,2024-12-09 15:00:00+00:00,104.23333333333333,0.0,227.0,-2.0563333333333333,4.452,19.733333333333334,26.466666666666665
tracadie,2024-12-09 16:00:00+00:00,165.33333333333334,0.0,246.0,-2.3756666666666666,4.453,18.933333333333334,26.1
tracadie,2024-12-09 17:00:00+00:00,152.83333333333334,0.0,239.0,-2.258666666666667,4.453916666666666,19.3,26.966666666666665
tracadie,2024-12-09 18:00:00+00:00,221.76666666666668,0.0,256.0,-1.9143333333333332,4.454416666666667,20.433333333333334,29.433333333333334
tracadie,2024-12-09 19:00:00+00:00,119.03333333333333,0.0,267.0,-2.182,4.454583333333333,23.633333333333333,33.166666666666664
tracadie,2024-12-09 20:00:00+00:00,7.333333333333333,0.0,274.0,-2.624666666666667,4.384666666666667,26.033333333333335,34.666666666666664
tracadie,2024-12-09 21:00:00+00:00,1.0,0.0,272.0,-2.8896666666666664,4.299833333333333,25.8,34.766666666666666
tracadie,2024-12-09 22:00:00+00:00,1.0,0.0,278.0,-2.9926666666666666,4.278,25.966666666666665,34.63333333333333
tracadie,2024-12-09 23:00:00+00:00,1.0,0.0,282.0,-2.8579999999999997,4.264583333333333,25.666666666666668,34.56666666666667
tracadie,2024-12-10 00:00:00+00:00,1.0,0.0,282.0,-2.6743333333333337,4.253916666666666,23.833333333333332,31.2
tracadie,2024-12-10 01:00:00+00:00,1.0,0.0,293.0,-2.728,4.241583333333334,22.4,28.566666666666666
tracadie,2024-12-10 02:00:00+00:00,1.0,0.0,310.0,-2.6526666666666667,4.231916666666667,18.766666666666666,23.766666666666666
tracadie,2024-12-10 03:00:00+00:00,1.0,0.0,326.0,-2.655666666666667,4.219083333333333,15.333333333333334,19.933333333333334
tracadie,2024-12-10 04:00:00+00:00,1.0,0.0,327.0,-2.597,4.206416666666667,13.066666666666666,16.566666666666666
tracadie,2024-12-10 05:00:00+00:00,1.0,0.0,344.0,-2.424,4.195333333333333,9.033333333333333,12.333333333333334
tracadie,2024-12-10 06:00:00+00:00,1.0,0.0,355.0,-2.1873333333333336,4.1855,8.366666666666667,11.066666666666666
tracadie,2024-12-10 07:00:00+00:00,1.0,0.0,18.0,-1.9200000000000002,4.178916666666667,8.7,11.166666666666666
tracadie,2024-12-10 08:00:00+00:00,1.0,0.0,37.0,-2.893333333333333,4.17275,5.5,6.9
tracadie,2024-12-10 09:00:00+00:00,1.0,0.0,142.0,-3.467,4.168083333333333,7.433333333333334,9.133333333333333
tracadie,2024-12-10 10:00:00+00:00,1.0,0.0,167.0,-3.636,4.163583333333333,6.333333333333333,7.9
tracadie,2024-12-10 11:00:00+00:00,1.2333333333333334,0.0,156.0,-3.1086666666666667,4.1626666666666665,7.333333333333333,9.633333333333333
tracadie,2024-12-10 12:00:00+00:00,21.7,0.0,160.0,-2.9183333333333334,4.2645,4.7,6.066666666666666
tracadie,2024-12-10 13:00:00+00:00,68.36666666666666,0.0,163.0,-1.9393333333333334,4.44925,0.7666666666666667,1.6666666666666667
tracadie,2024-12-10 14:00:00+00:00,89.36666666666666,0.0,121.0,-1.3553333333333335,4.452166666666667,6.4,7.7
tracadie,2024-12-10 15:00:00+00:00,83.76666666666667,0.0,66.0,-0.7986666666666667,4.453083333333333,10.433333333333334,11.766666666666667
tracadie,2024-12-10 16:00:00+00:00,105.5,0.0,79.0,-0.4453333333333333,4.454416666666667,12.1,14.466666666666667
tracadie,2024-12-10 17:00:00+00:00,81.76666666666667,0.0,87.0,-0.6649999999999999,4.455416666666667,13.433333333333334,15.8
tracadie,2024-12-10 18:00:00+00:00,68.46666666666667,0.0,72.0,-0.28300000000000003,4.456083333333333,11.566666666666666,13.533333333333333
tracadie,2024-12-10 19:00:00+00:00,23.933333333333334,0.0,74.0,0.246,4.422583333333333,11.933333333333334,14.266666666666667
tracadie,2024-12-10 20:00:00+00:00,1.3333333333333333,0.0,93.0,0.36466666666666664,4.3185,9.066666666666666,11.6
tracadie,2024-12-10 21:00:00+00:00,1.0,0.0,95.0,0.20266666666666666,4.288333333333333,5.8,7.1
tracadie,2024-12-10 22:00:00+00:00,1.0,0.0,63.0,0.02033333333333333,4.2724166666666665,6.9,8.1
tracadie,2024-12-10 23:00:00+00:00,1.0,0.0,45.0,-0.22133333333333335,4.25925,8.966666666666667,10.8
tracadie,2024-12-11 00:00:00+00:00,1.0,0.2,58.0,0.08733333333333333,4.247583333333334,12.533333333333333,14.766666666666667
tracadie,2024-12-11 01:00:00+00:00,1.0,0.8,60.0,0.373,4.231916666666667,11.6,13.9
tracadie,2024-12-11 02:00:00+00:00,1.0,1.4000000000000001,55.0,0.48533333333333334,4.218083333333333,11.433333333333334,13.4
tracadie,2024-12-11 03:00:00+00:00,1.0,0.4,51.0,0.5206666666666666,4.207083333333333,14.1,16.266666666666666
tracadie,2024-12-11 04:00:00+00:00,1.0,0.2,42.0,0.6523333333333333,4.197583333333333,13.9,15.8
tracadie,2024-12-11 05:00:00+00:00,1.0,0.0,51.0,0.6293333333333333,4.191416666666666,8.2,9.333333333333334
tracadie,2024-12-11 06:00:00+00:00,1.0,0.0,38.0,1.0643333333333334,4.184916666666667,10.733333333333333,11.9
tracadie,2024-12-11 07:00:00+00:00,1.0,0.2,48.0,0.9953333333333333,4.180416666666667,6.7,7.633333333333334
tracadie,2024-12-11 08:00:00+00:00,1.0,0.0,29.0,1.288,4.177333333333333,6.066666666666666,7.166666666666667
tracadie,2024-12-11 09:00:00+00:00,1.0,0.0,67.0,2.7203333333333335,4.175166666666667,5.166666666666667,6.3
tracadie,2024-12-11 10:00:00+00:00,1.0,0.0,110.0,3.412,4.177083333333333,6.266666666666667,7.866666666666666
tracadie,2024-12-11 11:00:00+00:00,1.1,0.0,156.0,3.4843333333333333,4.178333333333334,4.733333333333333,5.833333333333333
tracadie,2024-12-11 12:00:00+00:00,12.7,0.0,111.0,3.7546666666666666,4.230083333333334,5.1,6.3
tracadie,2024-12-11 13:00:00+00:00,31.266666666666666,0.0,153.0,4.2459999999999996,4.361166666666667,4.666666666666667,6.1
tracadie,2024-12-11 14:00:00+00:00,44.733333333333334,0.0,135.0,4.894666666666667,4.431416666666666,9.966666666666667,12.266666666666667
tracadie,2024-12-11 15:00:00+00:00,44.6,0.0,138.0,5.163666666666667,4.456916666666666,14.5,17.5
tracadie,2024-12-11 16:00:00+00:00,114.56666666666666,0.0,119.0,5.759666666666666,4.45725,13.566666666666666,18.166666666666668
tracadie,2024-12-11 17:00:00+00:00,24.8,0.6000000000000001,124.0,5.753666666666666,4.416416666666667,13.5,17.433333333333334
tracadie,2024-12-11 18:00:00+00:00,20.233333333333334,1.4000000000000001,115.0,6.109333333333334,4.402416666666666,14.3,18.7
tracadie,2024-12-11 19:00:00+00:00,9.7,0.6000000000000001,121.0,7.007333333333333,4.35625,13.833333333333334,18.1
tracadie,2024-12-11 20:00:00+00:00,1.1,0.8,136.0,8.288333333333334,4.3035,18.033333333333335,24.3
tracadie,2024-12-11 21:00:00+00:00,1.0,0.0,132.0,8.503,4.285583333333333,19.3,25.033333333333335
tracadie,2024-12-11 22:00:00+00:00,1.0,0.0,126.0,8.435333333333334,4.273916666666667,20.066666666666666,25.5
tracadie,2024-12-11 23:00:00+00:00,1.0,0.0,118.0,8.708,4.264,19.3,25.3
tracadie,2024-12-12 00:00:00+00:00,1.0,0.0,129.0,10.143,4.255083333333333,15.533333333333333,21.5
tracadie,2024-12-12 01:00:00+00:00,1.0,0.0,139.0,10.868333333333334,4.246333333333333,20.7,27.5
tracadie,2024-12-12 02:00:00+00:00,1.0,0.0,131.0,11.395000000000001,4.2370833333333335,18.5,24.3
tracadie,2024-12-12 03:00:00+00:00,1.0,0.0,146.0,13.258000000000001,4.225833333333333,29.733333333333334,41.9
tracadie,2024-12-12 04:00:00+00:00,1.0,0.0,135.0,13.960666666666667,4.216,30.266666666666666,40.733333333333334
tracadie,2024-12-12 05:00:00+00:00,1.0,0.0,138.0,13.584333333333335,4.210583333333333,24.466666666666665,34.166666666666664
tracadie,2024-12-12 06:00:00+00:00,1.0,0.0,145.0,13.877999999999998,4.201833333333334,33.13333333333333,45.1
tracadie,2024-12-12 07:00:00+00:00,1.0,0.0,150.0,14.376333333333333,4.20025,37.166666666666664,52.53333333333333
tracadie,2024-12-12 08:00:00+00:00,1.0,0.0,146.0,14.433333333333334,4.199416666666667,43.2,59.43333333333333
tracadie,2024-12-12 09:00:00+00:00,1.0,0.0,143.0,14.616333333333333,4.1979999999999995,40.6,55.766666666666666
tracadie,2024-12-12 10:00:00+00:00,1.0,0.0,139.0,14.576666666666666,4.1972499999999995,39.3,54.13333333333333
tracadie,2024-12-12 11:00:00+00:00,1.3666666666666667,0.0,138.0,14.457666666666666,4.196583333333334,37.5,50.666666666666664
tracadie,2024-12-12 12:00:00+00:00,9.5,1.0,135.0,14.029,4.2203333333333335,35.766666666666666,48.733333333333334
tracadie,2024-12-12 13:00:00+00:00,10.233333333333333,0.2,128.0,14.116999999999999,4.237,37.63333333333333,50.3
tracadie,2024-12-12 14:00:00+00:00,21.833333333333332,0.0,135.0,13.743666666666666,4.273499999999999,35.6,49.06666666666667
tracadie,2024-12-12 15:00:00+00:00,38.0,0.0,146.0,12.677666666666665,4.3585,35.766666666666666,47.733333333333334
tracadie,2024-12-12 16:00:00+00:00,107.1,0.4,177.0,11.205666666666668,4.426333333333333,30.633333333333333,42.7
tracadie,2024-12-12 17:00:00+00:00,141.06666666666666,0.0,201.0,9.953,4.456583333333334,38.733333333333334,54.233333333333334
tracadie,2024-12-12 18:00:00+00:00,143.8,0.0,198.0,8.863666666666665,4.457249999999999,32.5,44.56666666666667
tracadie,2024-12-12 19:00:00+00:00,135.76666666666668,0.0,201.0,7.699333333333333,4.457833333333333,29.366666666666667,41.36666666666667
tracadie,2024-12-12 20:00:00+00:00,8.766666666666667,0.0,202.0,6.1386666666666665,4.38175,20.8,28.166666666666668
tracadie,2024-12-12 21:00:00+00:00,1.0,0.0,192.0,5.316333333333334,4.306583333333333,17.8,24.433333333333334
tracadie,2024-12-12 22:00:00+00:00,1.0,0.0,213.0,3.879,4.28925,8.366666666666667,11.366666666666667
tracadie,2024-12-12 23:00:00+00:00,1.0,0.0,197.0,3.4503333333333335,4.276666666666666,8.066666666666666,10.933333333333334
tracadie,2024-12-13 00:00:00+00:00,1.0,0.0,147.0,2.5603333333333333,4.26475,6.466666666666667,8.033333333333333
tracadie,2024-12-13 01:00:00+00:00,1.0,0.0,128.0,3.173,4.258,9.166666666666666,12.5
tracadie,2024-12-13 02:00:00+00:00,1.0,0.0,168.0,3.206,4.24675,11.633333333333333,15.6
tracadie,2024-12-13 03:00:00+00:00,1.0,0.0,178.0,2.133,4.241416666666667,11.333333333333334,15.1
tracadie,2024-12-13 04:00:00+00:00,1.0,0.0,167.0,1.1513333333333333,4.232166666666667,8.766666666666667,11.333333333333334
tracadie,2024-12-13 05:00:00+00:00,1.0,0.0,161.0,1.8366666666666667,4.22525,7.966666666666667,10.9
tracadie,2024-12-13 06:00:00+00:00,1.0,0.0,211.0,2.0513333333333335,4.2185,10.3,13.533333333333333
tracadie,2024-12-13 07:00:00+00:00,1.0,0.0,227.0,1.401,4.211083333333334,7.533333333333333,9.566666666666666
tracadie,2024-12-13 08:00:00+00:00,1.0,0.0,198.0,1.2333333333333334,4.2045,11.633333333333333,15.366666666666667
tracadie,2024-12-13 09:00:00+00:00,1.0,0.0,209.0,0.6746666666666667,4.197916666666667,13.833333333333334,18.3
tracadie,2024-12-13 10:00:00+00:00,1.0,0.0,220.0,-0.10666666666666667,4.190416666666667,13.6,18.933333333333334
tracadie,2024-12-13 11:00:00+00:00,1.7333333333333334,0.0,239.0,-0.7463333333333334,4.1915000000000004,18.066666666666666,25.3
tracadie,2024-12-13 12:00:00+00:00,84.46666666666667,0.0,227.0,-1.242,4.424416666666667,14.5,19.8
tracadie,2024-12-13 13:00:00+00:00,211.73333333333332,0.0,240.0,-1.0403333333333333,4.45325,14.433333333333334,19.933333333333334
tracadie,2024-12-13 14:00:00+00:00,306.76666666666665,0.0,227.0,-0.866,4.455,19.666666666666668,27.133333333333333
tracadie,2024-12-13 15:00:00+00:00,348.3333333333333,0.0,213.0,-0.8776666666666666,4.4558333333333335,25.5,33.63333333333333
tracadie,2024-12-13 16:00:00+00:00,402.4,0.0,226.0,-0.584,4.456416666666667,23.533333333333335,31.6
tracadie,2024-12-13 17:00:00+00:00,230.66666666666666,0.0,248.0,-0.7040000000000001,4.4565,21.9,30.566666666666666
tracadie,2024-12-13 18:00:00+00:00,181.9,0.0,208.0,-0.5956666666666667,4.457083333333333,22.033333333333335,30.466666666666665
tracadie,2024-12-13 19:00:00+00:00,112.0,0.0,230.0,-0.5823333333333333,4.456916666666666,22.5,31.3
tracadie,2024-12-13 20:00:00+00:00,7.866666666666666,0.0,246.0,-1.3816666666666668,4.39225,16.533333333333335,22.933333333333334
tracadie,2024-12-13 21:00:00+00:00,1.0,0.0,229.0,-2.0323333333333333,4.301166666666666,13.4,18.2
tracadie,2024-12-13 22:00:00+00:00,1.0,0.0,222.0,-2.455,4.278083333333334,11.2,16.233333333333334
tracadie,2024-12-13 23:00:00+00:00,1.0,0.0,251.0,-2.5290000000000004,4.266333333333333,16.766666666666666,23.3
tracadie,2024-12-14 00:00:00+00:00,1.0,0.0,246.0,-3.009333333333333,4.2564166666666665,12.8,18.933333333333334
tracadie,2024-12-14 01:00:00+00:00,1.0,0.0,236.0,-3.391,4.246666666666667,18.1,26.1
tracadie,2024-12-14 02:00:00+00:00,1.0,0.0,248.0,-3.992,4.238833333333333,19.4,27.4
tracadie,2024-12-14 03:00:00+00:00,1.0,0.0,244.0,-4.571,4.227916666666666,18.633333333333333,25.966666666666665
tracadie,2024-12-14 04:00:00+00:00,1.0,0.0,232.0,-5.063666666666666,4.217666666666667,14.4,20.166666666666668
tracadie,2024-12-14 05:00:00+00:00,1.0,0.0,243.0,-5.297,4.206166666666667,14.866666666666667,20.566666666666666
tracadie,2024-12-14 06:00:00+00:00,1.0,0.0,237.0,-5.5793333333333335,4.19675,16.666666666666668,22.266666666666666
tracadie,2024-12-14 07:00:00+00:00,1.0,0.0,237.0,-5.643,4.187,19.1,25.833333333333332
tracadie,2024-12-14 08:00:00+00:00,1.0,0.0,234.0,-6.065333333333333,4.1785000000000005,17.2,23.9
tracadie,2024-12-14 09:00:00+00:00,1.0,0.0,232.0,-6.2843333333333335,4.172083333333333,16.466666666666665,22.133333333333333
tracadie,2024-12-14 10:00:00+00:00,1.0,0.0,220.0,-6.290333333333334,4.164083333333333,17.166666666666668,22.866666666666667
tracadie,2024-12-14 11:00:00+00:00,2.8,0.0,227.0,-6.1899999999999995,4.177833333333333,19.766666666666666,26.4
tracadie,2024-12-14 12:00:00+00:00,83.23333333333333,0.0,232.0,-5.98,4.44425,18.866666666666667,26.466666666666665
tracadie,2024-12-14 13:00:00+00:00,215.2,0.0,256.0,-5.260000000000001,4.4505,19.733333333333334,28.666666666666668
tracadie,2024-12-14 14:00:00+00:00,274.73333333333335,0.0,261.0,-4.421,4.452833333333333,18.9,26.2
tracadie,2024-12-14 15:00:00+00:00,237.13333333333333,0.0,263.0,-4.159,4.453916666666666,19.333333333333332,26.866666666666667
tracadie,2024-12-14 16:00:00+00:00,179.7,0.0,263.0,-3.882,4.454,18.6,25.966666666666665
tracadie,2024-12-14 17:00:00+00:00,274.56666666666666,0.0,264.0,-3.476,4.455583333333333,19.6,27.0
tracadie,2024-12-14 18:00:00+00:00,145.3,0.0,260.0,-3.3343333333333334,4.455583333333333,19.6,27.4
tracadie,2024-12-14 19:00:00+00:00,83.83333333333333,0.0,267.0,-2.8883333333333336,4.45575,18.566666666666666,25.5
tracadie,2024-12-14 20:00:00+00:00,12.166666666666666,0.0,271.0,-3.1166666666666667,4.399916666666667,14.466666666666667,20.933333333333334
tracadie,2024-12-14 21:00:00+00:00,1.0,0.0,230.0,-3.913,4.297416666666667,10.766666666666667,13.766666666666667
tracadie,2024-12-14 22:00:00+00:00,1.0,0.0,212.0,-4.546,4.27325,10.433333333333334,13.033333333333333
tracadie,2024-12-14 23:00:00+00:00,1.0,0.0,213.0,-4.373,4.2575,11.033333333333333,14.1
tracadie,2024-12-15 00:00:00+00:00,1.0,0.0,236.0,-3.829,4.244166666666667,13.066666666666666,17.9
tracadie,2024-12-15 01:00:00+00:00,1.0,0.0,240.0,-3.7560000000000002,4.232333333333333,12.466666666666667,17.733333333333334
tracadie,2024-12-15 02:00:00+00:00,1.0,0.0,247.0,-2.3423333333333334,4.219416666666667,19.766666666666666,26.733333333333334
tracadie,2024-12-15 03:00:00+00:00,1.0,0.0,284.0,-1.813,4.211749999999999,22.5,31.033333333333335
tracadie,2024-12-15 04:00:00+00:00,1.0,0.0,286.0,-2.106333333333333,4.200833333333334,23.066666666666666,30.466666666666665
tracadie,2024-12-15 05:00:00+00:00,1.0,0.0,279.0,-2.5143333333333335,4.19,21.9,29.233333333333334
tracadie,2024-12-15 06:00:00+00:00,1.0,0.0,272.0,-2.698,4.181583333333333,19.3,26.033333333333335
tracadie,2024-12-15 07:00:00+00:00,1.0,0.0,298.0,-3.569666666666667,4.173333333333333,12.7,17.966666666666665
tracadie,2024-12-15 08:00:00+00:00,1.0,0.0,271.0,-3.36,4.169583333333333,16.766666666666666,23.166666666666668
tracadie,2024-12-15 09:00:00+00:00,1.0,0.0,282.0,-3.812,4.165333333333334,14.966666666666667,20.533333333333335
tracadie,2024-12-15 10:00:00+00:00,1.0,0.0,239.0,-4.242,4.162166666666667,11.266666666666667,15.633333333333333
tracadie,2024-12-15 11:00:00+00:00,1.3333333333333333,0.0,237.0,-4.455,4.1611666666666665,13.266666666666667,18.133333333333333
tracadie,2024-12-15 12:00:00+00:00,21.533333333333335,0.0,236.0,-4.581,4.26525,12.633333333333333,17.5
tracadie,2024-12-15 13:00:00+00:00,64.56666666666666,0.0,244.0,-4.721333333333333,4.446166666666667,13.433333333333334,18.8
tracadie,2024-12-15 14:00:00+00:00,135.83333333333334,0.0,237.0,-4.875666666666667,4.4505,16.733333333333334,22.466666666666665
tracadie,2024-12-15 15:00:00+00:00,348.1666666666667,0.0,253.0,-4.307333333333333,4.4526666666666666,13.366666666666667,18.8
tracadie,2024-12-15 16:00:00+00:00,356.46666666666664,0.0,253.0,-3.398,4.45375,11.833333333333334,16.966666666666665
tracadie,2024-12-15 17:00:00+00:00,314.5,0.0,267.0,-2.5296666666666665,4.454666666666667,11.933333333333334,17.133333333333333
tracadie,2024-12-15 18:00:00+00:00,229.4,0.0,263.0,-1.75,4.455166666666667,11.533333333333333,16.3
tracadie,2024-12-15 19:00:00+00:00,108.36666666666666,0.0,251.0,-1.16,4.4558333333333335,10.733333333333333,15.233333333333333
tracadie,2024-12-15 20:00:00+00:00,8.466666666666667,0.0,241.0,-2.018666666666667,4.397833333333334,7.066666666666666,9.6
tracadie,2024-12-15 21:00:00+00:00,1.0,0.0,244.0,-2.9503333333333335,4.299416666666667,8.066666666666666,10.933333333333334
tracadie,2024-12-15 22:00:00+00:00,1.0,0.0,206.0,-3.598,4.274916666666667,9.233333333333333,12.333333333333334
tracadie,2024-12-15 23:00:00+00:00,1.0,0.0,229.0,-3.947,4.2595833333333335,6.7,8.766666666666667
tracadie,2024-12-16 00:00:00+00:00,1.0,0.0,201.0,-4.3870000000000005,4.244416666666667,3.9,5.5
tracadie,2024-12-16 01:00:00+00:00,1.0,0.0,211.0,-3.211666666666667,4.230333333333333,8.933333333333334,11.9
tracadie,2024-12-16 02:00:00+00:00,1.0,0.0,229.0,-2.7920000000000003,4.218666666666667,8.866666666666667,11.966666666666667
tracadie,2024-12-16 03:00:00+00:00,1.0,0.0,223.0,-3.1736666666666666,4.207333333333334,9.033333333333333,12.166666666666666
tracadie,2024-12-16 04:00:00+00:00,1.0,0.0,220.0,-3.5559999999999996,4.19425,9.366666666666667,12.166666666666666
tracadie,2024-12-16 05:00:00+00:00,1.0,0.0,225.0,-3.743,4.1818333333333335,11.466666666666667,14.6
tracadie,2024-12-16 06:00:00+00:00,1.0,0.0,223.0,-3.876,4.1730833333333335,12.066666666666666,15.7
tracadie,2024-12-16 07:00:00+00:00,1.0,0.0,222.0,-4.447,4.1658333333333335,8.6,11.233333333333333
tracadie,2024-12-16 08:00:00+00:00,1.0,0.0,211.0,-5.288333333333333,4.16075,8.033333333333333,10.8
tracadie,2024-12-16 09:00:00+00:00,1.0,0.0,184.0,-5.836333333333333,4.154333333333334,8.8,11.3
tracadie,2024-12-16 10:00:00+00:00,1.0,0.0,192.0,-5.9159999999999995,4.152,5.9,8.133333333333333
tracadie,2024-12-16 11:00:00+00:00,2.566666666666667,0.0,163.0,-6.7620000000000005,4.166250000000001,3.533333333333333,5.566666666666666
tracadie,2024-12-16 12:00:00+00:00,84.33333333333333,0.0,166.0,-5.706333333333333,4.443416666666667,5.533333333333333,8.033333333333333
tracadie,2024-12-16 13:00:00+00:00,208.3,0.0,178.0,-3.6846666666666668,4.45,10.866666666666667,15.533333333333333
tracadie,2024-12-16 14:00:00+00:00,302.1333333333333,0.0,199.0,-2.089666666666667,4.452416666666667,13.8,18.833333333333332
tracadie,2024-12-16 15:00:00+00:00,357.8333333333333,0.0,211.0,-0.5453333333333333,4.453833333333333,14.566666666666666,19.366666666666667
tracadie,2024-12-16 16:00:00+00:00,364.0,0.0,239.0,0.909,4.456083333333333,16.433333333333334,22.533333333333335
tracadie,2024-12-16 17:00:00+00:00,321.2,0.0,218.0,1.826,4.456333333333333,18.5,24.633333333333333
tracadie,2024-12-16 18:00:00+00:00,232.83333333333334,0.0,236.0,2.5446666666666666,4.457416666666666,15.766666666666667,21.666666666666668
tracadie,2024-12-16 19:00:00+00:00,109.7,0.0,190.0,2.397,4.45725,13.8,18.4
tracadie,2024-12-16 20:00:00+00:00,8.3,0.0,174.0,0.836,4.3915,7.833333333333333,10.733333333333333
tracadie,2024-12-16 21:00:00+00:00,1.0,0.0,154.0,0.166,4.30575,8.866666666666667,11.5
tracadie,2024-12-16 22:00:00+00:00,1.0,0.0,170.0,0.0023333333333333344,4.285583333333333,7.133333333333334,9.633333333333333
tracadie,2024-12-16 23:00:00+00:00,1.0,0.0,167.0,-0.31500000000000006,4.2707500000000005,6.633333333333334,8.033333333333333
tracadie,2024-12-17 00:00:00+00:00,1.0,0.0,156.0,-0.40599999999999997,4.261833333333333,7.133333333333334,9.0
tracadie,2024-12-17 01:00:00+00:00,1.0,0.0,166.0,0.5223333333333333,4.2523333333333335,8.5,10.933333333333334
tracadie,2024-12-17 02:00:00+00:00,1.0,0.0,177.0,1.5653333333333335,4.2444999999999995,10.9,14.566666666666666
tracadie,2024-12-17 03:00:00+00:00,1.0,0.0,170.0,1.5856666666666668,4.23675,10.433333333333334,13.333333333333334
tracadie,2024-12-17 04:00:00+00:00,1.0,0.0,163.0,0.9473333333333334,4.2285,10.666666666666666,13.133333333333333
tracadie,2024-12-17 05:00:00+00:00,1.0,0.0,164.0,0.769,4.219166666666666,11.133333333333333,13.833333333333334
tracadie,2024-12-17 06:00:00+00:00,1.0,0.0,154.0,1.0346666666666666,4.2085,10.766666666666667,14.2
tracadie,2024-12-17 07:00:00+00:00,1.0,0.0,152.0,1.222,4.2004166666666665,12.633333333333333,17.166666666666668
tracadie,2024-12-17 08:00:00+00:00,1.0,0.0,157.0,0.5356666666666666,4.192833333333334,12.8,17.966666666666665
tracadie,2024-12-17 09:00:00+00:00,1.0,0.0,157.0,0.2856666666666667,4.18575,13.1,17.633333333333333
tracadie,2024-12-17 10:00:00+00:00,1.0,0.0,140.0,0.012000000000000002,4.17975,15.7,19.866666666666667
tracadie,2024-12-17 11:00:00+00:00,3.4,0.0,136.0,0.47733333333333333,4.187333333333333,18.533333333333335,24.433333333333334
tracadie,2024-12-17 12:00:00+00:00,33.333333333333336,0.0,149.0,1.335,4.377666666666667,18.9,25.633333333333333
tracadie,2024-12-17 13:00:00+00:00,71.93333333333334,0.0,135.0,2.5983333333333336,4.453083333333333,20.166666666666668,26.833333333333332
tracadie,2024-12-17 14:00:00+00:00,145.2,0.0,140.0,4.127666666666666,4.457083333333333,21.733333333333334,29.033333333333335
tracadie,2024-12-17 15:00:00+00:00,51.2,0.2,139.0,4.297666666666667,4.444999999999999,24.433333333333334,32.36666666666667
tracadie,2024-12-17 16:00:00+00:00,175.33333333333334,0.0,131.0,5.749333333333333,4.458916666666666,31.033333333333335,41.233333333333334
tracadie,2024-12-17 17:00:00+00:00,73.36666666666666,0.0,131.0,6.892333333333334,4.461166666666666,30.433333333333334,40.9
tracadie,2024-12-17 18:00:00+00:00,40.733333333333334,0.8,139.0,8.393666666666666,4.4526666666666666,30.2,41.13333333333333
tracadie,2024-12-17 19:00:00+00:00,15.933333333333334,0.0,159.0,8.416666666666666,4.37775,25.133333333333333,34.4
tracadie,2024-12-17 20:00:00+00:00,4.566666666666666,0.0,167.0,8.773666666666665,4.31525,22.033333333333335,29.233333333333334
tracadie,2024-12-17 21:00:00+00:00,1.0,0.2,175.0,9.156666666666666,4.2917499999999995,17.133333333333333,23.033333333333335
tracadie,2024-12-17 22:00:00+00:00,1.0,0.0,204.0,8.67,4.283166666666666,18.9,25.3
tracadie,2024-12-17 23:00:00+00:00,1.0,0.0,187.0,8.306000000000001,4.275416666666667,18.866666666666667,26.233333333333334
tracadie,2024-12-18 00:00:00+00:00,1.0,0.0,190.0,7.7316666666666665,4.266416666666667,19.766666666666666,26.666666666666668
tracadie,2024-12-18 01:00:00+00:00,1.0,0.0,202.0,7.018,4.258166666666667,16.833333333333332,22.533333333333335
tracadie,2024-12-18 02:00:00+00:00,1.0,0.0,178.0,7.006666666666666,4.249666666666667,15.733333333333333,21.933333333333334
tracadie,2024-12-18 03:00:00+00:00,1.0,0.0,185.0,6.944,4.239583333333333,14.3,19.4
tracadie,2024-12-18 04:00:00+00:00,1.0,0.0,188.0,6.798333333333333,4.2283333333333335,15.933333333333334,21.733333333333334
tracadie,2024-12-18 05:00:00+00:00,1.0,0.0,212.0,5.908666666666666,4.216166666666667,13.6,18.366666666666667
tracadie,2024-12-18 06:00:00+00:00,1.0,0.0,212.0,4.947666666666667,4.208916666666666,18.3,23.933333333333334
tracadie,2024-12-18 07:00:00+00:00,1.0,0.0,209.0,4.275333333333333,4.201083333333334,19.5,25.9
tracadie,2024-12-18 08:00:00+00:00,1.0,0.0,213.0,3.7133333333333334,4.195166666666666,17.166666666666668,22.633333333333333
tracadie,2024-12-18 09:00:00+00:00,1.0,0.0,195.0,3.364,4.190833333333333,16.166666666666668,20.833333333333332
tracadie,2024-12-18 10:00:00+00:00,1.0,0.0,211.0,3.1719999999999997,4.186,20.4,25.8
tracadie,2024-12-18 11:00:00+00:00,1.7333333333333334,0.0,225.0,2.933666666666667,4.1895,17.8,23.433333333333334
tracadie,2024-12-18 12:00:00+00:00,66.9,0.0,208.0,2.888,4.444416666666666,19.566666666666666,25.7
tracadie,2024-12-18 13:00:00+00:00,199.03333333333333,0.0,216.0,3.7896666666666667,4.4558333333333335,20.466666666666665,26.866666666666667
tracadie,2024-12-18 14:00:00+00:00,292.7,0.0,213.0,4.496666666666667,4.457333333333334,19.433333333333334,26.633333333333333
tracadie,2024-12-18 15:00:00+00:00,304.53333333333336,0.0,230.0,5.153666666666667,4.459,18.133333333333333,24.066666666666666
tracadie,2024-12-18 16:00:00+00:00,310.8666666666667,0.0,223.0,5.47,4.459583333333334,18.0,24.6
tracadie,2024-12-18 17:00:00+00:00,309.1666666666667,0.0,225.0,5.841333333333334,4.4599166666666665,18.366666666666667,24.566666666666666
tracadie,2024-12-18 18:00:00+00:00,184.4,0.0,232.0,6.288,4.460416666666666,15.066666666666666,19.733333333333334
tracadie,2024-12-18 19:00:00+00:00,91.83333333333333,0.0,201.0,6.191666666666666,4.461166666666666,11.233333333333333,15.133333333333333
tracadie,2024-12-18 20:00:00+00:00,6.233333333333333,0.0,173.0,4.440333333333333,4.3814166666666665,7.366666666666666,9.666666666666666
tracadie,2024-12-18 21:00:00+00:00,1.0,0.0,167.0,3.7416666666666667,4.312416666666667,10.0,13.333333333333334
tracadie,2024-12-18 22:00:00+00:00,1.0,0.0,190.0,3.5566666666666666,4.297583333333333,10.5,13.766666666666667
tracadie,2024-12-18 23:00:00+00:00,1.0,0.0,190.0,3.8983333333333334,4.287916666666667,12.2,15.866666666666667
tracadie,2024-12-19 00:00:00+00:00,1.0,0.0,175.0,3.5656666666666665,4.279,12.233333333333333,16.466666666666665
tracadie,2024-12-19 01:00:00+00:00,1.0,0.0,178.0,3.2376666666666667,4.269583333333333,11.466666666666667,14.5
tracadie,2024-12-19 02:00:00+00:00,1.0,0.0,183.0,2.9253333333333336,4.266416666666667,10.633333333333333,13.3
tracadie,2024-12-19 03:00:00+00:00,1.0,0.0,163.0,2.967,4.259833333333334,9.866666666666667,12.533333333333333
tracadie,2024-12-19 04:00:00+00:00,1.0,0.0,187.0,2.8756666666666666,4.255,10.033333333333333,12.633333333333333
tracadie,2024-12-19 05:00:00+00:00,1.0,0.0,175.0,2.5589999999999997,4.250583333333333,8.633333333333333,10.766666666666667
tracadie,2024-12-19 06:00:00+00:00,1.0,0.0,125.0,2.2616666666666663,4.2452499999999995,10.866666666666667,12.733333333333333
tracadie,2024-12-19 07:00:00+00:00,1.0,0.0,142.0,2.4113333333333333,4.238,11.0,14.366666666666667
tracadie,2024-12-19 08:00:00+00:00,1.0,0.6000000000000001,157.0,2.291333333333333,4.23175,7.966666666666667,9.9
tracadie,2024-12-19 09:00:00+00:00,1.0,1.2000000000000002,118.0,1.7363333333333333,4.225083333333333,13.9,18.1
tracadie,2024-12-19 10:00:00+00:00,1.0,0.2,133.0,0.6809999999999999,4.218666666666667,10.166666666666666,13.1
tracadie,2024-12-19 11:00:00+00:00,1.0,0.6000000000000001,119.0,0.45066666666666666,4.208166666666666,5.2,6.5
tracadie,2024-12-19 12:00:00+00:00,9.266666666666667,0.8,145.0,0.7633333333333333,4.213916666666667,6.366666666666666,8.1
tracadie,2024-12-19 13:00:00+00:00,31.366666666666667,0.2,139.0,1.4720000000000002,4.333666666666667,9.266666666666667,11.7
tracadie,2024-12-19 14:00:00+00:00,46.96666666666667,0.4,159.0,2.3073333333333332,4.4550833333333335,10.566666666666666,14.066666666666666
tracadie,2024-12-19 15:00:00+00:00,34.43333333333333,0.2,188.0,2.341666666666667,4.452583333333334,9.666666666666666,12.733333333333333
tracadie,2024-12-19 16:00:00+00:00,37.6,0.2,199.0,2.207333333333333,4.45075,9.333333333333334,12.133333333333333
tracadie,2024-12-19 17:00:00+00:00,68.53333333333333,0.0,234.0,2.630666666666667,4.45925,12.633333333333333,17.533333333333335
tracadie,2024-12-19 18:00:00+00:00,66.56666666666666,0.0,253.0,2.602,4.460916666666667,16.633333333333333,23.566666666666666
tracadie,2024-12-19 19:00:00+00:00,26.7,0.0,258.0,2.6486666666666667,4.442,14.533333333333333,21.2
tracadie,2024-12-19 20:00:00+00:00,2.2666666666666666,0.0,247.0,2.7430000000000003,4.332833333333333,15.333333333333334,22.0
tracadie,2024-12-19 21:00:00+00:00,1.0,0.0,253.0,2.094333333333333,4.299083333333333,28.633333333333333,39.233333333333334
tracadie,2024-12-19 22:00:00+00:00,1.0,0.0,275.0,1.4113333333333336,4.283416666666667,31.533333333333335,41.666666666666664
tracadie,2024-12-19 23:00:00+00:00,1.0,0.0,278.0,0.6063333333333334,4.2724166666666665,31.666666666666668,42.06666666666667
tracadie,2024-12-20 00:00:00+00:00,1.0,0.0,274.0,0.0023333333333333327,4.26225,30.266666666666666,40.7
tracadie,2024-12-20 01:00:00+00:00,1.0,0.0,275.0,-0.2856666666666667,4.252583333333333,28.966666666666665,38.13333333333333
tracadie,2024-12-20 02:00:00+00:00,1.0,0.0,274.0,-0.6136666666666667,4.2437499999999995,27.333333333333332,36.46666666666667
tracadie,2024-12-20 03:00:00+00:00,1.0,0.0,284.0,-1.2806666666666666,4.234333333333333,26.5,35.06666666666667
tracadie,2024-12-20 04:00:00+00:00,1.0,0.0,274.0,-1.8483333333333334,4.224333333333333,27.533333333333335,36.93333333333333
tracadie,2024-12-20 05:00:00+00:00,1.0,0.0,281.0,-2.0349999999999997,4.21575,24.033333333333335,32.03333333333333
tracadie,2024-12-20 06:00:00+00:00,1.0,0.0,278.0,-1.7933333333333332,4.207916666666667,20.833333333333332,28.0
tracadie,2024-12-20 07:00:00+00:00,1.0,0.0,303.0,-1.3596666666666666,4.201416666666667,17.833333333333332,22.966666666666665
tracadie,2024-12-20 08:00:00+00:00,1.0,0.0,306.0,-1.218,4.19575,12.533333333333333,16.1
tracadie,2024-12-20 09:00:00+00:00,1.0,0.0,299.0,-2.6390000000000002,4.190083333333333,8.566666666666666,12.033333333333333
tracadie,2024-12-20 10:00:00+00:00,1.0,0.0,211.0,-3.6439999999999997,4.184333333333333,13.033333333333333,16.8
tracadie,2024-12-20 11:00:00+00:00,1.1,0.0,220.0,-3.8609999999999998,4.181,9.5,13.0
tracadie,2024-12-20 12:00:00+00:00,34.266666666666666,0.0,241.0,-3.674,4.355083333333334,7.366666666666666,9.866666666666667
tracadie,2024-12-20 13:00:00+00:00,78.83333333333333,0.0,232.0,-3.204333333333333,4.4525,4.566666666666666,6.2
tracadie,2024-12-20 14:00:00+00:00,172.7,0.0,279.0,-2.1756666666666664,4.455333333333333,7.033333333333333,9.966666666666667
tracadie,2024-12-20 15:00:00+00:00,176.0,0.0,275.0,-1.318,4.4575,5.566666666666666,8.2
tracadie,2024-12-20 16:00:00+00:00,151.9,0.0,267.0,-0.9079999999999999,4.458166666666666,2.3333333333333335,4.033333333333333
tracadie,2024-12-20 17:00:00+00:00,151.0,0.0,352.0,-0.9746666666666667,4.459,2.6,4.333333333333333
tracadie,2024-12-20 18:00:00+00:00,90.86666666666666,0.0,28.0,-0.7360000000000001,4.458833333333334,10.933333333333334,13.433333333333334
tracadie,2024-12-20 19:00:00+00:00,36.43333333333333,0.0,55.0,-0.5723333333333334,4.454083333333333,15.633333333333333,18.266666666666666
tracadie,2024-12-20 20:00:00+00:00,3.533333333333333,0.0,62.0,-0.5690000000000001,4.34425,19.433333333333334,22.7
tracadie,2024-12-20 21:00:00+00:00,1.0,0.0,55.0,-0.42133333333333334,4.2980833333333335,20.766666666666666,24.066666666666666
tracadie,2024-12-20 22:00:00+00:00,1.0,0.0,51.0,-0.28300000000000003,4.2772499999999996,22.8,26.7
tracadie,2024-12-20 23:00:00+00:00,1.0,0.0,58.0,-0.1686666666666667,4.2668333333333335,27.366666666666667,32.3
tracadie,2024-12-21 00:00:00+00:00,1.0,0.0,58.0,0.004333333333333336,4.2556666666666665,23.666666666666668,28.033333333333335
tracadie,2024-12-21 01:00:00+00:00,1.0,0.0,53.0,0.136,4.243666666666667,21.733333333333334,25.566666666666666
tracadie,2024-12-21 02:00:00+00:00,1.0,0.0,52.0,0.11166666666666666,4.231333333333334,25.266666666666666,29.066666666666666
tracadie,2024-12-21 03:00:00+00:00,1.0,0.0,55.0,-0.04766666666666666,4.221333333333333,26.366666666666667,30.733333333333334
tracadie,2024-12-21 04:00:00+00:00,1.0,0.0,45.0,-0.08600000000000001,4.21075,31.533333333333335,37.13333333333333
tracadie,2024-12-21 05:00:00+00:00,1.0,0.0,42.0,-0.7346666666666667,4.2011666666666665,36.733333333333334,43.56666666666667
tracadie,2024-12-21 06:00:00+00:00,1.0,0.0,42.0,-1.6596666666666666,4.195916666666666,42.93333333333333,50.333333333333336
tracadie,2024-12-21 07:00:00+00:00,1.0,0.0,34.0,-1.5366666666666666,4.188416666666666,43.13333333333333,50.6
tracadie,2024-12-21 08:00:00+00:00,1.0,0.0,28.0,-1.042,4.18425,42.5,48.96666666666667
tracadie,2024-12-21 09:00:00+00:00,1.0,0.0,10.0,-0.7803333333333333,4.1818333333333335,45.86666666666667,53.833333333333336
tracadie,2024-12-21 10:00:00+00:00,1.0,0.0,10.0,-0.24366666666666667,4.18,44.166666666666664,52.733333333333334
tracadie,2024-12-21 11:00:00+00:00,1.0,0.0,7.0,-0.115,4.18,46.93333333333333,56.53333333333333
tracadie,2024-12-21 12:00:00+00:00,9.933333333333334,0.0,4.0,-0.09200000000000001,4.218583333333333,50.03333333333333,61.0
tracadie,2024-12-21 13:00:00+00:00,30.866666666666667,0.0,7.0,0.12566666666666668,4.3646666666666665,51.166666666666664,62.833333333333336
tracadie,2024-12-21 14:00:00+00:00,34.233333333333334,0.0,7.0,-0.019,4.440666666666666,49.3,60.6
tracadie,2024-12-21 15:00:00+00:00,48.766666666666666,0.2,4.0,-0.051333333333333335,4.45775,46.46666666666667,59.43333333333333
tracadie,2024-12-21 16:00:00+00:00,33.03333333333333,0.2,357.0,-0.0009999999999999998,4.453083333333333,42.266666666666666,55.56666666666667
tracadie,2024-12-21 17:00:00+00:00,25.3,0.0,350.0,-0.015666666666666666,4.442333333333333,45.13333333333333,57.2
tracadie,2024-12-21 18:00:00+00:00,32.46666666666667,0.0,330.0,-0.4076666666666667,4.456,44.5,56.233333333333334
tracadie,2024-12-21 19:00:00+00:00,14.966666666666667,0.0,319.0,-1.6336666666666666,4.407333333333333,46.733333333333334,58.46666666666667
tracadie,2024-12-21 20:00:00+00:00,2.966666666666667,0.0,316.0,-2.1106666666666665,4.33425,44.46666666666667,55.9
tracadie,2024-12-21 21:00:00+00:00,1.0,0.0,316.0,-2.264333333333333,4.289833333333333,41.43333333333333,51.53333333333333
tracadie,2024-12-21 22:00:00+00:00,1.0,0.0,305.0,-2.497333333333333,4.272583333333333,37.833333333333336,48.3
tracadie,2024-12-21 23:00:00+00:00,1.0,0.0,296.0,-2.8063333333333333,4.260666666666666,34.7,45.06666666666667
tracadie,2024-12-22 00:00:00+00:00,1.0,0.0,288.0,-3.275,4.248583333333333,31.366666666666667,41.9
tracadie,2024-12-22 01:00:00+00:00,1.0,0.0,284.0,-3.79,4.236166666666667,28.5,38.06666666666667
tracadie,2024-12-22 02:00:00+00:00,1.0,0.0,278.0,-4.324,4.224333333333333,27.2,36.166666666666664
tracadie,2024-12-22 03:00:00+00:00,1.0,0.0,265.0,-4.779,4.211833333333334,24.8,33.733333333333334
tracadie,2024-12-22 04:00:00+00:00,1.0,0.0,270.0,-5.1129999999999995,4.200333333333333,23.1,31.766666666666666
tracadie,2024-12-22 05:00:00+00:00,1.0,0.0,244.0,-6.184333333333333,4.190083333333333,16.7,23.466666666666665
tracadie,2024-12-22 06:00:00+00:00,1.0,0.0,241.0,-6.887333333333333,4.180083333333333,18.333333333333332,25.4
tracadie,2024-12-22 07:00:00+00:00,1.0,0.0,246.0,-7.585666666666667,4.170166666666667,17.966666666666665,25.333333333333332
tracadie,2024-12-22 08:00:00+00:00,1.0,0.0,241.0,-8.041666666666666,4.163833333333334,17.266666666666666,24.4
tracadie,2024-12-22 09:00:00+00:00,1.0,0.0,243.0,-8.317,4.15825,17.333333333333332,23.9
tracadie,2024-12-22 10:00:00+00:00,1.0,0.0,233.0,-8.633333333333333,4.154333333333333,17.3,22.866666666666667
tracadie,2024-12-22 11:00:00+00:00,1.2,0.0,239.0,-8.754666666666667,4.15275,17.766666666666666,23.833333333333332
tracadie,2024-12-22 12:00:00+00:00,22.433333333333334,0.0,230.0,-8.837,4.337666666666666,18.3,25.233333333333334
tracadie,2024-12-22 13:00:00+00:00,74.36666666666666,0.0,229.0,-8.817,4.448666666666667,18.566666666666666,25.333333333333332
tracadie,2024-12-22 14:00:00+00:00,106.06666666666666,0.0,225.0,-8.794666666666668,4.4505,18.066666666666666,24.033333333333335
tracadie,2024-12-22 15:00:00+00:00,107.3,0.0,229.0,-8.787,4.4526666666666666,19.133333333333333,25.333333333333332
tracadie,2024-12-22 16:00:00+00:00,118.56666666666666,0.0,222.0,-8.619666666666667,4.453166666666667,18.366666666666667,24.433333333333334
tracadie,2024-12-22 17:00:00+00:00,104.6,0.0,225.0,-8.509666666666666,4.4535833333333334,18.666666666666668,24.633333333333333
tracadie,2024-12-22 18:00:00+00:00,47.9,0.0,216.0,-8.442666666666666,4.45275,18.6,24.1
tracadie,2024-12-22 19:00:00+00:00,20.8,0.0,216.0,-8.170666666666667,4.445416666666667,16.5,21.833333333333332
tracadie,2024-12-22 20:00:00+00:00,4.1,0.0,230.0,-7.7523333333333335,4.346666666666667,16.833333333333332,22.466666666666665
tracadie,2024-12-22 21:00:00+00:00,1.0,0.0,233.0,-7.395666666666667,4.275083333333334,15.433333333333334,21.466666666666665
tracadie,2024-12-22 22:00:00+00:00,1.0,0.0,240.0,-7.211666666666667,4.249,15.433333333333334,21.066666666666666
tracadie,2024-12-22 23:00:00+00:00,1.0,0.0,244.0,-6.967,4.229166666666667,13.733333333333333,19.233333333333334
tracadie,2024-12-23 00:00:00+00:00,1.0,0.0,286.0,-5.098666666666667,4.2115833333333335,24.533333333333335,31.2
tracadie,2024-12-23 01:00:00+00:00,1.0,0.0,284.0,-5.349,4.197,25.333333333333332,32.86666666666667
tracadie,2024-12-23 02:00:00+00:00,1.0,0.0,291.0,-5.3983333333333325,4.182416666666667,25.166666666666668,32.266666666666666
tracadie,2024-12-23 03:00:00+00:00,1.0,0.0,292.0,-5.383333333333334,4.171333333333333,21.266666666666666,28.366666666666667
tracadie,2024-12-23 04:00:00+00:00,1.0,0.0,288.0,-5.348333333333333,4.165416666666666,24.033333333333335,31.466666666666665
tracadie,2024-12-23 05:00:00+00:00,1.0,0.0,282.0,-5.636333333333334,4.1611666666666665,20.466666666666665,27.533333333333335
tracadie,2024-12-23 06:00:00+00:00,1.0,0.0,267.0,-6.210666666666667,4.1578333333333335,15.266666666666667,21.266666666666666
tracadie,2024-12-23 07:00:00+00:00,1.0,0.0,230.0,-6.521333333333334,4.15625,14.433333333333334,19.8
tracadie,2024-12-23 08:00:00+00:00,1.0,0.0,265.0,-7.008,4.153833333333334,13.2,19.066666666666666
tracadie,2024-12-23 09:00:00+00:00,1.0,0.0,237.0,-7.1483333333333325,4.15275,13.5,18.866666666666667
tracadie,2024-12-23 10:00:00+00:00,1.0,0.0,257.0,-6.869333333333333,4.151,16.8,23.533333333333335
tracadie,2024-12-23 11:00:00+00:00,1.0,0.0,261.0,-7.367333333333334,4.151166666666667,16.966666666666665,24.733333333333334
tracadie,2024-12-23 12:00:00+00:00,16.7,0.0,246.0,-7.437666666666667,4.241666666666666,15.133333333333333,21.2
tracadie,2024-12-23 13:00:00+00:00,62.166666666666664,0.0,239.0,-7.392666666666667,4.4465,16.366666666666667,22.066666666666666
tracadie,2024-12-23 14:00:00+00:00,127.3,0.0,243.0,-7.5553333333333335,4.449166666666667,18.066666666666666,24.833333333333332
tracadie,2024-12-23 15:00:00+00:00,173.23333333333332,0.0,243.0,-7.354666666666668,4.4505,18.566666666666666,25.8
tracadie,2024-12-23 16:00:00+00:00,176.03333333333333,0.0,243.0,-7.139333333333334,4.451666666666667,18.1,25.3
tracadie,2024-12-23 17:00:00+00:00,145.03333333333333,0.0,254.0,-7.15,4.452583333333333,17.666666666666668,24.633333333333333
tracadie,2024-12-23 18:00:00+00:00,65.96666666666667,0.0,227.0,-7.236666666666666,4.453083333333333,17.5,23.233333333333334
tracadie,2024-12-23 19:00:00+00:00,82.1,0.0,232.0,-7.579666666666667,4.4535833333333334,16.6,21.066666666666666
tracadie,2024-12-23 20:00:00+00:00,12.7,0.0,222.0,-8.683333333333334,4.4013333333333335,15.5,19.666666666666668
tracadie,2024-12-23 21:00:00+00:00,1.0,0.0,216.0,-9.539666666666667,4.291083333333334,13.833333333333334,17.766666666666666
tracadie,2024-12-23 22:00:00+00:00,1.0,0.0,204.0,-10.352333333333332,4.260583333333333,10.466666666666667,12.7
tracadie,2024-12-23 23:00:00+00:00,1.0,0.0,188.0,-11.194666666666667,4.24125,9.8,11.7
tracadie,2024-12-24 00:00:00+00:00,1.0,0.0,174.0,-11.574666666666667,4.217666666666667,7.8,9.933333333333334
tracadie,2024-12-24 01:00:00+00:00,1.0,0.0,175.0,-12.112666666666666,4.203,8.1,10.266666666666667
tracadie,2024-12-24 02:00:00+00:00,1.0,0.0,183.0,-12.448,4.187166666666666,9.4,11.266666666666667
tracadie,2024-12-24 03:00:00+00:00,1.0,0.0,181.0,-12.986666666666668,4.170083333333333,10.966666666666667,12.5
tracadie,2024-12-24 04:00:00+00:00,1.0,0.0,183.0,-12.604999999999999,4.154333333333333,10.266666666666667,11.933333333333334
tracadie,2024-12-24 05:00:00+00:00,1.0,0.0,187.0,-12.964666666666666,4.1475,9.866666666666667,11.733333333333333
tracadie,2024-12-24 06:00:00+00:00,1.0,0.0,184.0,-12.831999999999999,4.139583333333333,9.066666666666666,10.666666666666666
tracadie,2024-12-24 07:00:00+00:00,1.0,0.0,191.0,-12.184,4.137416666666667,7.1,8.833333333333334
tracadie,2024-12-24 08:00:00+00:00,1.0,0.0,167.0,-11.854666666666667,4.136583333333333,7.366666666666666,9.366666666666667
tracadie,2024-12-24 09:00:00+00:00,1.0,0.0,180.0,-10.724333333333334,4.13525,5.033333333333333,6.5
tracadie,2024-12-24 10:00:00+00:00,1.0,0.0,164.0,-10.250333333333334,4.136083333333334,3.1333333333333333,4.666666666666667
tracadie,2024-12-24 11:00:00+00:00,1.0,0.0,185.0,-9.389666666666667,4.13875,5.066666666666666,6.8
tracadie,2024-12-24 12:00:00+00:00,12.833333333333334,0.0,131.0,-8.714666666666666,4.176833333333334,9.333333333333334,11.533333333333333
tracadie,2024-12-24 13:00:00+00:00,44.166666666666664,0.0,126.0,-7.869666666666666,4.389083333333334,12.533333333333333,15.5
tracadie,2024-12-24 14:00:00+00:00,54.86666666666667,0.0,115.0,-6.915,4.44875,14.166666666666666,17.966666666666665
tracadie,2024-12-24 15:00:00+00:00,77.7,0.0,115.0,-5.83,4.450083333333334,15.333333333333334,19.7
tracadie,2024-12-24 16:00:00+00:00,92.2,0.0,117.0,-4.838666666666667,4.4511666666666665,16.566666666666666,21.033333333333335
tracadie,2024-12-24 17:00:00+00:00,60.63333333333333,0.0,119.0,-4.154999999999999,4.452833333333333,16.933333333333334,22.166666666666668
tracadie,2024-12-24 18:00:00+00:00,39.7,0.0,124.0,-3.959,4.453,18.033333333333335,23.433333333333334
tracadie,2024-12-24 19:00:00+00:00,20.7,0.0,117.0,-3.717,4.437583333333333,19.333333333333332,24.833333333333332
tracadie,2024-12-24 20:00:00+00:00,2.3666666666666667,0.0,121.0,-3.584,4.327833333333333,16.466666666666665,21.433333333333334
tracadie,2024-12-24 21:00:00+00:00,1.0,0.0,115.0,-3.43,4.285333333333333,15.666666666666666,20.2
tracadie,2024-12-24 22:00:00+00:00,1.0,0.0,118.0,-3.205,4.2651666666666666,16.6,20.833333333333332
tracadie,2024-12-24 23:00:00+00:00,1.0,0.0,114.0,-2.9189999999999996,4.248083333333334,18.233333333333334,22.933333333333334
tracadie,2024-12-25 00:00:00+00:00,1.0,0.0,119.0,-2.701,4.23125,16.133333333333333,20.366666666666667
tracadie,2024-12-25 01:00:00+00:00,1.0,0.0,118.0,-2.579,4.2156666666666665,15.933333333333334,20.3
tracadie,2024-12-25 02:00:00+00:00,1.0,0.0,111.0,-2.939,4.202333333333333,12.3,15.8
tracadie,2024-12-25 03:00:00+00:00,1.0,0.0,108.0,-3.281,4.1905,10.966666666666667,13.566666666666666
tracadie,2024-12-25 04:00:00+00:00,1.0,0.0,95.0,-3.2079999999999997,4.179416666666667,12.733333333333333,15.666666666666666
tracadie,2024-12-25 05:00:00+00:00,1.0,0.0,102.0,-2.8913333333333333,4.172416666666667,13.133333333333333,16.333333333333332
tracadie,2024-12-25 06:00:00+00:00,1.0,0.0,97.0,-2.7136666666666667,4.167833333333333,10.833333333333334,13.333333333333334
tracadie,2024-12-25 07:00:00+00:00,1.0,0.0,76.0,-3.208666666666667,4.164666666666666,6.6,7.733333333333333
tracadie,2024-12-25 08:00:00+00:00,1.0,0.0,42.0,-2.5376666666666665,4.16275,9.0,10.5
tracadie,2024-12-25 09:00:00+00:00,1.0,0.0,45.0,-2.0523333333333333,4.161666666666666,10.333333333333334,11.8
tracadie,2024-12-25 10:00:00+00:00,1.0,0.0,48.0,-1.8033333333333335,4.1626666666666665,11.9,13.433333333333334
tracadie,2024-12-25 11:00:00+00:00,1.2,0.0,53.0,-1.9666666666666666,4.16375,10.9,12.733333333333333
tracadie,2024-12-25 12:00:00+00:00,56.333333333333336,0.0,42.0,-1.9166666666666667,4.397916666666667,13.233333333333333,15.3
tracadie,2024-12-25 13:00:00+00:00,190.23333333333332,0.6000000000000001,42.0,-1.4649999999999999,4.45025,12.033333333333333,13.433333333333334
tracadie,2024-12-25 14:00:00+00:00,281.93333333333334,0.0,44.0,-1.0779999999999998,4.453083333333333,11.333333333333334,13.3
tracadie,2024-12-25 15:00:00+00:00,305.46666666666664,0.0,46.0,-0.653,4.4535833333333334,13.766666666666667,16.533333333333335
tracadie,2024-12-25 16:00:00+00:00,168.06666666666666,0.0,38.0,-0.423,4.455166666666667,17.833333333333332,20.866666666666667
tracadie,2024-12-25 17:00:00+00:00,108.73333333333333,0.0,45.0,-0.53,4.4558333333333335,20.033333333333335,24.2
tracadie,2024-12-25 18:00:00+00:00,73.16666666666667,0.0,22.0,-0.6806666666666668,4.456333333333333,22.933333333333334,27.8
tracadie,2024-12-25 19:00:00+00:00,34.03333333333333,0.0,7.0,-0.7070000000000001,4.450083333333333,24.1,29.133333333333333
tracadie,2024-12-25 20:00:00+00:00,3.7333333333333334,0.0,1.0,-0.8136666666666666,4.34375,23.9,29.366666666666667
tracadie,2024-12-25 21:00:00+00:00,1.0,0.0,4.0,-0.49533333333333335,4.2915,25.733333333333334,30.666666666666668
tracadie,2024-12-25 22:00:00+00:00,1.0,0.0,4.0,-0.2986666666666667,4.278833333333333,25.9,31.033333333333335
tracadie,2024-12-25 23:00:00+00:00,1.0,0.0,4.0,-0.12566666666666668,4.2707500000000005,25.666666666666668,30.666666666666668
tracadie,2024-12-26 00:00:00+00:00,1.0,0.0,1.0,-0.19066666666666668,4.2625,24.366666666666667,29.633333333333333
tracadie,2024-12-26 01:00:00+00:00,1.0,0.0,14.0,-0.31633333333333336,4.255166666666667,24.333333333333332,28.866666666666667
tracadie,2024-12-26 02:00:00+00:00,1.0,0.0,13.0,-0.23566666666666666,4.247333333333334,23.9,28.4
tracadie,2024-12-26 03:00:00+00:00,1.0,0.0,3.0,-0.24166666666666667,4.2396666666666665,21.466666666666665,26.566666666666666
tracadie,2024-12-26 04:00:00+00:00,1.0,0.0,358.0,-0.286,4.2316666666666665,22.333333333333332,27.666666666666668
tracadie,2024-12-26 05:00:00+00:00,1.0,0.0,348.0,-0.532,4.223,22.966666666666665,28.6
tracadie,2024-12-26 06:00:00+00:00,1.0,0.0,1.0,-0.522,4.2132499999999995,21.366666666666667,27.533333333333335
tracadie,2024-12-26 07:00:00+00:00,1.0,0.0,337.0,-0.422,4.206083333333333,19.8,24.866666666666667
tracadie,2024-12-26 08:00:00+00:00,1.0,0.0,345.0,-0.4066666666666667,4.198416666666667,21.933333333333334,27.633333333333333
tracadie,2024-12-26 09:00:00+00:00,1.0,0.0,326.0,-0.5423333333333333,4.18975,22.066666666666666,27.1
tracadie,2024-12-26 10:00:00+00:00,1.0,0.0,357.0,-0.7273333333333334,4.185416666666667,18.6,23.3
tracadie,2024-12-26 11:00:00+00:00,1.1,0.0,3.0,-0.737,4.175666666666667,18.566666666666666,23.733333333333334
tracadie,2024-12-26 12:00:00+00:00,20.7,0.0,341.0,-0.5980000000000001,4.27175,19.066666666666666,24.0
tracadie,2024-12-26 13:00:00+00:00,66.33333333333333,0.0,7.0,-0.3383333333333333,4.4504166666666665,18.7,23.266666666666666
tracadie,2024-12-26 14:00:00+00:00,79.56666666666666,0.0,357.0,-0.12133333333333333,4.45375,20.333333333333332,25.6
tracadie,2024-12-26 15:00:00+00:00,112.86666666666666,0.0,334.0,-0.08266666666666667,4.455166666666667,19.466666666666665,24.2
tracadie,2024-12-26 16:00:00+00:00,160.13333333333333,0.0,352.0,-0.014,4.45625,19.866666666666667,25.033333333333335
tracadie,2024-12-26 17:00:00+00:00,113.5,0.0,347.0,-0.394,4.456833333333333,19.666666666666668,24.966666666666665
tracadie,2024-12-26 18:00:00+00:00,50.86666666666667,0.0,334.0,-0.5253333333333333,4.455583333333333,21.933333333333334,27.333333333333332
tracadie,2024-12-26 19:00:00+00:00,23.266666666666666,0.0,338.0,-0.5283333333333333,4.441083333333333,22.6,28.033333333333335
tracadie,2024-12-26 20:00:00+00:00,2.8666666666666667,0.0,333.0,-0.6263333333333333,4.3365,24.666666666666668,30.266666666666666
tracadie,2024-12-26 21:00:00+00:00,1.0,0.0,334.0,-0.5820000000000001,4.296833333333333,22.066666666666666,27.733333333333334
tracadie,2024-12-26 22:00:00+00:00,1.0,0.0,351.0,-0.4766666666666667,4.28275,23.033333333333335,29.066666666666666
tracadie,2024-12-26 23:00:00+00:00,1.0,0.0,1.0,-0.561,4.269416666666667,22.933333333333334,28.8
tracadie,2024-12-27 00:00:00+00:00,1.0,0.0,338.0,-0.5393333333333333,4.25025,26.266666666666666,32.766666666666666
tracadie,2024-12-27 01:00:00+00:00,1.0,0.0,341.0,-0.45066666666666666,4.237333333333333,24.466666666666665,30.566666666666666
tracadie,2024-12-27 02:00:00+00:00,1.0,0.0,330.0,-0.427,4.234,21.333333333333332,26.366666666666667
tracadie,2024-12-27 03:00:00+00:00,1.0,0.0,324.0,-0.5476666666666666,4.223416666666666,21.1,25.8
tracadie,2024-12-27 04:00:00+00:00,1.0,0.0,327.0,-0.6080000000000001,4.2145,18.633333333333333,23.333333333333332
tracadie,2024-12-27 05:00:00+00:00,1.0,0.0,333.0,-0.7026666666666667,4.205583333333333,15.966666666666667,20.566666666666666
tracadie,2024-12-27 06:00:00+00:00,1.0,0.0,358.0,-0.533,4.198083333333334,16.5,20.933333333333334
tracadie,2024-12-27 07:00:00+00:00,1.0,0.0,309.0,-0.45933333333333337,4.190916666666666,13.8,17.666666666666668
tracadie,2024-12-27 08:00:00+00:00,1.0,0.0,347.0,-0.39466666666666667,4.185083333333334,12.8,16.233333333333334
tracadie,2024-12-27 09:00:00+00:00,1.0,0.0,319.0,-0.431,4.1803333333333335,12.3,15.333333333333334
tracadie,2024-12-27 10:00:00+00:00,1.0,0.0,341.0,-0.4423333333333333,4.176416666666666,13.066666666666666,16.6
tracadie,2024-12-27 11:00:00+00:00,1.3666666666666667,0.0,319.0,-0.436,4.1775,12.466666666666667,15.666666666666666
tracadie,2024-12-27 12:00:00+00:00,32.96666666666667,0.0,340.0,-0.2806666666666667,4.356916666666667,11.1,13.633333333333333
tracadie,2024-12-27 13:00:00+00:00,149.6,0.0,330.0,-0.7806666666666667,4.452166666666667,7.433333333333334,9.933333333333334
tracadie,2024-12-27 14:00:00+00:00,263.73333333333335,0.0,253.0,-0.588,4.4545,7.4,10.266666666666667
tracadie,2024-12-27 15:00:00+00:00,361.6333333333333,0.0,272.0,-0.014999999999999998,4.456083333333334,10.633333333333333,14.233333333333333
tracadie,2024-12-27 16:00:00+00:00,373.0,0.0,272.0,-0.021666666666666664,4.45675,11.0,14.533333333333333
tracadie,2024-12-27 17:00:00+00:00,331.1,0.0,299.0,0.21566666666666665,4.456916666666666,6.8,9.8
tracadie,2024-12-27 18:00:00+00:00,241.96666666666667,0.0,260.0,0.48766666666666664,4.457416666666666,6.1,8.766666666666667
tracadie,2024-12-27 19:00:00+00:00,118.96666666666667,0.0,247.0,0.23833333333333334,4.457166666666667,6.6,9.666666666666666
tracadie,2024-12-27 20:00:00+00:00,11.266666666666667,0.0,260.0,-1.1606666666666667,4.41125,2.966666666666667,4.266666666666667
tracadie,2024-12-27 21:00:00+00:00,1.0,0.0,219.0,-2.2643333333333335,4.31325,5.066666666666666,6.066666666666666
tracadie,2024-12-27 22:00:00+00:00,1.0,0.0,223.0,-3.682666666666667,4.2924999999999995,3.7,4.766666666666667
tracadie,2024-12-27 23:00:00+00:00,1.0,0.0,194.0,-4.907666666666667,4.278333333333333,1.5666666666666667,2.6666666666666665
tracadie,2024-12-28 00:00:00+00:00,1.0,0.0,175.0,-5.8373333333333335,4.264666666666667,0.0,0.0
tracadie,2024-12-28 01:00:00+00:00,1.0,0.0,175.0,-6.579,4.2485,3.1333333333333333,4.333333333333333
tracadie,2024-12-28 02:00:00+00:00,1.0,0.0,166.0,-6.945333333333334,4.243333333333333,7.433333333333334,8.633333333333333
tracadie,2024-12-28 03:00:00+00:00,1.0,0.0,184.0,-6.639333333333334,4.235416666666667,10.533333333333333,12.166666666666666
tracadie,2024-12-28 04:00:00+00:00,1.0,0.0,188.0,-6.173666666666667,4.228916666666667,11.1,12.8
tracadie,2024-12-28 05:00:00+00:00,1.0,0.0,174.0,-6.381666666666666,4.222833333333333,10.166666666666666,11.733333333333333
tracadie,2024-12-28 06:00:00+00:00,1.0,0.0,197.0,-5.732666666666666,4.21525,6.633333333333334,8.366666666666667
tracadie,2024-12-28 07:00:00+00:00,1.0,0.0,202.0,-6.700333333333333,4.207833333333333,5.066666666666666,6.333333333333333
tracadie,2024-12-28 08:00:00+00:00,1.0,0.0,192.0,-7.407333333333333,4.199833333333333,1.7,2.7666666666666666
tracadie,2024-12-28 09:00:00+00:00,1.0,0.0,171.0,-7.434666666666667,4.190166666666666,2.0,2.933333333333333
tracadie,2024-12-28 10:00:00+00:00,1.0,0.0,153.0,-7.314333333333334,4.182416666666667,2.033333333333333,3.2
tracadie,2024-12-28 11:00:00+00:00,1.6,0.0,166.0,-6.551666666666667,4.1818333333333335,1.5666666666666667,2.7666666666666666
tracadie,2024-12-28 12:00:00+00:00,21.833333333333332,0.0,226.0,-4.805000000000001,4.3425,6.766666666666667,8.9
tracadie,2024-12-28 13:00:00+00:00,141.76666666666668,0.0,225.0,-4.003,4.450166666666667,7.866666666666666,10.466666666666667
tracadie,2024-12-28 14:00:00+00:00,227.86666666666667,0.0,229.0,-2.4253333333333336,4.45425,8.233333333333333,11.2
tracadie,2024-12-28 15:00:00+00:00,265.8,0.0,247.0,-1.1466666666666667,4.456166666666667,6.233333333333333,8.666666666666666
tracadie,2024-12-28 16:00:00+00:00,266.3,0.0,268.0,-0.193,4.45675,5.266666666666667,7.8
tracadie,2024-12-28 17:00:00+00:00,269.73333333333335,0.0,222.0,0.17033333333333334,4.4575,4.133333333333334,6.166666666666667
tracadie,2024-12-28 18:00:00+00:00,214.1,0.0,277.0,0.6233333333333333,4.4575,5.3,6.866666666666666
tracadie,2024-12-28 19:00:00+00:00,92.93333333333334,0.0,321.0,0.0003333333333333299,4.45775,6.466666666666667,8.2
tracadie,2024-12-28 20:00:00+00:00,8.366666666666667,0.0,313.0,-0.9613333333333334,4.3855,5.733333333333333,6.966666666666667
tracadie,2024-12-28 21:00:00+00:00,1.0,0.0,317.0,-1.9223333333333334,4.3027500000000005,1.0666666666666667,1.9
tracadie,2024-12-28 22:00:00+00:00,1.0,0.0,178.0,-2.8699999999999997,4.285666666666667,3.033333333333333,4.133333333333334
tracadie,2024-12-28 23:00:00+00:00,1.0,0.0,163.0,-2.9233333333333333,4.27325,5.433333333333334,6.6
tracadie,2024-12-29 00:00:00+00:00,1.0,0.0,135.0,-3.1633333333333336,4.26375,3.8333333333333335,5.166666666666667
tracadie,2024-12-29 01:00:00+00:00,1.0,0.0,105.0,-3.0926666666666667,4.2555,6.0,7.466666666666667
tracadie,2024-12-29 02:00:00+00:00,1.0,0.0,131.0,-3.925,4.247083333333333,6.2,7.7
tracadie,2024-12-29 03:00:00+00:00,1.0,0.0,145.0,-4.776333333333333,4.2375,3.9,5.3
tracadie,2024-12-29 04:00:00+00:00,1.0,0.0,161.0,-5.1770000000000005,4.22775,2.066666666666667,3.5
tracadie,2024-12-29 05:00:00+00:00,1.0,0.0,132.0,-4.641,4.219,2.966666666666667,4.1
tracadie,2024-12-29 06:00:00+00:00,1.0,0.0,122.0,-4.566,4.2115,1.3333333333333333,2.1666666666666665
tracadie,2024-12-29 07:00:00+00:00,1.0,0.0,153.0,-4.775,4.204083333333333,1.2,1.9666666666666666
tracadie,2024-12-29 08:00:00+00:00,1.0,0.0,100.0,-4.507000000000001,4.196166666666667,5.133333333333334,6.666666666666667
tracadie,2024-12-29 09:00:00+00:00,1.0,0.0,185.0,-4.473,4.1905833333333335,4.166666666666667,5.933333333333334
tracadie,2024-12-29 10:00:00+00:00,1.0,0.0,171.0,-3.9680000000000004,4.1851666666666665,5.333333333333333,6.833333333333333
tracadie,2024-12-29 11:00:00+00:00,1.0,0.0,152.0,-2.976,4.182333333333333,7.8,9.6
tracadie,2024-12-29 12:00:00+00:00,14.833333333333334,0.0,170.0,-2.3856666666666664,4.260916666666667,9.4,11.333333333333334
tracadie,2024-12-29 13:00:00+00:00,36.06666666666667,0.0,154.0,-1.2666666666666666,4.446833333333333,6.866666666666666,8.566666666666666
tracadie,2024-12-29 14:00:00+00:00,86.1,0.0,149.0,0.10166666666666666,4.455333333333333,6.6,8.133333333333333
tracadie,2024-12-29 15:00:00+00:00,86.76666666666667,0.0,132.0,1.0133333333333332,4.457,7.2,9.333333333333334
tracadie,2024-12-29 16:00:00+00:00,77.26666666666667,0.0,153.0,1.481,4.458333333333333,6.133333333333334,7.966666666666667
tracadie,2024-12-29 17:00:00+00:00,63.63333333333333,0.0,145.0,1.6573333333333333,4.458833333333333,7.766666666666667,10.333333333333334
tracadie,2024-12-29 18:00:00+00:00,63.3,0.0,164.0,1.9133333333333333,4.459583333333334,7.866666666666666,10.2
tracadie,2024-12-29 19:00:00+00:00,37.53333333333333,0.0,146.0,1.745666666666667,4.4495,8.4,10.9
tracadie,2024-12-29 20:00:00+00:00,3.2333333333333334,0.0,173.0,1.345,4.339166666666666,6.9,9.233333333333333
tracadie,2024-12-29 21:00:00+00:00,1.0,0.0,160.0,1.1086666666666667,4.301833333333334,5.4,6.666666666666667
tracadie,2024-12-29 22:00:00+00:00,1.0,0.0,163.0,1.111,4.287,8.0,9.733333333333333
tracadie,2024-12-29 23:00:00+00:00,1.0,0.0,139.0,1.0423333333333333,4.277,7.733333333333333,10.033333333333333
tracadie,2024-12-30 00:00:00+00:00,1.0,0.0,152.0,1.233,4.268166666666667,4.633333333333334,6.366666666666666
tracadie,2024-12-30 01:00:00+00:00,1.0,0.0,163.0,1.1226666666666667,4.26025,4.133333333333334,5.366666666666666
tracadie,2024-12-30 02:00:00+00:00,1.0,0.0,124.0,1.1216666666666666,4.251416666666667,3.3333333333333335,4.333333333333333
tracadie,2024-12-30 03:00:00+00:00,1.0,0.0,97.0,1.189,4.243916666666666,5.566666666666666,7.266666666666667
tracadie,2024-12-30 04:00:00+00:00,1.0,0.0,147.0,1.2753333333333332,4.235083333333333,5.766666666666667,7.033333333333333
tracadie,2024-12-30 05:00:00+00:00,1.0,0.0,152.0,1.404,4.226083333333333,6.566666666666666,8.333333333333334
tracadie,2024-12-30 06:00:00+00:00,1.0,0.0,154.0,1.4460000000000002,4.2185,1.5333333333333334,2.7666666666666666
tracadie,2024-12-30 07:00:00+00:00,1.0,0.0,135.0,1.59,4.211833333333334,4.866666666666666,6.1
tracadie,2024-12-30 08:00:00+00:00,1.0,0.0,121.0,1.5056666666666667,4.2055,6.5,7.833333333333333
tracadie,2024-12-30 09:00:00+00:00,1.0,0.0,119.0,1.5716666666666665,4.20025,6.0,7.633333333333334
tracadie,2024-12-30 10:00:00+00:00,1.0,0.0,88.0,1.5756666666666668,4.195166666666666,7.0,8.466666666666667
tracadie,2024-12-30 11:00:00+00:00,1.0,0.0,121.0,2.3853333333333335,4.190416666666667,14.233333333333333,17.233333333333334
tracadie,2024-12-30 12:00:00+00:00,12.033333333333333,0.0,124.0,2.853333333333333,4.239,15.033333333333333,18.266666666666666
tracadie,2024-12-30 13:00:00+00:00,57.53333333333333,0.0,124.0,3.3363333333333336,4.44275,17.566666666666666,21.266666666666666
tracadie,2024-12-30 14:00:00+00:00,96.73333333333333,0.0,125.0,4.054333333333333,4.456333333333333,17.7,21.7
tracadie,2024-12-30 15:00:00+00:00,103.7,0.0,136.0,4.737,4.458333333333333,16.466666666666665,20.166666666666668
tracadie,2024-12-30 16:00:00+00:00,104.93333333333334,0.0,129.0,5.3516666666666675,4.4599166666666665,15.233333333333333,18.633333333333333
tracadie,2024-12-30 17:00:00+00:00,58.6,0.0,133.0,5.736666666666666,4.461166666666666,13.833333333333334,17.666666666666668
tracadie,2024-12-30 18:00:00+00:00,88.96666666666667,0.0,136.0,5.843333333333334,4.461666666666667,15.0,18.966666666666665
tracadie,2024-12-30 19:00:00+00:00,114.43333333333334,0.0,126.0,6.493666666666667,4.46225,18.166666666666668,22.933333333333334
tracadie,2024-12-30 20:00:00+00:00,7.766666666666667,0.0,125.0,5.924,4.3598333333333334,17.633333333333333,23.033333333333335
tracadie,2024-12-30 21:00:00+00:00,1.0,0.0,133.0,5.680000000000001,4.309833333333333,12.633333333333333,15.966666666666667
tracadie,2024-12-30 22:00:00+00:00,1.0,0.0,111.0,5.932,4.295833333333333,16.2,20.3
tracadie,2024-12-30 23:00:00+00:00,1.0,0.0,112.0,6.230333333333333,4.287,18.3,23.033333333333335
tracadie,2024-12-31 00:00:00+00:00,1.0,0.0,114.0,6.196,4.280166666666667,16.266666666666666,20.733333333333334
tracadie,2024-12-31 01:00:00+00:00,1.0,0.0,101.0,6.600333333333333,4.274333333333334,20.633333333333333,26.633333333333333
tracadie,2024-12-31 02:00:00+00:00,1.0,0.0,118.0,6.811000000000001,4.269083333333334,24.133333333333333,31.266666666666666
tracadie,2024-12-31 03:00:00+00:00,1.0,0.0,114.0,7.633,4.264083333333333,25.766666666666666,33.7
tracadie,2024-12-31 04:00:00+00:00,1.0,0.2,117.0,7.6353333333333335,4.25875,29.533333333333335,38.233333333333334
tracadie,2024-12-31 05:00:00+00:00,1.0,0.2,112.0,7.784666666666666,4.253,29.366666666666667,38.0
tracadie,2024-12-31 06:00:00+00:00,1.0,1.2000000000000002,122.0,7.8053333333333335,4.247583333333333,24.633333333333333,31.733333333333334
tracadie,2024-12-31 07:00:00+00:00,1.0,0.2,114.0,7.650666666666667,4.240083333333334,21.466666666666665,28.566666666666666
tracadie,2024-12-31 08:00:00+00:00,1.0,0.0,117.0,7.789,4.2339166666666666,17.066666666666666,22.566666666666666
tracadie,2024-12-31 09:00:00+00:00,1.0,0.0,115.0,8.050333333333333,4.227666666666667,16.066666666666666,20.633333333333333
tracadie,2024-12-31 10:00:00+00:00,1.0,0.0,97.0,7.897666666666667,4.222416666666667,14.9,19.3
tracadie,2024-12-31 11:00:00+00:00,1.0,0.0,133.0,7.917666666666666,4.217416666666667,14.3,18.966666666666665
tracadie,2024-12-31 12:00:00+00:00,5.066666666666666,0.0,163.0,6.991666666666666,4.2275833333333335,10.333333333333334,14.033333333333333
tracadie,2024-12-31 13:00:00+00:00,31.733333333333334,0.0,170.0,6.602,4.344,8.833333333333334,11.666666666666666
tracadie,2024-12-31 14:00:00+00:00,112.66666666666667,0.0,133.0,6.674,4.456916666666666,12.633333333333333,16.8
tracadie,2024-12-31 15:00:00+00:00,178.46666666666667,0.0,154.0,6.965999999999999,4.460083333333333,12.0,16.0
tracadie,2024-12-31 16:00:00+00:00,326.6666666666667,0.0,161.0,7.6626666666666665,4.4615,17.2,22.833333333333332
tracadie,2024-12-31 17:00:00+00:00,233.13333333333333,0.0,166.0,7.664666666666666,4.462666666666666,14.3,18.933333333333334
tracadie,2024-12-31 18:00:00+00:00,100.1,0.0,147.0,7.408333333333333,4.4624999999999995,14.233333333333333,18.2
tracadie,2024-12-31 19:00:00+00:00,93.83333333333333,0.0,149.0,7.219666666666667,4.4623333333333335,12.2,15.633333333333333
tracadie,2024-12-31 20:00:00+00:00,9.766666666666667,0.0,147.0,5.518,4.4126666666666665,7.633333333333334,9.666666666666666
tracadie,2024-12-31 21:00:00+00:00,1.0,0.0,157.0,4.249,4.319,7.433333333333334,9.566666666666666
tracadie,2024-12-31 22:00:00+00:00,1.0,0.0,167.0,3.441666666666667,4.299833333333333,7.6,9.833333333333334
tracadie,2024-12-31 23:00:00+00:00,1.0,0.0,167.0,3.133,4.288333333333333,11.133333333333333,13.4
tracadie,2025-01-01 00:00:00+00:00,1.0,0.0,188.0,3.158666666666667,4.28125,10.8,13.3
tracadie,2025-01-01 01:00:00+00:00,1.0,0.0,184.0,3.1079999999999997,4.2745,10.833333333333334,14.166666666666666
tracadie,2025-01-01 02:00:00+00:00,1.0,0.0,181.0,2.513,4.268583333333333,7.6,9.566666666666666
tracadie,2025-01-01 03:00:00+00:00,1.0,0.0,198.0,1.8146666666666667,4.263166666666667,6.533333333333333,8.066666666666666
