station,timestamp_utc,wind_gust_speed_max_kmh,solar_radiation_w_m2,rain_mm,air_temperature_c,battery_v,wind_direction_deg,wind_speed_kmh,wind_gust_speed_kmh,wind_speed_ms
tracadie,2023-11-01 03:00:00+00:00,,1.0,0.0,1.2996666666666667,4.282916666666666,213.0,12.533333333333333,15.933333333333334,
tracadie,2023-11-01 04:00:00+00:00,,1.0,0.0,1.4080000000000001,4.2660833333333334,222.0,13.2,16.9,
tracadie,2023-11-01 05:00:00+00:00,,1.0,0.0,1.7590000000000001,4.248583333333333,225.0,11.433333333333334,14.933333333333334,
tracadie,2023-11-01 06:00:00+00:00,,1.0,0.0,1.4280000000000002,4.239416666666666,213.0,9.833333333333334,12.5,
tracadie,2023-11-01 07:00:00+00:00,,1.0,0.0,1.0753333333333333,4.23275,225.0,9.633333333333333,12.166666666666666,
tracadie,2023-11-01 08:00:00+00:00,,1.0,0.0,0.869,4.228833333333333,230.0,7.2,10.066666666666666,
tracadie,2023-11-01 09:00:00+00:00,,1.0,0.0,1.1173333333333335,4.228000000000001,250.0,5.333333333333333,7.266666666666667,
tracadie,2023-11-01 10:00:00+00:00,,1.0,0.0,1.8813333333333333,4.2285,263.0,3.5,5.4,
tracadie,2023-11-01 11:00:00+00:00,,17.233333333333334,0.0,1.6383333333333332,4.3308333333333335,243.0,7.266666666666667,9.133333333333333,
tracadie,2023-11-01 12:00:00+00:00,,48.8,0.0,1.66,4.478083333333333,177.0,6.533333333333333,8.333333333333334,
tracadie,2023-11-01 13:00:00+00:00,,103.0,0.0,2.553,4.482333333333333,218.0,6.666666666666667,9.1,
tracadie,2023-11-01 14:00:00+00:00,,108.86666666666666,0.0,3.732666666666667,4.482083333333333,226.0,8.733333333333333,11.733333333333333,
tracadie,2023-11-01 15:00:00+00:00,,97.56666666666666,0.0,4.3533333333333335,4.47875,303.0,12.2,15.666666666666666,
tracadie,2023-11-01 16:00:00+00:00,,93.0,0.0,4.309666666666667,4.48175,344.0,16.633333333333333,21.4,
tracadie,2023-11-01 17:00:00+00:00,,82.3,0.0,4.525666666666667,4.484583333333333,352.0,17.766666666666666,22.933333333333334,
tracadie,2023-11-01 18:00:00+00:00,,62.3,0.0,4.919333333333333,4.481083333333333,347.0,17.033333333333335,23.333333333333332,
tracadie,2023-11-01 19:00:00+00:00,,12.133333333333333,0.0,3.7453333333333334,4.468416666666667,59.0,12.633333333333333,16.9,
tracadie,2023-11-01 20:00:00+00:00,,1.8333333333333333,0.0,2.137,4.44275,73.0,3.8,5.5,
tracadie,2023-11-01 21:00:00+00:00,,1.0,0.0,2.7986666666666666,4.40875,293.0,7.033333333333333,10.266666666666667,
tracadie,2023-11-01 22:00:00+00:00,,1.0,0.0,4.3886666666666665,4.386416666666666,10.0,21.866666666666667,28.333333333333332,
tracadie,2023-11-01 23:00:00+00:00,,1.0,0.0,4.322,4.335083333333333,348.0,29.533333333333335,35.7,
tracadie,2023-11-02 00:00:00+00:00,,1.0,0.0,4.717666666666667,4.317833333333334,340.0,26.833333333333332,33.333333333333336,
tracadie,2023-11-02 01:00:00+00:00,,1.0,0.0,4.678,4.3020000000000005,334.0,29.2,36.5,
tracadie,2023-11-02 02:00:00+00:00,,1.0,0.0,4.112,4.284416666666666,333.0,32.6,40.1,
tracadie,2023-11-02 03:00:00+00:00,,1.0,0.0,3.428,4.262083333333333,323.0,28.733333333333334,36.166666666666664,
tracadie,2023-11-02 04:00:00+00:00,,1.0,0.0,3.938,4.247583333333333,347.0,29.266666666666666,36.833333333333336,
tracadie,2023-11-02 05:00:00+00:00,,1.0,0.0,3.5323333333333333,4.241583333333334,340.0,25.8,33.56666666666667,
tracadie,2023-11-02 06:00:00+00:00,,1.0,0.0,2.2676666666666665,4.237416666666667,282.0,27.7,37.56666666666667,
tracadie,2023-11-02 07:00:00+00:00,,1.0,0.0,3.4339999999999997,4.234333333333333,309.0,23.933333333333334,29.933333333333334,
tracadie,2023-11-02 08:00:00+00:00,,1.0,0.0,3.6,4.23575,319.0,24.4,30.9,
tracadie,2023-11-02 09:00:00+00:00,,1.0,0.0,3.5283333333333333,4.235666666666667,303.0,26.933333333333334,33.333333333333336,
tracadie,2023-11-02 10:00:00+00:00,,1.2,0.0,3.655666666666667,4.238166666666667,310.0,31.8,38.46666666666667,
tracadie,2023-11-02 11:00:00+00:00,,12.366666666666667,0.0,3.742,4.3501666666666665,329.0,27.1,34.733333333333334,
tracadie,2023-11-02 12:00:00+00:00,,75.86666666666666,0.0,2.991,4.479583333333333,298.0,25.433333333333334,33.266666666666666,
tracadie,2023-11-02 13:00:00+00:00,,134.46666666666667,0.0,2.3453333333333335,4.481416666666667,286.0,16.566666666666666,22.2,
tracadie,2023-11-02 14:00:00+00:00,,205.76666666666668,0.0,4.059333333333333,4.4835,250.0,22.466666666666665,29.933333333333334,
tracadie,2023-11-02 15:00:00+00:00,,389.03333333333336,0.0,4.6466666666666665,4.481,284.0,22.1,29.666666666666668,
tracadie,2023-11-02 16:00:00+00:00,,444.4,0.0,4.600666666666667,4.484166666666667,286.0,20.1,28.166666666666668,
tracadie,2023-11-02 17:00:00+00:00,,280.1333333333333,0.0,4.320333333333334,4.4835,275.0,15.233333333333333,21.5,
tracadie,2023-11-02 18:00:00+00:00,,128.46666666666667,0.0,3.8946666666666667,4.481583333333334,275.0,13.9,19.466666666666665,
tracadie,2023-11-02 19:00:00+00:00,,198.76666666666668,0.0,4.378333333333333,4.4825,253.0,13.033333333333333,18.5,
tracadie,2023-11-02 20:00:00+00:00,,49.13333333333333,0.0,3.1563333333333334,4.487416666666667,222.0,10.466666666666667,13.933333333333334,
tracadie,2023-11-02 21:00:00+00:00,,1.1333333333333333,0.0,1.1486666666666667,4.42225,190.0,4.8,5.8,
tracadie,2023-11-02 22:00:00+00:00,,1.0,0.0,0.10266666666666667,4.356916666666667,174.0,7.233333333333333,9.066666666666666,
tracadie,2023-11-02 23:00:00+00:00,,1.0,0.0,0.74,4.329916666666667,184.0,9.333333333333334,12.233333333333333,
tracadie,2023-11-03 00:00:00+00:00,,1.0,0.0,0.5286666666666666,4.313833333333333,195.0,6.6,8.5,
tracadie,2023-11-03 01:00:00+00:00,,1.0,0.0,0.6986666666666667,4.3005,204.0,8.133333333333333,10.4,
tracadie,2023-11-03 02:00:00+00:00,,1.0,0.0,0.289,4.287916666666667,192.0,5.166666666666667,6.733333333333333,
tracadie,2023-11-03 03:00:00+00:00,,1.0,0.0,-0.123,4.271166666666667,168.0,7.433333333333334,9.333333333333334,
tracadie,2023-11-03 04:00:00+00:00,,1.0,0.0,-0.06066666666666667,4.253916666666666,187.0,8.033333333333333,10.666666666666666,
tracadie,2023-11-03 05:00:00+00:00,,1.0,0.0,0.8106666666666666,4.23975,197.0,11.1,14.633333333333333,
tracadie,2023-11-03 06:00:00+00:00,,1.0,0.0,1.3003333333333333,4.2324166666666665,216.0,12.2,16.3,
tracadie,2023-11-03 07:00:00+00:00,,1.0,0.0,1.307,4.229583333333333,213.0,10.633333333333333,13.766666666666667,
tracadie,2023-11-03 08:00:00+00:00,,1.0,0.0,1.5896666666666666,4.2277499999999995,191.0,12.966666666666667,17.433333333333334,
tracadie,2023-11-03 09:00:00+00:00,,1.0,0.0,2.0683333333333334,4.2275,213.0,13.433333333333334,17.966666666666665,
tracadie,2023-11-03 10:00:00+00:00,,1.5333333333333334,0.0,1.8163333333333334,4.233583333333333,212.0,12.666666666666666,16.733333333333334,
tracadie,2023-11-03 11:00:00+00:00,,45.2,0.0,1.4923333333333335,4.441083333333333,195.0,10.033333333333333,13.033333333333333,
tracadie,2023-11-03 12:00:00+00:00,,143.7,0.0,3.3613333333333335,4.477333333333333,192.0,11.7,15.433333333333334,
tracadie,2023-11-03 13:00:00+00:00,,266.0,0.0,5.2363333333333335,4.480416666666667,181.0,13.633333333333333,18.7,
tracadie,2023-11-03 14:00:00+00:00,,324.3,0.0,6.724666666666667,4.484416666666667,183.0,20.433333333333334,27.933333333333334,
tracadie,2023-11-03 15:00:00+00:00,,300.96666666666664,0.0,6.995666666666667,4.488,180.0,18.833333333333332,25.7,
tracadie,2023-11-03 16:00:00+00:00,,332.3333333333333,0.0,7.490333333333334,4.49,187.0,21.733333333333334,28.966666666666665,
tracadie,2023-11-03 17:00:00+00:00,,211.93333333333334,0.0,7.674333333333333,4.4935,192.0,20.066666666666666,27.366666666666667,
tracadie,2023-11-03 18:00:00+00:00,,127.53333333333333,0.0,7.511333333333334,4.491833333333333,177.0,19.633333333333333,28.1,
tracadie,2023-11-03 19:00:00+00:00,,60.63333333333333,0.0,7.257666666666666,4.495583333333333,177.0,17.033333333333335,23.2,
tracadie,2023-11-03 20:00:00+00:00,,24.933333333333334,0.0,6.931333333333333,4.4822500000000005,167.0,16.733333333333334,23.666666666666668,
tracadie,2023-11-03 21:00:00+00:00,,1.2333333333333334,0.0,6.322666666666667,4.406583333333333,167.0,12.233333333333333,16.5,
tracadie,2023-11-03 22:00:00+00:00,,1.0,0.0,5.854666666666666,4.35675,170.0,9.333333333333334,12.633333333333333,
tracadie,2023-11-03 23:00:00+00:00,,1.0,0.0,5.717666666666667,4.339166666666666,153.0,8.266666666666667,11.033333333333333,
tracadie,2023-11-04 00:00:00+00:00,,1.0,0.0,6.361000000000001,4.32775,166.0,10.2,14.466666666666667,
tracadie,2023-11-04 01:00:00+00:00,,1.0,0.0,7.396,4.3213333333333335,168.0,18.6,26.0,
tracadie,2023-11-04 02:00:00+00:00,,1.0,0.0,7.4093333333333335,4.314416666666666,171.0,18.1,25.333333333333332,
tracadie,2023-11-04 03:00:00+00:00,,1.0,0.0,7.266333333333334,4.308166666666667,173.0,18.933333333333334,25.866666666666667,
tracadie,2023-11-04 04:00:00+00:00,,1.0,0.0,7.191,4.2995,174.0,20.2,27.866666666666667,
tracadie,2023-11-04 05:00:00+00:00,,1.0,0.0,7.022,4.290166666666667,173.0,20.7,28.366666666666667,
tracadie,2023-11-04 06:00:00+00:00,,1.0,0.0,7.058000000000001,4.27675,185.0,19.566666666666666,27.1,
tracadie,2023-11-04 07:00:00+00:00,,1.0,0.0,7.840333333333334,4.2651666666666666,168.0,23.866666666666667,32.7,
tracadie,2023-11-04 08:00:00+00:00,,1.0,0.0,8.107333333333333,4.257416666666667,174.0,25.566666666666666,35.1,
tracadie,2023-11-04 09:00:00+00:00,,1.0,0.0,8.207666666666666,4.25075,177.0,24.033333333333335,34.03333333333333,
tracadie,2023-11-04 10:00:00+00:00,,1.0,0.0,8.317,4.250333333333333,184.0,19.833333333333332,28.066666666666666,
tracadie,2023-11-04 11:00:00+00:00,,8.4,0.0,8.694666666666667,4.27775,188.0,17.966666666666665,24.666666666666668,
tracadie,2023-11-04 12:00:00+00:00,,47.9,0.0,9.074666666666667,4.467583333333334,174.0,20.0,26.7,
tracadie,2023-11-04 13:00:00+00:00,,97.5,0.0,9.785666666666666,4.4777499999999995,180.0,22.966666666666665,31.9,
tracadie,2023-11-04 14:00:00+00:00,,227.03333333333333,0.0,10.752666666666666,4.484666666666667,194.0,21.166666666666668,29.9,
tracadie,2023-11-04 15:00:00+00:00,,216.73333333333332,0.0,12.028666666666668,4.488333333333333,209.0,23.466666666666665,32.766666666666666,
tracadie,2023-11-04 16:00:00+00:00,,372.76666666666665,0.0,12.680666666666667,4.490916666666666,206.0,23.566666666666666,33.06666666666667,
tracadie,2023-11-04 17:00:00+00:00,,312.3666666666667,0.0,12.875333333333334,4.4943333333333335,216.0,23.933333333333334,32.53333333333333,
tracadie,2023-11-04 18:00:00+00:00,,167.93333333333334,0.0,12.869333333333334,4.494083333333333,226.0,20.5,28.1,
tracadie,2023-11-04 19:00:00+00:00,,67.2,0.0,12.424000000000001,4.497166666666667,234.0,12.6,17.566666666666666,
tracadie,2023-11-04 20:00:00+00:00,,16.5,0.0,11.638666666666667,4.493166666666666,250.0,8.066666666666666,11.133333333333333,
tracadie,2023-11-04 21:00:00+00:00,,1.0,0.0,10.106,4.3825,181.0,6.3,7.9,
tracadie,2023-11-04 22:00:00+00:00,,1.0,0.0,10.049666666666667,4.3534999999999995,195.0,9.266666666666667,12.4,
tracadie,2023-11-04 23:00:00+00:00,,1.0,0.0,9.733,4.33925,209.0,10.966666666666667,14.2,
tracadie,2023-11-05 00:00:00+00:00,,1.0,0.0,9.341666666666667,4.330333333333333,216.0,7.7,10.733333333333333,
tracadie,2023-11-05 01:00:00+00:00,,1.0,0.0,8.272666666666668,4.32275,226.0,5.6,7.0,
tracadie,2023-11-05 02:00:00+00:00,,1.0,0.0,7.405666666666667,4.3175,243.0,3.6333333333333333,5.1,
tracadie,2023-11-05 03:00:00+00:00,,1.0,0.0,7.1033333333333335,4.309916666666667,251.0,4.0,5.366666666666666,
tracadie,2023-11-05 04:00:00+00:00,,1.0,0.0,5.933333333333334,4.305,241.0,3.2666666666666666,4.7,
tracadie,2023-11-05 05:00:00+00:00,,1.0,0.0,4.228666666666666,4.295583333333333,227.0,2.3333333333333335,3.533333333333333,
tracadie,2023-11-05 06:00:00+00:00,,1.0,0.0,3.102333333333333,4.289000000000001,173.0,2.3,3.533333333333333,
tracadie,2023-11-05 07:00:00+00:00,,1.0,0.0,2.737,4.279333333333333,198.0,2.3,3.8666666666666667,
tracadie,2023-11-05 08:00:00+00:00,,1.0,0.0,2.701,4.270166666666666,160.0,8.5,10.033333333333333,
tracadie,2023-11-05 09:00:00+00:00,,1.0,0.0,3.090333333333333,4.260416666666667,178.0,6.966666666666667,8.3,
tracadie,2023-11-05 10:00:00+00:00,,1.0,0.0,3.1726666666666667,4.2515,153.0,6.5,7.7,
tracadie,2023-11-05 11:00:00+00:00,,20.833333333333332,0.0,4.234333333333334,4.37825,190.0,7.1,9.233333333333333,
tracadie,2023-11-05 12:00:00+00:00,,33.46666666666667,0.0,5.381,4.4795,236.0,9.333333333333334,12.8,
tracadie,2023-11-05 13:00:00+00:00,,42.96666666666667,0.0,5.751,4.480416666666667,256.0,9.233333333333333,13.866666666666667,
tracadie,2023-11-05 14:00:00+00:00,,77.0,0.0,5.933666666666666,4.4824166666666665,246.0,10.166666666666666,14.0,
tracadie,2023-11-05 15:00:00+00:00,,74.63333333333334,0.0,6.316999999999999,4.485916666666667,218.0,12.7,17.2,
tracadie,2023-11-05 16:00:00+00:00,,74.43333333333334,0.0,6.645,4.4855,233.0,13.0,18.0,
tracadie,2023-11-05 17:00:00+00:00,,77.33333333333333,0.0,6.518666666666666,4.487,257.0,14.166666666666666,19.566666666666666,
tracadie,2023-11-05 18:00:00+00:00,,57.43333333333333,0.0,6.3693333333333335,4.486416666666667,267.0,13.8,19.966666666666665,
tracadie,2023-11-05 19:00:00+00:00,,23.333333333333332,0.0,6.127,4.489416666666667,271.0,13.1,18.466666666666665,
tracadie,2023-11-05 20:00:00+00:00,,6.766666666666667,0.0,6.058333333333334,4.456833333333333,268.0,12.133333333333333,17.5,
tracadie,2023-11-05 21:00:00+00:00,,1.0,0.0,6.081333333333333,4.379833333333333,271.0,18.666666666666668,25.366666666666667,
tracadie,2023-11-05 22:00:00+00:00,,1.0,0.0,6.063666666666666,4.34625,288.0,22.066666666666666,27.866666666666667,
tracadie,2023-11-05 23:00:00+00:00,,1.0,0.0,5.907666666666667,4.3285833333333334,302.0,24.8,32.03333333333333,
tracadie,2023-11-06 00:00:00+00:00,,1.0,0.0,5.895666666666667,4.316833333333333,295.0,27.866666666666667,35.03333333333333,
tracadie,2023-11-06 01:00:00+00:00,,1.0,0.0,5.713333333333334,4.308083333333333,295.0,30.5,38.266666666666666,
tracadie,2023-11-06 02:00:00+00:00,,1.0,0.0,5.088666666666667,4.29875,300.0,31.866666666666667,39.93333333333333,
tracadie,2023-11-06 03:00:00+00:00,,1.0,0.0,4.489,4.286666666666666,330.0,28.933333333333334,37.2,
tracadie,2023-11-06 04:00:00+00:00,,1.0,0.0,4.539333333333333,4.273750000000001,310.0,26.533333333333335,33.63333333333333,
tracadie,2023-11-06 05:00:00+00:00,,1.0,0.0,4.203333333333333,4.2625,292.0,23.8,30.1,
tracadie,2023-11-06 06:00:00+00:00,,1.0,0.0,3.9436666666666667,4.254,307.0,23.766666666666666,30.666666666666668,
tracadie,2023-11-06 07:00:00+00:00,,1.0,0.0,3.5833333333333335,4.247,316.0,23.166666666666668,29.533333333333335,
tracadie,2023-11-06 08:00:00+00:00,,1.0,0.0,3.2823333333333333,4.242583333333333,320.0,22.233333333333334,28.5,
tracadie,2023-11-06 09:00:00+00:00,,1.0,0.0,3.0986666666666665,4.2395000000000005,324.0,19.9,25.766666666666666,
tracadie,2023-11-06 10:00:00+00:00,,1.0,0.0,3.1746666666666665,4.23775,320.0,17.133333333333333,22.633333333333333,
tracadie,2023-11-06 11:00:00+00:00,,14.733333333333333,0.0,3.102,4.3485000000000005,298.0,14.666666666666666,19.733333333333334,
tracadie,2023-11-06 12:00:00+00:00,,154.2,0.0,3.033,4.479916666666667,289.0,11.266666666666667,15.433333333333334,
tracadie,2023-11-06 13:00:00+00:00,,293.6333333333333,0.0,3.428,4.4835,263.0,16.433333333333334,22.166666666666668,
tracadie,2023-11-06 14:00:00+00:00,,403.8333333333333,0.0,3.54,4.484166666666667,282.0,16.5,23.1,
tracadie,2023-11-06 15:00:00+00:00,,436.96666666666664,0.0,3.4743333333333335,4.483666666666667,264.0,14.066666666666666,19.933333333333334,
tracadie,2023-11-06 16:00:00+00:00,,372.1,0.0,3.4616666666666664,4.480666666666667,289.0,12.6,17.766666666666666,
tracadie,2023-11-06 17:00:00+00:00,,417.76666666666665,0.0,3.953333333333333,4.486166666666667,277.0,11.233333333333333,16.466666666666665,
tracadie,2023-11-06 18:00:00+00:00,,269.03333333333336,0.0,4.08,4.48175,236.0,11.666666666666666,16.033333333333335,
tracadie,2023-11-06 19:00:00+00:00,,210.2,0.0,3.95,4.486833333333333,230.0,12.833333333333334,18.133333333333333,
tracadie,2023-11-06 20:00:00+00:00,,24.233333333333334,0.0,2.44,4.483666666666667,247.0,7.933333333333334,11.133333333333333,
tracadie,2023-11-06 21:00:00+00:00,,1.0,0.0,1.596,4.3959166666666665,264.0,5.666666666666667,8.266666666666667,
tracadie,2023-11-06 22:00:00+00:00,,1.0,0.0,0.537,4.349583333333333,190.0,4.633333333333334,5.833333333333333,
tracadie,2023-11-06 23:00:00+00:00,,1.0,0.0,0.10833333333333334,4.326583333333334,171.0,6.0,7.5,
tracadie,2023-11-07 00:00:00+00:00,,1.0,0.0,-0.34266666666666673,4.3125,198.0,4.966666666666667,6.4,
tracadie,2023-11-07 01:00:00+00:00,,1.0,0.0,-0.6856666666666666,4.299,167.0,5.866666666666666,6.933333333333334,
tracadie,2023-11-07 02:00:00+00:00,,1.0,0.0,-1.1406666666666667,4.2867500000000005,174.0,6.833333333333333,8.333333333333334,
tracadie,2023-11-07 03:00:00+00:00,,1.0,0.0,-1.0799999999999998,4.271083333333333,167.0,3.8,5.0,
tracadie,2023-11-07 04:00:00+00:00,,1.0,0.0,-0.9676666666666667,4.2556666666666665,167.0,6.233333333333333,7.533333333333333,
tracadie,2023-11-07 05:00:00+00:00,,1.0,0.0,-1.0746666666666667,4.241666666666666,166.0,6.633333333333334,7.533333333333333,
tracadie,2023-11-07 06:00:00+00:00,,1.0,0.0,-0.13566666666666669,4.23325,163.0,5.166666666666667,6.4,
tracadie,2023-11-07 07:00:00+00:00,,1.0,0.0,0.48833333333333334,4.2284999999999995,138.0,4.9,6.366666666666666,
tracadie,2023-11-07 08:00:00+00:00,,1.0,0.0,0.545,4.2275833333333335,128.0,4.533333333333333,6.0,
tracadie,2023-11-07 09:00:00+00:00,,1.0,0.0,1.2106666666666668,4.227833333333334,133.0,7.533333333333333,9.866666666666667,
tracadie,2023-11-07 10:00:00+00:00,,1.0,0.0,2.045,4.230250000000001,121.0,8.3,10.8,
tracadie,2023-11-07 11:00:00+00:00,,9.933333333333334,0.0,2.6073333333333335,4.2820833333333335,122.0,10.6,13.5,
tracadie,2023-11-07 12:00:00+00:00,,57.96666666666667,0.0,3.7403333333333335,4.47075,126.0,14.2,18.333333333333332,
tracadie,2023-11-07 13:00:00+00:00,,137.06666666666666,0.0,4.925333333333333,4.479833333333333,117.0,17.2,21.766666666666666,
tracadie,2023-11-07 14:00:00+00:00,,110.63333333333334,0.0,5.831,4.477833333333334,118.0,18.766666666666666,24.666666666666668,
tracadie,2023-11-07 15:00:00+00:00,,119.9,0.0,6.683000000000001,4.485083333333333,142.0,18.6,25.033333333333335,
tracadie,2023-11-07 16:00:00+00:00,,116.66666666666667,0.0,7.3726666666666665,4.480416666666667,139.0,20.366666666666667,27.666666666666668,
tracadie,2023-11-07 17:00:00+00:00,,60.7,0.0,7.768666666666666,4.4848333333333334,129.0,20.066666666666666,26.433333333333334,
tracadie,2023-11-07 18:00:00+00:00,,77.86666666666666,0.0,8.678333333333335,4.4885,133.0,24.7,33.0,
tracadie,2023-11-07 19:00:00+00:00,,104.53333333333333,0.0,9.520000000000001,4.4935,138.0,28.266666666666666,38.6,
tracadie,2023-11-07 20:00:00+00:00,,3.7,0.0,9.155,4.429916666666666,136.0,26.3,34.3,
tracadie,2023-11-07 21:00:00+00:00,,1.0,0.0,8.386999999999999,4.367,131.0,23.266666666666666,30.266666666666666,
tracadie,2023-11-07 22:00:00+00:00,,1.0,0.0,8.472333333333333,4.34575,136.0,26.466666666666665,35.0,
tracadie,2023-11-07 23:00:00+00:00,,1.0,0.0,8.424333333333333,4.333583333333333,132.0,26.9,35.833333333333336,
tracadie,2023-11-08 00:00:00+00:00,,1.0,0.0,8.634666666666668,4.32225,139.0,24.466666666666665,31.533333333333335,
tracadie,2023-11-08 01:00:00+00:00,,1.0,0.0,8.944333333333333,4.314583333333333,124.0,21.566666666666666,27.6,
tracadie,2023-11-08 02:00:00+00:00,,1.0,0.0,9.247333333333334,4.3045,124.0,17.933333333333334,23.533333333333335,
tracadie,2023-11-08 03:00:00+00:00,,1.0,0.0,9.675999999999998,4.293333333333333,135.0,16.6,21.933333333333334,
tracadie,2023-11-08 04:00:00+00:00,,1.0,0.0,10.167333333333334,4.282166666666667,143.0,19.4,26.233333333333334,
tracadie,2023-11-08 05:00:00+00:00,,1.0,0.0,10.197666666666667,4.271333333333334,139.0,14.733333333333333,19.633333333333333,
tracadie,2023-11-08 06:00:00+00:00,,1.0,0.0,10.551666666666668,4.263,145.0,12.733333333333333,17.2,
tracadie,2023-11-08 07:00:00+00:00,,1.0,0.0,9.954333333333333,4.25775,222.0,13.666666666666666,19.133333333333333,
tracadie,2023-11-08 08:00:00+00:00,,1.0,0.0,6.857666666666666,4.25325,281.0,29.833333333333332,40.1,
tracadie,2023-11-08 09:00:00+00:00,,1.0,0.0,5.174666666666667,4.2485,263.0,21.133333333333333,30.233333333333334,
tracadie,2023-11-08 10:00:00+00:00,,1.0,0.0,4.388999999999999,4.243666666666667,256.0,21.333333333333332,30.533333333333335,
tracadie,2023-11-08 11:00:00+00:00,,28.633333333333333,0.0,4.006666666666667,4.341583333333333,264.0,21.933333333333334,31.1,
tracadie,2023-11-08 12:00:00+00:00,,43.833333333333336,0.0,3.8956666666666666,4.4785,264.0,16.7,24.1,
tracadie,2023-11-08 13:00:00+00:00,,80.66666666666667,0.0,4.041666666666667,4.478416666666667,260.0,18.5,26.766666666666666,
tracadie,2023-11-08 14:00:00+00:00,,112.26666666666667,0.0,4.168,4.484916666666667,261.0,19.333333333333332,27.966666666666665,
tracadie,2023-11-08 15:00:00+00:00,,102.06666666666666,0.0,4.049333333333333,4.484166666666666,253.0,20.266666666666666,28.833333333333332,
tracadie,2023-11-08 16:00:00+00:00,,136.93333333333334,0.0,3.9703333333333335,4.485666666666667,247.0,20.166666666666668,28.466666666666665,
tracadie,2023-11-08 17:00:00+00:00,,164.03333333333333,0.0,3.707,4.48575,250.0,20.466666666666665,29.533333333333335,
tracadie,2023-11-08 18:00:00+00:00,,101.93333333333334,0.0,2.748666666666667,4.488,256.0,20.133333333333333,28.866666666666667,
tracadie,2023-11-08 19:00:00+00:00,,54.333333333333336,0.0,2.835,4.486666666666667,267.0,21.333333333333332,31.466666666666665,
tracadie,2023-11-08 20:00:00+00:00,,7.033333333333333,0.0,2.3863333333333334,4.45475,258.0,21.066666666666666,29.866666666666667,
tracadie,2023-11-08 21:00:00+00:00,,1.0,0.0,1.5443333333333333,4.373833333333334,254.0,19.933333333333334,27.966666666666665,
tracadie,2023-11-08 22:00:00+00:00,,1.0,0.0,1.3876666666666668,4.339583333333334,251.0,22.866666666666667,32.9,
tracadie,2023-11-08 23:00:00+00:00,,1.0,0.0,0.8170000000000001,4.3205,256.0,21.033333333333335,30.333333333333332,
tracadie,2023-11-09 00:00:00+00:00,,1.0,0.0,0.9363333333333334,4.303583333333333,257.0,21.7,31.6,
tracadie,2023-11-09 01:00:00+00:00,,1.0,0.0,1.725,4.287166666666667,250.0,29.4,40.03333333333333,
tracadie,2023-11-09 02:00:00+00:00,,1.0,0.0,2.719,4.259083333333334,277.0,32.2,45.166666666666664,
tracadie,2023-11-09 03:00:00+00:00,,1.0,0.0,3.4983333333333335,4.245833333333334,277.0,36.93333333333333,48.63333333333333,
tracadie,2023-11-09 04:00:00+00:00,,1.0,0.0,3.4903333333333335,4.230166666666666,282.0,42.4,55.9,
tracadie,2023-11-09 05:00:00+00:00,,1.0,0.0,3.781,4.23425,286.0,45.36666666666667,58.733333333333334,
tracadie,2023-11-09 06:00:00+00:00,,1.0,0.0,4.503,4.239166666666667,286.0,45.86666666666667,59.333333333333336,
tracadie,2023-11-09 07:00:00+00:00,,1.0,0.0,4.981,4.239083333333333,282.0,45.86666666666667,58.833333333333336,
tracadie,2023-11-09 08:00:00+00:00,,1.0,0.0,6.151666666666667,4.240083333333334,284.0,41.166666666666664,51.86666666666667,
tracadie,2023-11-09 09:00:00+00:00,,1.0,0.0,6.516333333333334,4.2450833333333335,324.0,38.96666666666667,48.666666666666664,
tracadie,2023-11-09 10:00:00+00:00,,1.0,0.0,6.183333333333334,4.24475,334.0,35.9,45.13333333333333,
tracadie,2023-11-09 11:00:00+00:00,,10.2,0.0,5.895,4.301083333333334,340.0,36.233333333333334,44.766666666666666,
tracadie,2023-11-09 12:00:00+00:00,,55.4,0.0,6.013999999999999,4.47125,338.0,32.96666666666667,40.4,
tracadie,2023-11-09 13:00:00+00:00,,185.3,0.0,5.890333333333333,4.478,337.0,29.933333333333334,36.96666666666667,
tracadie,2023-11-09 14:00:00+00:00,,243.86666666666667,0.0,6.121666666666667,4.483,341.0,28.733333333333334,36.266666666666666,
tracadie,2023-11-09 15:00:00+00:00,,224.63333333333333,0.0,6.414666666666666,4.486416666666667,352.0,25.066666666666666,32.03333333333333,
tracadie,2023-11-09 16:00:00+00:00,,129.7,0.0,6.316333333333334,4.487916666666666,347.0,23.166666666666668,28.8,
tracadie,2023-11-09 17:00:00+00:00,,137.5,0.0,5.933333333333334,4.4885,343.0,18.7,23.666666666666668,
tracadie,2023-11-09 18:00:00+00:00,,82.13333333333334,0.0,5.910666666666667,4.4905,354.0,18.466666666666665,23.9,
tracadie,2023-11-09 19:00:00+00:00,,50.43333333333333,0.0,5.848333333333333,4.4904166666666665,344.0,21.566666666666666,27.366666666666667,
tracadie,2023-11-09 20:00:00+00:00,,8.4,0.0,5.906000000000001,4.471166666666666,4.0,24.0,29.2,
tracadie,2023-11-09 21:00:00+00:00,,1.0,0.0,5.7283333333333335,4.382916666666667,8.0,27.4,31.8,
tracadie,2023-11-09 22:00:00+00:00,,1.0,0.0,5.567666666666667,4.354333333333334,8.0,23.5,27.333333333333332,
tracadie,2023-11-09 23:00:00+00:00,,1.0,0.0,5.619,4.340583333333334,25.0,18.266666666666666,21.533333333333335,
tracadie,2023-11-10 00:00:00+00:00,,1.0,0.0,5.733666666666666,4.3305,31.0,14.9,17.5,
tracadie,2023-11-10 01:00:00+00:00,,1.0,0.0,5.4383333333333335,4.323083333333334,41.0,8.933333333333334,11.366666666666667,
tracadie,2023-11-10 02:00:00+00:00,,1.0,0.0,4.687333333333333,4.3155833333333335,131.0,4.6,6.0,
tracadie,2023-11-10 03:00:00+00:00,,1.0,0.0,4.273666666666667,4.306416666666666,205.0,5.9,7.3,
tracadie,2023-11-10 04:00:00+00:00,,1.0,0.0,4.016666666666667,4.297833333333333,222.0,4.166666666666667,5.433333333333334,
tracadie,2023-11-10 05:00:00+00:00,,1.0,0.0,3.7253333333333334,4.287,240.0,2.433333333333333,4.1,
tracadie,2023-11-10 06:00:00+00:00,,1.0,0.0,3.6896666666666667,4.2749999999999995,244.0,3.7333333333333334,4.9,
tracadie,2023-11-10 07:00:00+00:00,,1.0,0.0,3.683333333333333,4.263,233.0,3.433333333333333,4.533333333333333,
tracadie,2023-11-10 08:00:00+00:00,,1.0,0.0,3.4886666666666666,4.25325,215.0,3.966666666666667,5.0,
tracadie,2023-11-10 09:00:00+00:00,,1.0,0.0,3.708,4.24625,226.0,7.3,9.366666666666667,
tracadie,2023-11-10 10:00:00+00:00,,1.0,0.0,3.714,4.243166666666666,185.0,10.766666666666667,14.566666666666666,
tracadie,2023-11-10 11:00:00+00:00,,12.666666666666666,0.0,3.225,4.3062499999999995,226.0,14.0,18.566666666666666,
tracadie,2023-11-10 12:00:00+00:00,,63.9,0.0,2.7183333333333333,4.477166666666666,227.0,13.433333333333334,18.966666666666665,
tracadie,2023-11-10 13:00:00+00:00,,56.3,0.0,2.9523333333333333,4.480333333333333,220.0,19.3,26.433333333333334,
tracadie,2023-11-10 14:00:00+00:00,,87.9,0.0,3.1566666666666667,4.48025,222.0,18.933333333333334,25.8,
tracadie,2023-11-10 15:00:00+00:00,,209.33333333333334,0.0,4.064,4.483666666666667,247.0,16.466666666666665,24.933333333333334,
tracadie,2023-11-10 16:00:00+00:00,,216.36666666666667,0.0,4.607333333333333,4.484166666666667,246.0,18.133333333333333,25.733333333333334,
tracadie,2023-11-10 17:00:00+00:00,,82.5,0.0,4.472333333333333,4.482833333333333,232.0,20.633333333333333,29.033333333333335,
tracadie,2023-11-10 18:00:00+00:00,,83.56666666666666,0.0,4.557666666666666,4.48225,257.0,14.6,21.266666666666666,
tracadie,2023-11-10 19:00:00+00:00,,97.4,0.0,4.8790000000000004,4.48375,250.0,14.766666666666667,22.333333333333332,
tracadie,2023-11-10 20:00:00+00:00,,14.766666666666667,0.0,4.665666666666667,4.460166666666667,258.0,11.0,16.233333333333334,
tracadie,2023-11-10 21:00:00+00:00,,1.0,0.0,4.368333333333334,4.375166666666667,247.0,7.8,12.033333333333333,
tracadie,2023-11-10 22:00:00+00:00,,1.0,0.0,4.260333333333333,4.346,250.0,10.8,15.833333333333334,
tracadie,2023-11-10 23:00:00+00:00,,1.0,0.0,3.8743333333333334,4.329833333333333,230.0,11.6,15.833333333333334,
tracadie,2023-11-11 00:00:00+00:00,,1.0,0.0,3.811666666666667,4.315666666666667,241.0,12.266666666666667,16.933333333333334,
tracadie,2023-11-11 01:00:00+00:00,,1.0,0.0,3.4739999999999998,4.307333333333333,236.0,12.833333333333334,17.366666666666667,
tracadie,2023-11-11 02:00:00+00:00,,1.0,0.0,3.310666666666667,4.296166666666667,230.0,14.966666666666667,20.366666666666667,
tracadie,2023-11-11 03:00:00+00:00,,1.0,0.0,3.2143333333333337,4.284583333333333,237.0,15.433333333333334,21.0,
tracadie,2023-11-11 04:00:00+00:00,,1.0,0.0,3.0516666666666667,4.2709166666666665,244.0,17.0,24.233333333333334,
tracadie,2023-11-11 05:00:00+00:00,,1.0,0.0,2.588,4.258,267.0,18.666666666666668,26.466666666666665,
tracadie,2023-11-11 06:00:00+00:00,,1.0,0.0,2.3603333333333336,4.24775,246.0,16.133333333333333,22.366666666666667,
tracadie,2023-11-11 07:00:00+00:00,,1.0,0.0,2.1229999999999998,4.240583333333333,248.0,15.1,20.466666666666665,
tracadie,2023-11-11 08:00:00+00:00,,1.0,0.0,3.154333333333333,4.236416666666667,237.0,15.8,19.566666666666666,
tracadie,2023-11-11 09:00:00+00:00,,1.0,0.0,3.396,4.2355833333333335,309.0,7.766666666666667,10.033333333333333,
tracadie,2023-11-11 10:00:00+00:00,,1.0,0.0,3.259666666666667,4.2355,281.0,5.3,7.233333333333333,
tracadie,2023-11-11 11:00:00+00:00,,9.5,0.0,2.4676666666666667,4.30675,215.0,6.633333333333334,8.966666666666667,
tracadie,2023-11-11 12:00:00+00:00,,27.166666666666668,0.0,2.629,4.472,291.0,1.7,3.033333333333333,
tracadie,2023-11-11 13:00:00+00:00,,60.1,0.0,2.9566666666666666,4.477666666666667,201.0,1.3333333333333333,2.3,
tracadie,2023-11-11 14:00:00+00:00,,141.43333333333334,0.0,3.5709999999999997,4.4815,183.0,7.433333333333334,10.866666666666667,
tracadie,2023-11-11 15:00:00+00:00,,173.03333333333333,0.0,3.735,4.48075,6.0,8.433333333333334,10.9,
tracadie,2023-11-11 16:00:00+00:00,,166.8,0.0,4.314666666666667,4.4816666666666665,284.0,14.366666666666667,18.2,
tracadie,2023-11-11 17:00:00+00:00,,124.96666666666667,0.0,4.320333333333333,4.481083333333333,348.0,12.266666666666667,15.833333333333334,
tracadie,2023-11-11 18:00:00+00:00,,51.233333333333334,0.0,4.354666666666666,4.482666666666667,8.0,16.8,22.333333333333332,
tracadie,2023-11-11 19:00:00+00:00,,28.033333333333335,0.0,4.374333333333333,4.484,333.0,24.733333333333334,31.2,
tracadie,2023-11-11 20:00:00+00:00,,7.4,0.0,4.399666666666667,4.45775,337.0,24.466666666666665,30.766666666666666,
tracadie,2023-11-11 21:00:00+00:00,,1.0,0.0,4.082666666666666,4.374916666666667,320.0,27.633333333333333,35.3,
tracadie,2023-11-11 22:00:00+00:00,,1.0,0.0,3.1396666666666664,4.345833333333333,305.0,27.4,35.4,
tracadie,2023-11-11 23:00:00+00:00,,1.0,0.0,3.8773333333333335,4.327083333333333,312.0,28.8,35.6,
tracadie,2023-11-12 00:00:00+00:00,,1.0,0.0,3.2456666666666667,4.31525,334.0,26.0,33.06666666666667,
tracadie,2023-11-12 01:00:00+00:00,,1.0,0.0,3.312,4.3045,337.0,26.733333333333334,34.2,
tracadie,2023-11-12 02:00:00+00:00,,1.0,0.0,2.621,4.292083333333333,350.0,22.4,28.966666666666665,
tracadie,2023-11-12 03:00:00+00:00,,1.0,0.0,2.8603333333333336,4.2789166666666665,319.0,24.0,30.9,
tracadie,2023-11-12 04:00:00+00:00,,1.0,0.0,3.1043333333333334,4.265,357.0,28.233333333333334,35.53333333333333,
tracadie,2023-11-12 05:00:00+00:00,,1.0,0.0,2.9546666666666668,4.253916666666666,284.0,23.566666666666666,30.166666666666668,
tracadie,2023-11-12 06:00:00+00:00,,1.0,0.0,2.9433333333333334,4.2452499999999995,338.0,24.566666666666666,30.5,
tracadie,2023-11-12 07:00:00+00:00,,1.0,0.0,3.6056666666666666,4.238416666666667,316.0,25.6,31.833333333333332,
tracadie,2023-11-12 08:00:00+00:00,,1.0,0.0,3.7483333333333335,4.2370833333333335,303.0,21.633333333333333,27.833333333333332,
tracadie,2023-11-12 09:00:00+00:00,,1.0,0.0,3.7116666666666664,4.23625,309.0,22.3,28.233333333333334,
tracadie,2023-11-12 10:00:00+00:00,,1.0,0.0,3.9810000000000003,4.236083333333333,352.0,26.7,33.3,
tracadie,2023-11-12 11:00:00+00:00,,7.766666666666667,0.0,4.208333333333333,4.26875,317.0,26.733333333333334,33.1,
tracadie,2023-11-12 12:00:00+00:00,,66.73333333333333,0.0,3.6910000000000003,4.451833333333334,313.0,24.4,31.466666666666665,
tracadie,2023-11-12 13:00:00+00:00,,98.26666666666667,0.0,4.221666666666667,4.477666666666667,300.0,25.366666666666667,31.533333333333335,
tracadie,2023-11-12 14:00:00+00:00,,142.36666666666667,0.0,4.346,4.4792499999999995,306.0,22.4,29.366666666666667,
tracadie,2023-11-12 15:00:00+00:00,,317.96666666666664,0.0,4.477666666666667,4.48075,313.0,28.0,35.0,
tracadie,2023-11-12 16:00:00+00:00,,130.8,0.0,4.274666666666667,4.481166666666667,305.0,22.833333333333332,28.966666666666665,
tracadie,2023-11-12 17:00:00+00:00,,82.8,0.0,3.817333333333333,4.48175,306.0,22.933333333333334,29.1,
tracadie,2023-11-12 18:00:00+00:00,,63.13333333333333,0.0,3.0926666666666667,4.4824166666666665,288.0,21.766666666666666,28.633333333333333,
tracadie,2023-11-12 19:00:00+00:00,,23.566666666666666,0.0,2.7703333333333333,4.48175,284.0,23.833333333333332,30.266666666666666,
tracadie,2023-11-12 20:00:00+00:00,,4.6,0.0,3.1496666666666666,4.4495000000000005,298.0,25.9,33.4,
tracadie,2023-11-12 21:00:00+00:00,,1.0,0.0,3.207333333333333,4.373666666666667,282.0,25.133333333333333,32.9,
tracadie,2023-11-12 22:00:00+00:00,,1.0,0.0,2.859,4.344083333333333,291.0,21.7,28.5,
tracadie,2023-11-12 23:00:00+00:00,,1.0,0.0,2.219333333333333,4.327416666666667,253.0,21.966666666666665,28.333333333333332,
tracadie,2023-11-13 00:00:00+00:00,,1.0,0.0,2.4386666666666668,4.315666666666666,284.0,18.366666666666667,24.533333333333335,
tracadie,2023-11-13 01:00:00+00:00,,1.0,0.0,2.658666666666667,4.30525,293.0,18.466666666666665,25.0,
tracadie,2023-11-13 02:00:00+00:00,,1.0,0.0,2.4650000000000003,4.294333333333333,274.0,13.6,18.7,
tracadie,2023-11-13 03:00:00+00:00,,1.0,0.0,2.1286666666666667,4.28275,271.0,10.866666666666667,16.333333333333332,
tracadie,2023-11-13 04:00:00+00:00,,1.0,0.0,1.3833333333333333,4.26875,241.0,14.233333333333333,19.633333333333333,
tracadie,2023-11-13 05:00:00+00:00,,1.0,0.0,0.871,4.255583333333333,248.0,14.466666666666667,20.566666666666666,
tracadie,2023-11-13 06:00:00+00:00,,1.0,0.0,0.5303333333333333,4.243916666666666,246.0,12.633333333333333,17.866666666666667,
tracadie,2023-11-13 07:00:00+00:00,,1.0,0.0,0.08766666666666666,4.2363333333333335,260.0,15.7,21.966666666666665,
tracadie,2023-11-13 08:00:00+00:00,,1.0,0.0,-0.676,4.230583333333334,240.0,16.133333333333333,21.433333333333334,
tracadie,2023-11-13 09:00:00+00:00,,1.0,0.0,-0.506,4.22775,248.0,12.866666666666667,18.033333333333335,
tracadie,2023-11-13 10:00:00+00:00,,1.0,0.0,-0.29733333333333334,4.226583333333333,244.0,15.066666666666666,19.4,
tracadie,2023-11-13 11:00:00+00:00,,4.766666666666667,0.0,-0.06833333333333334,4.2508333333333335,247.0,10.166666666666666,15.0,
tracadie,2023-11-13 12:00:00+00:00,,49.3,0.0,0.22433333333333336,4.43825,192.0,10.3,14.966666666666667,
tracadie,2023-11-13 13:00:00+00:00,,132.73333333333332,0.0,0.64,4.4783333333333335,250.0,11.733333333333333,16.066666666666666,
tracadie,2023-11-13 14:00:00+00:00,,217.9,0.0,1.5683333333333331,4.479333333333333,247.0,13.433333333333334,18.733333333333334,
tracadie,2023-11-13 15:00:00+00:00,,143.6,0.0,1.8359999999999999,4.48075,251.0,13.833333333333334,19.733333333333334,
tracadie,2023-11-13 16:00:00+00:00,,177.86666666666667,0.0,2.0483333333333333,4.480583333333334,258.0,15.7,21.9,
tracadie,2023-11-13 17:00:00+00:00,,187.83333333333334,0.0,2.6016666666666666,4.4816666666666665,279.0,14.066666666666666,20.233333333333334,
tracadie,2023-11-13 18:00:00+00:00,,190.16666666666666,0.0,2.896666666666667,4.4805,275.0,15.366666666666667,20.866666666666667,
tracadie,2023-11-13 19:00:00+00:00,,99.2,0.0,2.508666666666667,4.482916666666667,272.0,13.333333333333334,18.066666666666666,
tracadie,2023-11-13 20:00:00+00:00,,6.0,0.0,1.268,4.444333333333334,268.0,8.5,11.633333333333333,
tracadie,2023-11-13 21:00:00+00:00,,1.0,0.0,1.276,4.366333333333333,215.0,8.7,12.366666666666667,
tracadie,2023-11-13 22:00:00+00:00,,1.0,0.0,0.5823333333333333,4.337083333333333,247.0,7.466666666666667,10.933333333333334,
tracadie,2023-11-13 23:00:00+00:00,,1.0,0.0,0.36166666666666664,4.3180000000000005,237.0,5.466666666666667,7.566666666666666,
tracadie,2023-11-14 00:00:00+00:00,,1.0,0.0,0.36033333333333334,4.303083333333333,244.0,6.933333333333334,10.166666666666666,
tracadie,2023-11-14 01:00:00+00:00,,1.0,0.0,0.3486666666666666,4.28925,250.0,3.4,5.266666666666667,
tracadie,2023-11-14 02:00:00+00:00,,1.0,0.0,0.14466666666666667,4.273666666666666,198.0,6.033333333333333,7.6,
tracadie,2023-11-14 03:00:00+00:00,,1.0,0.0,0.023666666666666666,4.2588333333333335,241.0,7.466666666666667,10.166666666666666,
tracadie,2023-11-14 04:00:00+00:00,,1.0,0.0,-0.10500000000000001,4.246416666666667,223.0,6.966666666666667,9.3,
tracadie,2023-11-14 05:00:00+00:00,,1.0,0.0,0.09666666666666666,4.236833333333333,239.0,5.933333333333334,7.933333333333334,
tracadie,2023-11-14 06:00:00+00:00,,1.0,0.0,0.253,4.2307500000000005,247.0,6.866666666666666,9.8,
tracadie,2023-11-14 07:00:00+00:00,,1.0,0.0,0.3393333333333333,4.226583333333333,258.0,7.3,10.866666666666667,
tracadie,2023-11-14 08:00:00+00:00,,1.0,0.0,0.33233333333333337,4.227166666666666,241.0,6.233333333333333,8.966666666666667,
tracadie,2023-11-14 09:00:00+00:00,,1.0,0.0,0.4533333333333333,4.2277499999999995,258.0,6.166666666666667,9.133333333333333,
tracadie,2023-11-14 10:00:00+00:00,,1.0,0.0,0.45466666666666666,4.22725,244.0,4.533333333333333,6.433333333333334,
tracadie,2023-11-14 11:00:00+00:00,,21.066666666666666,0.0,0.49433333333333335,4.306,232.0,4.233333333333333,5.7,
tracadie,2023-11-14 12:00:00+00:00,,117.63333333333334,0.0,0.9380000000000001,4.4742500000000005,211.0,4.2,5.366666666666666,
tracadie,2023-11-14 13:00:00+00:00,,139.5,0.0,1.7229999999999999,4.477333333333333,178.0,3.8666666666666667,4.9,
tracadie,2023-11-14 14:00:00+00:00,,170.03333333333333,0.0,2.6199999999999997,4.478583333333333,173.0,2.2,3.7,
tracadie,2023-11-14 15:00:00+00:00,,175.7,0.0,3.18,4.480583333333334,142.0,2.5,3.7333333333333334,
tracadie,2023-11-14 16:00:00+00:00,,130.13333333333333,0.0,2.7036666666666664,4.479916666666667,300.0,2.066666666666667,3.433333333333333,
tracadie,2023-11-14 17:00:00+00:00,,102.4,0.0,2.932666666666667,4.474916666666666,253.0,2.933333333333333,4.333333333333333,
tracadie,2023-11-14 18:00:00+00:00,,64.66666666666667,0.0,3.136,4.480916666666666,282.0,6.2,8.433333333333334,
tracadie,2023-11-14 19:00:00+00:00,,36.93333333333333,0.0,3.4263333333333335,4.481416666666667,10.0,13.1,16.9,
tracadie,2023-11-14 20:00:00+00:00,,4.0,0.0,3.4643333333333337,4.446,45.0,13.066666666666666,16.066666666666666,
tracadie,2023-11-14 21:00:00+00:00,,1.0,0.0,3.695,4.3709999999999996,14.0,14.766666666666667,17.733333333333334,
tracadie,2023-11-14 22:00:00+00:00,,1.0,0.0,2.989,4.3425,3.0,14.1,16.966666666666665,
tracadie,2023-11-14 23:00:00+00:00,,1.0,0.0,3.433,4.326583333333333,63.0,14.2,17.166666666666668,
tracadie,2023-11-15 00:00:00+00:00,,1.0,0.0,3.6403333333333334,4.315,7.0,17.4,21.8,
tracadie,2023-11-15 01:00:00+00:00,,1.0,0.0,3.4926666666666666,4.30375,358.0,18.9,23.4,
tracadie,2023-11-15 02:00:00+00:00,,1.0,0.0,3.5753333333333335,4.29025,11.0,22.633333333333333,28.3,
tracadie,2023-11-15 03:00:00+00:00,,1.0,0.0,3.592,4.2755,6.0,23.066666666666666,28.033333333333335,
tracadie,2023-11-15 04:00:00+00:00,,1.0,0.0,2.743666666666667,4.2635,4.0,16.4,20.966666666666665,
tracadie,2023-11-15 05:00:00+00:00,,1.0,0.0,2.1843333333333335,4.25075,340.0,11.266666666666667,13.966666666666667,
tracadie,2023-11-15 06:00:00+00:00,,1.0,0.0,2.803,4.243833333333334,1.0,15.3,19.733333333333334,
tracadie,2023-11-15 07:00:00+00:00,,1.0,0.0,3.252333333333333,4.2387500000000005,8.0,15.533333333333333,19.566666666666666,
tracadie,2023-11-15 08:00:00+00:00,,1.0,0.0,3.1873333333333336,4.2365,1.0,15.633333333333333,19.8,
tracadie,2023-11-15 09:00:00+00:00,,1.0,0.0,3.1726666666666667,4.236083333333333,348.0,12.9,16.4,
tracadie,2023-11-15 10:00:00+00:00,,1.0,0.0,3.7569999999999997,4.23625,8.0,13.1,17.066666666666666,
tracadie,2023-11-15 11:00:00+00:00,,9.933333333333334,0.0,2.557,4.283833333333333,336.0,5.633333333333334,8.3,
tracadie,2023-11-15 12:00:00+00:00,,70.63333333333334,0.0,2.925,4.4639999999999995,295.0,6.866666666666666,9.766666666666667,
tracadie,2023-11-15 13:00:00+00:00,,107.16666666666667,0.0,3.9183333333333334,4.47825,348.0,9.066666666666666,11.8,
tracadie,2023-11-15 14:00:00+00:00,,167.53333333333333,0.0,3.9156666666666666,4.478916666666667,11.0,9.9,13.166666666666666,
tracadie,2023-11-15 15:00:00+00:00,,209.06666666666666,0.0,3.5003333333333333,4.478666666666666,298.0,10.433333333333334,13.366666666666667,
tracadie,2023-11-15 16:00:00+00:00,,347.46666666666664,0.0,2.9986666666666664,4.480916666666666,243.0,10.333333333333334,14.133333333333333,
tracadie,2023-11-15 17:00:00+00:00,,180.26666666666668,0.0,2.964,4.482333333333333,265.0,11.1,15.2,
tracadie,2023-11-15 18:00:00+00:00,,139.06666666666666,0.0,3.364,4.482916666666667,271.0,8.733333333333333,12.466666666666667,
tracadie,2023-11-15 19:00:00+00:00,,51.166666666666664,0.0,3.256333333333333,4.481916666666667,261.0,7.266666666666667,10.866666666666667,
tracadie,2023-11-15 20:00:00+00:00,,5.5,0.0,2.8996666666666666,4.454,234.0,6.633333333333334,9.066666666666666,
tracadie,2023-11-15 21:00:00+00:00,,1.0,0.0,1.9016666666666668,4.374583333333333,234.0,4.333333333333333,5.7,
tracadie,2023-11-15 22:00:00+00:00,,1.0,0.0,1.335,4.345083333333333,185.0,4.533333333333333,5.633333333333334,
tracadie,2023-11-15 23:00:00+00:00,,1.0,0.0,1.167,4.328,145.0,3.7666666666666666,5.2,
tracadie,2023-11-16 00:00:00+00:00,,1.0,0.0,1.2666666666666666,4.315833333333333,136.0,4.8,5.9,
tracadie,2023-11-16 01:00:00+00:00,,1.0,0.0,1.2776666666666665,4.304583333333333,129.0,5.5,6.6,
tracadie,2023-11-16 02:00:00+00:00,,1.0,0.0,2.6270000000000002,4.29425,163.0,10.2,13.4,
tracadie,2023-11-16 03:00:00+00:00,,1.0,0.0,2.756,4.283166666666666,181.0,8.9,12.133333333333333,
tracadie,2023-11-16 04:00:00+00:00,,1.0,0.0,2.7623333333333333,4.272083333333334,170.0,7.6,10.533333333333333,
tracadie,2023-11-16 05:00:00+00:00,,1.0,0.0,2.977,4.261166666666667,180.0,7.133333333333334,10.266666666666667,
tracadie,2023-11-16 06:00:00+00:00,,1.0,0.0,3.3440000000000003,4.2508333333333335,187.0,9.133333333333333,12.0,
tracadie,2023-11-16 07:00:00+00:00,,1.0,0.0,3.6876666666666664,4.245,160.0,13.233333333333333,18.066666666666666,
tracadie,2023-11-16 08:00:00+00:00,,1.0,0.0,3.9726666666666666,4.241416666666667,161.0,13.933333333333334,19.166666666666668,
tracadie,2023-11-16 09:00:00+00:00,,1.0,0.0,4.353,4.239416666666666,171.0,14.566666666666666,19.466666666666665,
tracadie,2023-11-16 10:00:00+00:00,,1.0,0.0,4.787999999999999,4.2385,191.0,11.933333333333334,16.8,
tracadie,2023-11-16 11:00:00+00:00,,5.333333333333333,0.0,5.200333333333333,4.254416666666667,199.0,10.966666666666667,14.533333333333333,
tracadie,2023-11-16 12:00:00+00:00,,36.86666666666667,0.0,5.357333333333333,4.442916666666666,208.0,12.0,15.7,
tracadie,2023-11-16 13:00:00+00:00,,57.13333333333333,0.0,5.767333333333334,4.477250000000001,206.0,14.933333333333334,20.1,
tracadie,2023-11-16 14:00:00+00:00,,103.13333333333334,0.0,5.911666666666666,4.4777499999999995,229.0,13.966666666666667,18.566666666666666,
tracadie,2023-11-16 15:00:00+00:00,,180.16666666666666,0.0,6.487,4.480916666666666,247.0,11.633333333333333,16.766666666666666,
tracadie,2023-11-16 16:00:00+00:00,,408.73333333333335,0.0,7.445666666666667,4.4831666666666665,247.0,17.3,24.5,
tracadie,2023-11-16 17:00:00+00:00,,309.3333333333333,0.0,7.683666666666666,4.48275,270.0,19.1,26.333333333333332,
tracadie,2023-11-16 18:00:00+00:00,,210.4,0.0,7.786333333333333,4.484583333333333,272.0,19.466666666666665,27.166666666666668,
tracadie,2023-11-16 19:00:00+00:00,,100.5,0.0,7.618666666666667,4.485333333333333,281.0,15.3,21.3,
tracadie,2023-11-16 20:00:00+00:00,,11.9,0.0,7.263999999999999,4.456833333333333,260.0,14.266666666666667,19.833333333333332,
tracadie,2023-11-16 21:00:00+00:00,,1.0,0.0,7.157666666666667,4.376666666666667,279.0,20.833333333333332,28.633333333333333,
tracadie,2023-11-16 22:00:00+00:00,,1.0,0.0,6.550666666666667,4.352333333333333,281.0,28.333333333333332,35.266666666666666,
tracadie,2023-11-16 23:00:00+00:00,,1.0,0.0,6.28,4.3382499999999995,307.0,26.466666666666665,33.3,
tracadie,2023-11-17 00:00:00+00:00,,1.0,0.0,5.938000000000001,4.328,306.0,27.9,35.03333333333333,
tracadie,2023-11-17 01:00:00+00:00,,1.0,0.0,5.6530000000000005,4.319500000000001,307.0,24.833333333333332,32.46666666666667,
tracadie,2023-11-17 02:00:00+00:00,,1.0,0.0,5.426,4.3115,292.0,25.633333333333333,33.2,
tracadie,2023-11-17 03:00:00+00:00,,1.0,0.0,5.315333333333333,4.304250000000001,314.0,23.833333333333332,29.966666666666665,
tracadie,2023-11-17 04:00:00+00:00,,1.0,0.0,5.367333333333334,4.29525,300.0,23.266666666666666,29.033333333333335,
tracadie,2023-11-17 05:00:00+00:00,,1.0,0.0,5.231,4.2875000000000005,299.0,16.1,20.466666666666665,
tracadie,2023-11-17 06:00:00+00:00,,1.0,0.0,3.680333333333333,4.278,312.0,9.566666666666666,12.466666666666667,
tracadie,2023-11-17 07:00:00+00:00,,1.0,0.0,1.5136666666666665,4.265416666666667,194.0,5.833333333333333,7.233333333333333,
tracadie,2023-11-17 08:00:00+00:00,,1.0,0.0,0.5686666666666667,4.253416666666666,205.0,3.7,5.0,
tracadie,2023-11-17 09:00:00+00:00,,1.0,0.0,0.06666666666666667,4.24425,167.0,7.766666666666667,9.566666666666666,
tracadie,2023-11-17 10:00:00+00:00,,1.0,0.0,-0.331,4.23775,175.0,5.0,5.966666666666667,
tracadie,2023-11-17 11:00:00+00:00,,31.4,0.0,-0.1,4.385416666666667,171.0,6.266666666666667,7.6,
tracadie,2023-11-17 12:00:00+00:00,,144.23333333333332,0.0,2.182666666666667,4.477916666666666,154.0,10.433333333333334,13.2,
tracadie,2023-11-17 13:00:00+00:00,,228.46666666666667,0.0,4.426666666666667,4.4783333333333335,146.0,14.866666666666667,19.933333333333334,
tracadie,2023-11-17 14:00:00+00:00,,364.3333333333333,0.0,6.069333333333333,4.48025,170.0,20.8,28.3,
tracadie,2023-11-17 15:00:00+00:00,,367.46666666666664,0.0,6.832666666666666,4.48175,161.0,21.966666666666665,28.633333333333333,
tracadie,2023-11-17 16:00:00+00:00,,381.6333333333333,0.0,7.2716666666666665,4.48175,166.0,20.533333333333335,28.433333333333334,
tracadie,2023-11-17 17:00:00+00:00,,251.13333333333333,0.0,7.994666666666666,4.482666666666667,152.0,21.2,28.633333333333333,
tracadie,2023-11-17 18:00:00+00:00,,195.13333333333333,0.0,8.542,4.48225,154.0,22.866666666666667,31.133333333333333,
tracadie,2023-11-17 19:00:00+00:00,,98.7,0.0,8.901000000000002,4.484166666666667,159.0,21.666666666666668,29.233333333333334,
tracadie,2023-11-17 20:00:00+00:00,,9.6,0.0,8.330333333333334,4.457666666666666,139.0,17.8,23.733333333333334,
tracadie,2023-11-17 21:00:00+00:00,,1.0,0.0,8.496666666666666,4.3773333333333335,143.0,21.4,28.366666666666667,
tracadie,2023-11-17 22:00:00+00:00,,1.0,0.0,8.351333333333333,4.352333333333333,142.0,26.433333333333334,36.03333333333333,
tracadie,2023-11-17 23:00:00+00:00,,1.0,0.0,8.256333333333334,4.339083333333334,152.0,30.833333333333332,41.266666666666666,
tracadie,2023-11-18 00:00:00+00:00,,1.0,0.0,8.514333333333333,4.32975,153.0,30.433333333333334,41.4,
tracadie,2023-11-18 01:00:00+00:00,,1.0,0.0,8.817333333333332,4.322166666666667,153.0,26.4,35.9,
tracadie,2023-11-18 02:00:00+00:00,,1.0,0.0,9.101333333333335,4.314333333333333,159.0,27.3,36.5,
tracadie,2023-11-18 03:00:00+00:00,,1.0,0.0,9.443666666666667,4.3065,167.0,23.766666666666666,32.6,
tracadie,2023-11-18 04:00:00+00:00,,1.0,0.0,9.960333333333333,4.299416666666667,161.0,26.833333333333332,36.833333333333336,
tracadie,2023-11-18 05:00:00+00:00,,1.0,0.0,10.708,4.2902499999999995,161.0,28.4,39.766666666666666,
tracadie,2023-11-18 06:00:00+00:00,,1.0,0.0,10.826,4.2828333333333335,163.0,26.3,35.53333333333333,
tracadie,2023-11-18 07:00:00+00:00,,1.0,0.0,10.673333333333334,4.2755,161.0,24.366666666666667,33.8,
tracadie,2023-11-18 08:00:00+00:00,,1.0,0.0,10.879333333333333,4.26925,160.0,23.866666666666667,32.56666666666667,
tracadie,2023-11-18 09:00:00+00:00,,1.0,0.0,11.353666666666667,4.26425,160.0,22.333333333333332,30.1,
tracadie,2023-11-18 10:00:00+00:00,,1.0,0.0,11.621333333333332,4.261833333333333,156.0,26.2,35.333333333333336,
tracadie,2023-11-18 11:00:00+00:00,,7.233333333333333,0.0,12.165666666666668,4.289,154.0,27.166666666666668,36.8,
tracadie,2023-11-18 12:00:00+00:00,,40.833333333333336,0.0,12.890333333333333,4.4615,159.0,25.933333333333334,34.93333333333333,
tracadie,2023-11-18 13:00:00+00:00,,83.13333333333334,0.0,13.786666666666667,4.48025,163.0,26.4,36.766666666666666,
tracadie,2023-11-18 14:00:00+00:00,,71.8,0.0,14.009666666666668,4.484916666666666,157.0,23.466666666666665,32.53333333333333,
tracadie,2023-11-18 15:00:00+00:00,,100.63333333333334,0.0,14.556666666666667,4.4863333333333335,163.0,24.766666666666666,33.266666666666666,
tracadie,2023-11-18 16:00:00+00:00,,65.83333333333333,0.0,14.610999999999999,4.489166666666667,157.0,25.233333333333334,33.8,
tracadie,2023-11-18 17:00:00+00:00,,48.36666666666667,0.0,14.446666666666665,4.488833333333333,159.0,21.766666666666666,29.8,
tracadie,2023-11-18 18:00:00+00:00,,19.366666666666667,0.0,14.059666666666667,4.496166666666666,156.0,19.866666666666667,27.2,
tracadie,2023-11-18 19:00:00+00:00,,9.866666666666667,0.0,13.681333333333333,4.467333333333333,157.0,20.1,27.3,
tracadie,2023-11-18 20:00:00+00:00,,1.2333333333333334,0.0,13.481333333333334,4.391333333333333,145.0,17.2,22.933333333333334,
tracadie,2023-11-18 21:00:00+00:00,,1.0,0.0,13.192333333333332,4.360333333333333,142.0,15.9,20.666666666666668,
tracadie,2023-11-18 22:00:00+00:00,,1.0,0.0,13.341333333333333,4.348166666666667,132.0,12.966666666666667,16.633333333333333,
tracadie,2023-11-18 23:00:00+00:00,,1.0,0.0,13.121666666666666,4.340583333333334,125.0,6.433333333333334,8.8,
tracadie,2023-11-19 00:00:00+00:00,,1.0,0.0,9.58,4.333583333333333,86.0,20.066666666666666,25.0,
tracadie,2023-11-19 01:00:00+00:00,,1.0,0.0,6.644666666666667,4.324416666666667,337.0,48.53333333333333,60.43333333333333,
tracadie,2023-11-19 02:00:00+00:00,,1.0,0.0,6.099,4.30975,338.0,52.53333333333333,67.1,
tracadie,2023-11-19 03:00:00+00:00,,1.0,0.0,5.8966666666666665,4.3075,326.0,44.46666666666667,56.53333333333333,
tracadie,2023-11-19 04:00:00+00:00,,1.0,0.0,6.066999999999999,4.303083333333333,324.0,40.7,50.03333333333333,
tracadie,2023-11-19 05:00:00+00:00,,1.0,0.0,5.8773333333333335,4.2995,306.0,37.766666666666666,46.766666666666666,
tracadie,2023-11-19 06:00:00+00:00,,1.0,0.0,5.476,4.294416666666667,295.0,37.2,47.733333333333334,
tracadie,2023-11-19 07:00:00+00:00,,1.0,0.0,5.135666666666666,4.2900833333333335,286.0,34.733333333333334,45.1,
tracadie,2023-11-19 08:00:00+00:00,,1.0,0.0,4.526333333333333,4.285333333333333,282.0,26.666666666666668,37.06666666666667,
tracadie,2023-11-19 09:00:00+00:00,,1.0,0.0,3.6606666666666667,4.279,264.0,17.333333333333332,24.166666666666668,
tracadie,2023-11-19 10:00:00+00:00,,1.0,0.0,2.8930000000000002,4.27325,256.0,16.133333333333333,23.0,
tracadie,2023-11-19 11:00:00+00:00,,12.333333333333334,0.0,2.004,4.3285833333333334,243.0,16.166666666666668,22.333333333333332,
tracadie,2023-11-19 12:00:00+00:00,,102.26666666666667,0.0,1.4563333333333333,4.473833333333333,264.0,17.066666666666666,24.0,
tracadie,2023-11-19 13:00:00+00:00,,305.9,0.0,1.5296666666666667,4.479666666666667,241.0,19.833333333333332,27.566666666666666,
tracadie,2023-11-19 14:00:00+00:00,,248.2,0.0,1.7036666666666667,4.481,230.0,17.233333333333334,24.333333333333332,
tracadie,2023-11-19 15:00:00+00:00,,444.53333333333336,0.0,2.325,4.482166666666667,261.0,14.233333333333333,20.066666666666666,
tracadie,2023-11-19 16:00:00+00:00,,382.96666666666664,0.0,2.6863333333333332,4.483416666666667,263.0,16.366666666666667,22.633333333333333,
tracadie,2023-11-19 17:00:00+00:00,,366.8333333333333,0.0,3.1723333333333334,4.484083333333333,244.0,14.533333333333333,21.1,
tracadie,2023-11-19 18:00:00+00:00,,267.6,0.0,3.925,4.484333333333333,234.0,14.266666666666667,19.933333333333334,
tracadie,2023-11-19 19:00:00+00:00,,137.66666666666666,0.0,4.094666666666667,4.485833333333333,230.0,11.6,16.566666666666666,
tracadie,2023-11-19 20:00:00+00:00,,15.333333333333334,0.0,2.869333333333333,4.472833333333333,256.0,8.933333333333334,12.8,
tracadie,2023-11-19 21:00:00+00:00,,1.0,0.0,2.316666666666667,4.38375,227.0,6.866666666666666,9.7,
tracadie,2023-11-19 22:00:00+00:00,,1.0,0.0,2.156,4.346166666666667,256.0,7.2,10.366666666666667,
tracadie,2023-11-19 23:00:00+00:00,,1.0,0.0,1.5103333333333333,4.329083333333333,205.0,7.133333333333334,9.533333333333333,
tracadie,2023-11-20 00:00:00+00:00,,1.0,0.0,1.1436666666666668,4.316666666666666,199.0,6.966666666666667,8.6,
tracadie,2023-11-20 01:00:00+00:00,,1.0,0.0,0.9736666666666667,4.291916666666666,201.0,5.133333333333334,6.433333333333334,
tracadie,2023-11-20 02:00:00+00:00,,1.0,0.0,1.1573333333333333,4.2865,229.0,5.433333333333334,7.3,
tracadie,2023-11-20 03:00:00+00:00,,1.0,0.0,0.99,4.274583333333333,250.0,7.166666666666667,9.5,
tracadie,2023-11-20 04:00:00+00:00,,1.0,0.0,0.5426666666666667,4.2651666666666666,215.0,9.033333333333333,11.566666666666666,
tracadie,2023-11-20 05:00:00+00:00,,1.0,0.0,0.8376666666666667,4.258249999999999,219.0,10.833333333333334,13.333333333333334,
tracadie,2023-11-20 06:00:00+00:00,,1.0,0.0,1.23,4.254083333333333,234.0,8.466666666666667,11.533333333333333,
tracadie,2023-11-20 07:00:00+00:00,,1.0,0.0,1.688,4.24975,239.0,7.033333333333333,10.066666666666666,
tracadie,2023-11-20 08:00:00+00:00,,1.0,0.0,1.962,4.24825,233.0,8.933333333333334,11.633333333333333,
tracadie,2023-11-20 09:00:00+00:00,,1.0,0.0,1.782,4.2452499999999995,239.0,9.066666666666666,11.666666666666666,
tracadie,2023-11-20 10:00:00+00:00,,1.0,0.0,1.8123333333333334,4.241750000000001,236.0,9.933333333333334,12.9,
tracadie,2023-11-20 11:00:00+00:00,,4.7,0.0,1.5933333333333335,4.254333333333333,229.0,10.133333333333333,13.033333333333333,
tracadie,2023-11-20 12:00:00+00:00,,28.5,0.0,1.9673333333333332,4.438,237.0,9.0,12.4,
tracadie,2023-11-20 13:00:00+00:00,,42.86666666666667,0.0,1.536,4.4742500000000005,234.0,13.033333333333333,18.533333333333335,
tracadie,2023-11-20 14:00:00+00:00,,52.13333333333333,0.0,1.3159999999999998,4.478,251.0,17.833333333333332,24.6,
tracadie,2023-11-20 15:00:00+00:00,,102.4,0.0,1.8419999999999999,4.4783333333333335,268.0,24.966666666666665,34.233333333333334,
tracadie,2023-11-20 16:00:00+00:00,,182.5,0.0,1.7463333333333333,4.479166666666667,284.0,24.233333333333334,33.266666666666666,
tracadie,2023-11-20 17:00:00+00:00,,168.33333333333334,0.0,1.595,4.481083333333333,272.0,23.1,31.966666666666665,
tracadie,2023-11-20 18:00:00+00:00,,242.0,0.0,1.9383333333333332,4.481333333333334,272.0,23.766666666666666,33.1,
tracadie,2023-11-20 19:00:00+00:00,,143.0,0.0,1.7436666666666667,4.4824166666666665,275.0,22.633333333333333,31.133333333333333,
tracadie,2023-11-20 20:00:00+00:00,,9.6,0.0,0.48333333333333334,4.461666666666667,265.0,18.1,26.566666666666666,
tracadie,2023-11-20 21:00:00+00:00,,1.0,0.0,-0.45399999999999996,4.375666666666667,246.0,21.8,30.033333333333335,
tracadie,2023-11-20 22:00:00+00:00,,1.0,0.0,-0.12466666666666668,4.340833333333333,247.0,30.0,38.36666666666667,
tracadie,2023-11-20 23:00:00+00:00,,1.0,0.0,0.4123333333333334,4.323416666666667,313.0,36.06666666666667,43.666666666666664,
tracadie,2023-11-21 00:00:00+00:00,,1.0,0.0,0.13233333333333333,4.311583333333333,334.0,34.233333333333334,42.266666666666666,
tracadie,2023-11-21 01:00:00+00:00,,1.0,0.0,0.6826666666666666,4.29975,338.0,28.3,35.666666666666664,
tracadie,2023-11-21 02:00:00+00:00,,1.0,0.0,1.5253333333333332,4.290333333333334,326.0,31.933333333333334,39.733333333333334,
tracadie,2023-11-21 03:00:00+00:00,,1.0,0.0,1.1626666666666667,4.277916666666667,305.0,30.533333333333335,38.5,
tracadie,2023-11-21 04:00:00+00:00,,1.0,0.0,0.030333333333333354,4.264333333333333,327.0,27.633333333333333,34.53333333333333,
tracadie,2023-11-21 05:00:00+00:00,,1.0,0.0,0.8156666666666667,4.25275,310.0,29.566666666666666,37.53333333333333,
tracadie,2023-11-21 06:00:00+00:00,,1.0,0.0,1.1783333333333335,4.245333333333334,319.0,32.8,42.2,
tracadie,2023-11-21 07:00:00+00:00,,1.0,0.0,0.9606666666666667,4.239,306.0,32.03333333333333,40.03333333333333,
tracadie,2023-11-21 08:00:00+00:00,,1.0,0.0,1.0136666666666667,4.236,320.0,32.0,39.766666666666666,
tracadie,2023-11-21 09:00:00+00:00,,1.0,0.0,0.4343333333333333,4.2331666666666665,288.0,26.5,34.56666666666667,
tracadie,2023-11-21 10:00:00+00:00,,1.0,0.0,1.0786666666666667,4.231083333333333,327.0,26.2,34.13333333333333,
tracadie,2023-11-21 11:00:00+00:00,,9.7,0.0,1.3046666666666666,4.2995833333333335,7.0,30.366666666666667,37.63333333333333,
tracadie,2023-11-21 12:00:00+00:00,,68.23333333333333,0.0,1.5090000000000001,4.470666666666666,344.0,31.366666666666667,39.3,
tracadie,2023-11-21 13:00:00+00:00,,153.96666666666667,0.0,0.8023333333333333,4.476666666666667,313.0,27.433333333333334,34.53333333333333,
tracadie,2023-11-21 14:00:00+00:00,,184.9,0.0,1.5616666666666668,4.472,336.0,23.2,29.366666666666667,
tracadie,2023-11-21 15:00:00+00:00,,270.46666666666664,0.0,1.6219999999999999,4.47825,347.0,26.833333333333332,33.8,
tracadie,2023-11-21 16:00:00+00:00,,201.83333333333334,0.0,2.03,4.480166666666666,302.0,29.266666666666666,35.766666666666666,
tracadie,2023-11-21 17:00:00+00:00,,204.1,0.0,2.2656666666666667,4.483833333333333,1.0,21.433333333333334,27.2,
tracadie,2023-11-21 18:00:00+00:00,,88.8,0.0,0.743,4.48175,296.0,19.7,25.0,
tracadie,2023-11-21 19:00:00+00:00,,37.5,0.0,2.266,4.485416666666667,293.0,25.166666666666668,31.933333333333334,
tracadie,2023-11-21 20:00:00+00:00,,7.3,0.0,2.2893333333333334,4.452416666666667,295.0,22.8,28.133333333333333,
tracadie,2023-11-21 21:00:00+00:00,,1.0,0.0,2.3953333333333333,4.370666666666667,314.0,23.8,29.5,
tracadie,2023-11-21 22:00:00+00:00,,1.0,0.0,2.2479999999999998,4.343083333333333,323.0,22.866666666666667,29.433333333333334,
tracadie,2023-11-21 23:00:00+00:00,,1.0,0.0,2.1846666666666668,4.326083333333333,327.0,17.3,22.166666666666668,
tracadie,2023-11-22 00:00:00+00:00,,1.0,0.0,2.126,4.314583333333333,312.0,14.833333333333334,19.533333333333335,
tracadie,2023-11-22 01:00:00+00:00,,1.0,0.0,2.197,4.303083333333333,313.0,10.2,13.933333333333334,
tracadie,2023-11-22 02:00:00+00:00,,1.0,0.0,2.2070000000000003,4.291083333333334,352.0,7.733333333333333,11.0,
tracadie,2023-11-22 03:00:00+00:00,,1.0,0.0,2.003,4.277916666666667,350.0,6.533333333333333,8.966666666666667,
tracadie,2023-11-22 04:00:00+00:00,,1.0,0.0,0.7203333333333333,4.2644166666666665,202.0,8.9,11.633333333333333,
tracadie,2023-11-22 05:00:00+00:00,,1.0,0.0,0.476,4.251333333333333,244.0,8.3,10.933333333333334,
tracadie,2023-11-22 06:00:00+00:00,,1.0,0.0,0.356,4.242333333333334,237.0,5.033333333333333,7.0,
tracadie,2023-11-22 07:00:00+00:00,,1.0,0.0,-0.085,4.235666666666667,244.0,4.933333333333334,6.633333333333334,
tracadie,2023-11-22 08:00:00+00:00,,1.0,0.0,-0.336,4.232,180.0,9.2,11.2,
tracadie,2023-11-22 09:00:00+00:00,,1.0,0.0,-0.6866666666666668,4.228833333333333,185.0,7.4,9.566666666666666,
tracadie,2023-11-22 10:00:00+00:00,,1.0,0.0,-0.735,4.226916666666667,190.0,6.2,8.133333333333333,
tracadie,2023-11-22 11:00:00+00:00,,7.3,0.0,-0.737,4.2668333333333335,159.0,3.8666666666666667,4.933333333333334,
tracadie,2023-11-22 12:00:00+00:00,,41.833333333333336,0.0,-0.068,4.457333333333334,142.0,5.0,6.033333333333333,
tracadie,2023-11-22 13:00:00+00:00,,88.2,0.0,0.909,4.477,136.0,7.966666666666667,10.866666666666667,
tracadie,2023-11-22 14:00:00+00:00,,176.8,0.0,2.0349999999999997,4.4792499999999995,124.0,13.733333333333333,18.0,
tracadie,2023-11-22 15:00:00+00:00,,177.03333333333333,0.0,2.391,4.47975,135.0,15.466666666666667,21.033333333333335,
tracadie,2023-11-22 16:00:00+00:00,,299.56666666666666,0.0,2.7656666666666667,4.4816666666666665,161.0,21.2,29.233333333333334,
tracadie,2023-11-22 17:00:00+00:00,,154.56666666666666,0.0,2.3553333333333333,4.481833333333333,152.0,20.4,27.033333333333335,
tracadie,2023-11-22 18:00:00+00:00,,66.76666666666667,0.0,2.228,4.476416666666666,136.0,17.8,23.533333333333335,
tracadie,2023-11-22 19:00:00+00:00,,18.266666666666666,0.0,2.125,4.481833333333333,125.0,16.7,21.533333333333335,
tracadie,2023-11-22 20:00:00+00:00,,2.3333333333333335,0.0,2.0663333333333336,4.414333333333333,122.0,15.2,20.266666666666666,
tracadie,2023-11-22 21:00:00+00:00,,1.0,0.0,2.067333333333333,4.358333333333333,124.0,14.533333333333333,18.7,
tracadie,2023-11-22 22:00:00+00:00,,1.0,0.0,2.158,4.33425,119.0,12.4,16.5,
tracadie,2023-11-22 23:00:00+00:00,,1.0,0.0,2.3356666666666666,4.3196666666666665,114.0,13.2,17.333333333333332,
tracadie,2023-11-23 00:00:00+00:00,,1.0,0.0,2.630666666666667,4.30525,114.0,12.833333333333334,16.333333333333332,
tracadie,2023-11-23 01:00:00+00:00,,1.0,0.0,2.723666666666667,4.292166666666667,104.0,13.1,16.8,
tracadie,2023-11-23 02:00:00+00:00,,1.0,0.0,2.633666666666667,4.27825,87.0,14.966666666666667,18.133333333333333,
tracadie,2023-11-23 03:00:00+00:00,,1.0,0.0,2.3983333333333334,4.265416666666667,98.0,17.633333333333333,21.966666666666665,
tracadie,2023-11-23 04:00:00+00:00,,1.0,0.0,2.038333333333333,4.252833333333333,93.0,16.266666666666666,20.2,
tracadie,2023-11-23 05:00:00+00:00,,1.0,0.0,1.785,4.242916666666667,91.0,18.1,22.6,
tracadie,2023-11-23 06:00:00+00:00,,1.0,0.0,2.647666666666667,4.237916666666667,98.0,22.766666666666666,28.0,
tracadie,2023-11-23 07:00:00+00:00,,1.0,0.0,3.2743333333333333,4.237333333333333,93.0,24.566666666666666,30.2,
tracadie,2023-11-23 08:00:00+00:00,,1.0,0.0,4.184333333333333,4.237916666666667,93.0,27.4,33.63333333333333,
tracadie,2023-11-23 09:00:00+00:00,,1.0,0.0,4.474333333333333,4.238666666666666,62.0,23.633333333333333,29.233333333333334,
tracadie,2023-11-23 10:00:00+00:00,,1.0,0.0,4.875666666666667,4.2396666666666665,67.0,18.966666666666665,23.0,
tracadie,2023-11-23 11:00:00+00:00,,1.6,0.0,5.336666666666667,4.242333333333334,66.0,30.166666666666668,36.5,
tracadie,2023-11-23 12:00:00+00:00,,18.966666666666665,0.0,4.6290000000000004,4.381666666666667,69.0,27.5,33.03333333333333,
tracadie,2023-11-23 13:00:00+00:00,,18.566666666666666,0.0,4.497,4.480666666666667,48.0,24.4,28.7,
tracadie,2023-11-23 14:00:00+00:00,,56.0,0.0,4.921333333333333,4.477916666666666,52.0,22.866666666666667,27.133333333333333,
tracadie,2023-11-23 15:00:00+00:00,,83.23333333333333,0.0,5.678,4.4792499999999995,51.0,21.4,25.366666666666667,
tracadie,2023-11-23 16:00:00+00:00,,86.16666666666667,0.0,5.723333333333333,4.479,49.0,24.166666666666668,28.5,
tracadie,2023-11-23 17:00:00+00:00,,75.5,0.0,5.799333333333333,4.481416666666667,35.0,26.233333333333334,30.533333333333335,
tracadie,2023-11-23 18:00:00+00:00,,56.6,0.0,5.904666666666667,4.480583333333333,22.0,23.533333333333335,27.1,
tracadie,2023-11-23 19:00:00+00:00,,40.63333333333333,0.0,5.805000000000001,4.480333333333333,11.0,21.1,24.466666666666665,
tracadie,2023-11-23 20:00:00+00:00,,3.7333333333333334,0.0,5.884666666666666,4.431916666666667,358.0,17.8,22.0,
tracadie,2023-11-23 21:00:00+00:00,,1.0,0.0,5.668,4.365666666666667,337.0,18.0,22.066666666666666,
tracadie,2023-11-23 22:00:00+00:00,,1.0,0.0,5.449333333333333,4.342666666666667,300.0,22.3,28.233333333333334,
tracadie,2023-11-23 23:00:00+00:00,,1.0,0.0,5.6850000000000005,4.329666666666667,289.0,26.633333333333333,34.5,
tracadie,2023-11-24 00:00:00+00:00,,1.0,0.0,5.647,4.3205,288.0,31.633333333333333,40.5,
tracadie,2023-11-24 01:00:00+00:00,,1.0,0.0,5.601333333333333,4.3125,288.0,31.133333333333333,40.2,
tracadie,2023-11-24 02:00:00+00:00,,1.0,0.0,5.625,4.30225,295.0,30.8,39.63333333333333,
tracadie,2023-11-24 03:00:00+00:00,,1.0,0.0,5.4093333333333335,4.292333333333334,282.0,28.033333333333335,37.1,
tracadie,2023-11-24 04:00:00+00:00,,1.0,0.0,5.175333333333333,4.28275,281.0,29.466666666666665,39.333333333333336,
tracadie,2023-11-24 05:00:00+00:00,,1.0,0.0,4.465,4.261333333333333,260.0,17.6,25.333333333333332,
tracadie,2023-11-24 06:00:00+00:00,,1.0,0.0,3.591,4.2515833333333335,254.0,17.7,26.0,
tracadie,2023-11-24 07:00:00+00:00,,1.0,0.0,3.2583333333333333,4.244416666666667,261.0,23.6,34.4,
tracadie,2023-11-24 08:00:00+00:00,,1.0,0.0,3.296,4.239083333333333,264.0,21.6,30.233333333333334,
tracadie,2023-11-24 09:00:00+00:00,,1.0,0.0,3.0193333333333334,4.237,260.0,24.0,33.233333333333334,
tracadie,2023-11-24 10:00:00+00:00,,1.0,0.0,2.2253333333333334,4.2348333333333334,260.0,20.7,29.4,
tracadie,2023-11-24 11:00:00+00:00,,18.4,0.0,1.5530000000000002,4.335166666666667,261.0,17.666666666666668,25.6,
tracadie,2023-11-24 12:00:00+00:00,,153.13333333333333,0.0,1.5463333333333333,4.474083333333334,258.0,19.1,27.366666666666667,
tracadie,2023-11-24 13:00:00+00:00,,247.6,0.0,1.931,4.476916666666667,248.0,19.6,27.433333333333334,
tracadie,2023-11-24 14:00:00+00:00,,296.73333333333335,0.0,2.3036666666666665,4.477833333333334,241.0,19.433333333333334,27.566666666666666,
tracadie,2023-11-24 15:00:00+00:00,,150.0,0.0,2.6726666666666667,4.479833333333333,275.0,20.0,27.7,
tracadie,2023-11-24 16:00:00+00:00,,109.16666666666667,0.0,2.746666666666667,4.480416666666667,268.0,18.133333333333333,25.4,
tracadie,2023-11-24 17:00:00+00:00,,73.36666666666666,0.0,2.8273333333333337,4.4815,248.0,14.533333333333333,20.266666666666666,
tracadie,2023-11-24 18:00:00+00:00,,42.93333333333333,0.0,2.9949999999999997,4.480916666666666,271.0,12.766666666666667,17.566666666666666,
tracadie,2023-11-24 19:00:00+00:00,,16.1,1.6,2.1213333333333333,4.480583333333333,250.0,9.666666666666666,13.666666666666666,
tracadie,2023-11-24 20:00:00+00:00,,2.033333333333333,0.0,1.2626666666666668,4.436,230.0,8.6,12.3,
tracadie,2023-11-24 21:00:00+00:00,,1.0,0.0,0.5726666666666667,4.362333333333333,274.0,16.566666666666666,22.266666666666666,
tracadie,2023-11-24 22:00:00+00:00,,1.0,0.0,0.16933333333333334,4.33675,277.0,17.833333333333332,25.3,
tracadie,2023-11-24 23:00:00+00:00,,1.0,0.0,-0.2966666666666667,4.32075,240.0,12.533333333333333,17.7,
tracadie,2023-11-25 00:00:00+00:00,,1.0,0.0,-0.5636666666666666,4.30825,264.0,17.1,24.233333333333334,
tracadie,2023-11-25 01:00:00+00:00,,1.0,0.0,-2.119,4.2975,271.0,24.633333333333333,34.2,
tracadie,2023-11-25 02:00:00+00:00,,1.0,0.0,-3.1383333333333336,4.28575,260.0,19.166666666666668,26.7,
tracadie,2023-11-25 03:00:00+00:00,,1.0,0.0,-4.168,4.273333333333333,246.0,19.933333333333334,27.7,
tracadie,2023-11-25 04:00:00+00:00,,1.0,0.0,-5.0360000000000005,4.2597499999999995,254.0,20.666666666666668,29.333333333333332,
tracadie,2023-11-25 05:00:00+00:00,,1.0,0.0,-5.901333333333333,4.245416666666666,246.0,20.933333333333334,29.733333333333334,
tracadie,2023-11-25 06:00:00+00:00,,1.0,0.0,-6.252,4.233,257.0,20.866666666666667,28.266666666666666,
tracadie,2023-11-25 07:00:00+00:00,,1.0,0.0,-6.398,4.22175,237.0,23.1,30.466666666666665,
tracadie,2023-11-25 08:00:00+00:00,,1.0,0.0,-6.857333333333333,4.214166666666666,247.0,24.0,33.6,
tracadie,2023-11-25 09:00:00+00:00,,1.0,0.0,-7.158333333333333,4.207416666666666,246.0,23.4,33.733333333333334,
tracadie,2023-11-25 10:00:00+00:00,,1.0,0.0,-6.991666666666666,4.20475,247.0,22.066666666666666,29.933333333333334,
tracadie,2023-11-25 11:00:00+00:00,,8.2,0.0,-6.806333333333333,4.307416666666667,241.0,22.666666666666668,31.766666666666666,
tracadie,2023-11-25 12:00:00+00:00,,29.133333333333333,0.0,-6.363666666666666,4.4703333333333335,239.0,24.733333333333334,35.4,
tracadie,2023-11-25 13:00:00+00:00,,45.93333333333333,0.0,-5.704,4.475333333333333,247.0,26.1,37.4,
tracadie,2023-11-25 14:00:00+00:00,,79.33333333333333,0.0,-5.2843333333333335,4.477250000000001,256.0,24.833333333333332,35.1,
tracadie,2023-11-25 15:00:00+00:00,,111.43333333333334,0.0,-4.6419999999999995,4.476833333333333,248.0,22.7,32.36666666666667,
tracadie,2023-11-25 16:00:00+00:00,,102.83333333333333,0.0,-4.451,4.480333333333333,257.0,21.833333333333332,31.466666666666665,
tracadie,2023-11-25 17:00:00+00:00,,82.13333333333334,0.0,-4.137,4.480166666666666,272.0,18.666666666666668,26.666666666666668,
tracadie,2023-11-25 18:00:00+00:00,,54.63333333333333,0.0,-3.824,4.47975,260.0,17.4,24.766666666666666,
tracadie,2023-11-25 19:00:00+00:00,,28.233333333333334,0.0,-3.4309999999999996,4.4784999999999995,250.0,13.9,19.733333333333334,
tracadie,2023-11-25 20:00:00+00:00,,3.933333333333333,0.0,-4.189,4.46575,240.0,9.6,13.066666666666666,
tracadie,2023-11-25 21:00:00+00:00,,1.0,0.0,-5.169666666666667,4.3758333333333335,223.0,6.566666666666666,8.766666666666667,
tracadie,2023-11-25 22:00:00+00:00,,1.0,0.0,-5.617999999999999,4.33,213.0,9.233333333333333,12.266666666666667,
tracadie,2023-11-25 23:00:00+00:00,,1.0,0.0,-4.675333333333333,4.30525,220.0,14.0,18.4,
tracadie,2023-11-26 00:00:00+00:00,,1.0,0.0,-4.575,4.28375,205.0,13.066666666666666,18.066666666666666,
tracadie,2023-11-26 01:00:00+00:00,,1.0,0.0,-4.367,4.26325,222.0,14.966666666666667,19.966666666666665,
tracadie,2023-11-26 02:00:00+00:00,,1.0,0.0,-4.52,4.244666666666666,220.0,11.233333333333333,15.0,
tracadie,2023-11-26 03:00:00+00:00,,1.0,0.0,-4.5969999999999995,4.229666666666667,215.0,10.233333333333333,13.566666666666666,
tracadie,2023-11-26 04:00:00+00:00,,1.0,0.0,-4.886,4.219333333333333,195.0,10.033333333333333,12.966666666666667,
tracadie,2023-11-26 05:00:00+00:00,,1.0,0.0,-4.579,4.214583333333334,180.0,10.766666666666667,14.133333333333333,
tracadie,2023-11-26 06:00:00+00:00,,1.0,0.0,-3.698,4.2115833333333335,199.0,11.4,14.866666666666667,
tracadie,2023-11-26 07:00:00+00:00,,1.0,0.0,-3.3890000000000002,4.212000000000001,206.0,10.866666666666667,13.8,
tracadie,2023-11-26 08:00:00+00:00,,1.0,0.0,-3.784,4.21225,215.0,6.833333333333333,9.566666666666666,
tracadie,2023-11-26 09:00:00+00:00,,1.0,0.0,-3.848,4.2135,187.0,9.533333333333333,12.5,
tracadie,2023-11-26 10:00:00+00:00,,1.0,0.0,-3.616,4.213333333333334,187.0,8.6,11.733333333333333,
tracadie,2023-11-26 11:00:00+00:00,,3.066666666666667,0.0,-3.115666666666667,4.2843333333333335,194.0,9.8,12.4,
tracadie,2023-11-26 12:00:00+00:00,,16.033333333333335,0.0,-1.767,4.470583333333333,192.0,10.733333333333333,14.7,
tracadie,2023-11-26 13:00:00+00:00,,40.666666666666664,0.0,-0.7110000000000001,4.476,208.0,7.0,9.733333333333333,
tracadie,2023-11-26 14:00:00+00:00,,58.166666666666664,0.0,0.789,4.477833333333334,209.0,10.633333333333333,15.2,
tracadie,2023-11-26 15:00:00+00:00,,57.4,0.0,1.8063333333333333,4.476416666666666,218.0,14.966666666666667,19.9,
tracadie,2023-11-26 16:00:00+00:00,,60.03333333333333,0.0,2.1686666666666667,4.4775833333333335,206.0,14.9,20.433333333333334,
tracadie,2023-11-26 17:00:00+00:00,,61.63333333333333,0.0,2.588,4.474583333333333,212.0,13.366666666666667,17.766666666666666,
tracadie,2023-11-26 18:00:00+00:00,,50.766666666666666,0.0,3.4236666666666666,4.480166666666666,174.0,12.966666666666667,17.533333333333335,
tracadie,2023-11-26 19:00:00+00:00,,28.133333333333333,0.0,3.5206666666666666,4.482666666666667,185.0,11.3,15.166666666666666,
tracadie,2023-11-26 20:00:00+00:00,,3.7333333333333334,0.0,1.9676666666666667,4.4575000000000005,159.0,6.766666666666667,8.7,
tracadie,2023-11-26 21:00:00+00:00,,1.0,0.0,0.903,4.374583333333333,140.0,6.333333333333333,8.2,
tracadie,2023-11-26 22:00:00+00:00,,1.0,0.0,1.2653333333333334,4.34425,147.0,6.6,8.466666666666667,
tracadie,2023-11-26 23:00:00+00:00,,1.0,0.0,1.5710000000000002,4.325833333333333,171.0,8.866666666666667,11.766666666666667,
tracadie,2023-11-27 00:00:00+00:00,,1.0,0.0,1.5713333333333332,4.314333333333333,167.0,6.1,7.966666666666667,
tracadie,2023-11-27 01:00:00+00:00,,1.0,0.0,1.8343333333333334,4.3012500000000005,161.0,9.7,13.233333333333333,
tracadie,2023-11-27 02:00:00+00:00,,1.0,0.0,2.4223333333333334,4.291666666666667,166.0,12.166666666666666,16.0,
tracadie,2023-11-27 03:00:00+00:00,,1.0,0.0,2.3253333333333335,4.279916666666667,159.0,9.833333333333334,13.033333333333333,
tracadie,2023-11-27 04:00:00+00:00,,1.0,0.0,2.042666666666667,4.26825,159.0,8.3,11.433333333333334,
tracadie,2023-11-27 05:00:00+00:00,,1.0,0.0,1.0166666666666666,4.2556666666666665,133.0,6.5,8.0,
tracadie,2023-11-27 06:00:00+00:00,,1.0,0.0,0.4166666666666667,4.2450833333333335,108.0,7.366666666666666,9.333333333333334,
tracadie,2023-11-27 07:00:00+00:00,,1.0,0.0,1.2616666666666667,4.237333333333333,122.0,12.233333333333333,15.233333333333333,
tracadie,2023-11-27 08:00:00+00:00,,1.0,0.0,1.3590000000000002,4.2335,125.0,14.266666666666667,18.666666666666668,
tracadie,2023-11-27 09:00:00+00:00,,1.0,0.0,1.7086666666666666,4.232333333333333,119.0,11.633333333333333,15.333333333333334,
tracadie,2023-11-27 10:00:00+00:00,,1.0,0.0,2.3386666666666667,4.2316666666666665,108.0,12.7,16.033333333333335,
tracadie,2023-11-27 11:00:00+00:00,,1.2,0.0,2.148,4.2435833333333335,115.0,13.5,17.233333333333334,
tracadie,2023-11-27 12:00:00+00:00,,5.766666666666667,0.0,2.6573333333333333,4.3555,112.0,15.9,20.066666666666666,
tracadie,2023-11-27 13:00:00+00:00,,21.466666666666665,0.0,3.3856666666666664,4.472,111.0,22.666666666666668,29.433333333333334,
tracadie,2023-11-27 14:00:00+00:00,,16.933333333333334,0.0,4.0793333333333335,4.476333333333334,104.0,27.833333333333332,35.43333333333333,
tracadie,2023-11-27 15:00:00+00:00,,13.2,0.0,4.686333333333334,4.476333333333334,102.0,30.333333333333332,39.2,
tracadie,2023-11-27 16:00:00+00:00,,22.066666666666666,0.0,5.646,4.478083333333333,105.0,33.0,42.8,
tracadie,2023-11-27 17:00:00+00:00,,16.233333333333334,0.0,6.289,4.477833333333334,108.0,37.833333333333336,49.233333333333334,
tracadie,2023-11-27 18:00:00+00:00,,15.833333333333334,0.0,7.036333333333333,4.479666666666667,110.0,35.63333333333333,46.43333333333333,
tracadie,2023-11-27 19:00:00+00:00,,7.7,0.8,6.873333333333333,4.482166666666667,105.0,33.333333333333336,43.1,
tracadie,2023-11-27 20:00:00+00:00,,1.7,3.0,6.520333333333332,4.421083333333333,111.0,34.93333333333333,46.03333333333333,
tracadie,2023-11-27 21:00:00+00:00,,1.0,0.2,6.767666666666667,4.3635,98.0,38.93333333333333,50.266666666666666,
tracadie,2023-11-27 22:00:00+00:00,,1.0,0.2,7.601,4.343833333333333,112.0,39.166666666666664,52.06666666666667,
tracadie,2023-11-27 23:00:00+00:00,,1.0,0.0,8.582333333333334,4.333166666666667,117.0,43.233333333333334,57.96666666666667,
tracadie,2023-11-28 00:00:00+00:00,,1.0,0.0,8.898,4.324,119.0,33.333333333333336,44.8,
tracadie,2023-11-28 01:00:00+00:00,,1.0,4.8,8.579,4.315333333333333,146.0,21.833333333333332,30.033333333333335,
tracadie,2023-11-28 02:00:00+00:00,,1.0,11.0,7.649666666666667,4.30625,156.0,7.3,10.333333333333334,
tracadie,2023-11-28 03:00:00+00:00,,1.0,2.2,6.7540000000000004,4.29575,265.0,7.7,9.0,
tracadie,2023-11-28 04:00:00+00:00,,1.0,1.2000000000000002,6.431,4.285083333333334,334.0,4.866666666666666,6.0,
tracadie,2023-11-28 05:00:00+00:00,,1.0,0.4,5.603,4.274333333333334,295.0,13.366666666666667,18.7,
tracadie,2023-11-28 06:00:00+00:00,,1.0,0.0,4.109333333333334,4.264,265.0,17.866666666666667,25.0,
tracadie,2023-11-28 07:00:00+00:00,,1.0,0.0,3.1569999999999996,4.2545,254.0,18.633333333333333,26.5,
tracadie,2023-11-28 08:00:00+00:00,,1.0,0.0,2.634333333333333,4.247083333333333,250.0,16.2,22.766666666666666,
tracadie,2023-11-28 09:00:00+00:00,,1.0,0.0,2.2873333333333337,4.2410000000000005,232.0,12.6,16.433333333333334,
tracadie,2023-11-28 10:00:00+00:00,,1.0,0.0,2.1966666666666668,4.236416666666667,230.0,11.2,14.9,
tracadie,2023-11-28 11:00:00+00:00,,10.4,0.0,1.6386666666666667,4.299333333333333,227.0,13.766666666666667,17.933333333333334,
tracadie,2023-11-28 12:00:00+00:00,,123.26666666666667,0.0,1.5726666666666667,4.471916666666667,232.0,12.933333333333334,17.466666666666665,
tracadie,2023-11-28 13:00:00+00:00,,245.73333333333332,0.0,2.2426666666666666,4.476666666666667,233.0,16.233333333333334,22.166666666666668,
tracadie,2023-11-28 14:00:00+00:00,,336.06666666666666,0.0,2.9383333333333335,4.478000000000001,233.0,17.466666666666665,25.133333333333333,
tracadie,2023-11-28 15:00:00+00:00,,383.9,0.0,3.561,4.480083333333333,260.0,17.2,24.866666666666667,
tracadie,2023-11-28 16:00:00+00:00,,326.93333333333334,0.0,3.9956666666666667,4.48025,265.0,14.1,19.466666666666665,
tracadie,2023-11-28 17:00:00+00:00,,339.8666666666667,0.0,4.503666666666667,4.48075,230.0,13.766666666666667,18.5,
tracadie,2023-11-28 18:00:00+00:00,,108.56666666666666,0.0,3.7239999999999998,4.480583333333333,219.0,16.533333333333335,21.366666666666667,
tracadie,2023-11-28 19:00:00+00:00,,47.06666666666667,0.0,3.1136666666666666,4.4825,227.0,11.466666666666667,15.966666666666667,
tracadie,2023-11-28 20:00:00+00:00,,6.966666666666667,0.0,2.3286666666666664,4.441083333333333,225.0,8.3,10.7,
tracadie,2023-11-28 21:00:00+00:00,,1.0,0.0,1.5066666666666668,4.3675,197.0,5.766666666666667,7.433333333333334,
tracadie,2023-11-28 22:00:00+00:00,,1.0,0.0,0.8736666666666667,4.340166666666667,205.0,6.3,8.2,
tracadie,2023-11-28 23:00:00+00:00,,1.0,0.0,0.517,4.325,198.0,6.5,8.6,
tracadie,2023-11-29 00:00:00+00:00,,1.0,0.0,0.76,4.3109166666666665,204.0,8.766666666666667,11.7,
tracadie,2023-11-29 01:00:00+00:00,,1.0,0.0,0.25366666666666665,4.30275,216.0,15.433333333333334,20.966666666666665,
tracadie,2023-11-29 02:00:00+00:00,,1.0,0.0,-0.34933333333333333,4.293,240.0,13.533333333333333,18.433333333333334,
tracadie,2023-11-29 03:00:00+00:00,,1.0,0.0,-0.626,4.283333333333333,211.0,13.633333333333333,18.566666666666666,
tracadie,2023-11-29 04:00:00+00:00,,1.0,0.0,-1.3263333333333334,4.270499999999999,219.0,11.633333333333333,15.766666666666667,
tracadie,2023-11-29 05:00:00+00:00,,1.0,0.0,-1.8253333333333333,4.2597499999999995,211.0,11.1,14.866666666666667,
tracadie,2023-11-29 06:00:00+00:00,,1.0,0.0,-2.1496666666666666,4.250166666666666,209.0,9.966666666666667,13.766666666666667,
tracadie,2023-11-29 07:00:00+00:00,,1.0,0.0,-2.4563333333333333,4.239833333333333,181.0,9.9,13.933333333333334,
tracadie,2023-11-29 08:00:00+00:00,,1.0,0.0,-2.115666666666667,4.23175,212.0,15.533333333333333,20.966666666666665,
tracadie,2023-11-29 09:00:00+00:00,,1.0,0.0,-2.8676666666666666,4.226500000000001,233.0,18.3,25.1,
tracadie,2023-11-29 10:00:00+00:00,,1.0,0.0,-2.8320000000000003,4.222666666666666,219.0,19.133333333333333,26.466666666666665,
tracadie,2023-11-29 11:00:00+00:00,,4.466666666666667,0.0,-3.4459999999999997,4.23375,256.0,19.533333333333335,26.7,
tracadie,2023-11-29 12:00:00+00:00,,78.76666666666667,0.0,-3.891,4.446583333333334,254.0,18.133333333333333,25.733333333333334,
tracadie,2023-11-29 13:00:00+00:00,,219.6,0.0,-3.664,4.474666666666667,243.0,21.966666666666665,31.7,
tracadie,2023-11-29 14:00:00+00:00,,328.5,0.0,-3.3573333333333335,4.477833333333334,250.0,25.266666666666666,34.5,
tracadie,2023-11-29 15:00:00+00:00,,289.1333333333333,0.0,-2.9793333333333334,4.4775833333333335,243.0,24.866666666666667,34.766666666666666,
tracadie,2023-11-29 16:00:00+00:00,,261.3,0.0,-2.2263333333333337,4.4792499999999995,241.0,23.833333333333332,34.13333333333333,
tracadie,2023-11-29 17:00:00+00:00,,258.6333333333333,0.0,-1.4873333333333332,4.480583333333334,248.0,22.933333333333334,33.63333333333333,
tracadie,2023-11-29 18:00:00+00:00,,135.23333333333332,0.0,-1.508,4.480666666666667,240.0,20.1,28.433333333333334,
tracadie,2023-11-29 19:00:00+00:00,,45.9,0.0,-1.7173333333333332,4.480166666666666,237.0,18.0,25.866666666666667,
tracadie,2023-11-29 20:00:00+00:00,,10.633333333333333,0.0,-1.7083333333333333,4.452916666666667,260.0,15.3,21.866666666666667,
tracadie,2023-11-29 21:00:00+00:00,,1.0,0.0,-2.3593333333333333,4.369083333333333,247.0,15.333333333333334,21.933333333333334,
tracadie,2023-11-29 22:00:00+00:00,,1.0,0.0,-2.5046666666666666,4.333583333333333,237.0,14.966666666666667,21.366666666666667,
tracadie,2023-11-29 23:00:00+00:00,,1.0,0.0,-2.761,4.312,257.0,18.0,25.766666666666666,
tracadie,2023-11-30 00:00:00+00:00,,1.0,0.0,-3.252333333333333,4.296166666666667,254.0,16.866666666666667,23.1,
tracadie,2023-11-30 01:00:00+00:00,,1.0,0.0,-3.899,4.27975,240.0,16.566666666666666,22.133333333333333,
tracadie,2023-11-30 02:00:00+00:00,,1.0,0.0,-4.37,4.2615,230.0,13.366666666666667,18.266666666666666,
tracadie,2023-11-30 03:00:00+00:00,,1.0,0.0,-4.338,4.246583333333334,243.0,16.433333333333334,23.5,
tracadie,2023-11-30 04:00:00+00:00,,1.0,0.0,-5.081333333333333,4.2335,225.0,13.666666666666666,17.9,
tracadie,2023-11-30 05:00:00+00:00,,1.0,0.0,-5.066666666666666,4.224833333333334,247.0,8.233333333333333,12.666666666666666,
tracadie,2023-11-30 06:00:00+00:00,,1.0,0.0,-5.805666666666666,4.214666666666667,212.0,6.566666666666666,8.4,
tracadie,2023-11-30 07:00:00+00:00,,1.0,0.0,-6.708,4.212166666666667,195.0,9.3,11.633333333333333,
tracadie,2023-11-30 08:00:00+00:00,,1.0,0.0,-6.653666666666667,4.2075000000000005,192.0,6.633333333333334,9.0,
tracadie,2023-11-30 09:00:00+00:00,,1.0,0.0,-6.739333333333334,4.205666666666667,188.0,7.133333333333334,9.333333333333334,
tracadie,2023-11-30 10:00:00+00:00,,1.0,0.0,-6.321666666666667,4.20425,156.0,5.2,6.7,
tracadie,2023-11-30 11:00:00+00:00,,10.7,0.0,-6.080333333333333,4.295,171.0,5.566666666666666,7.4,
tracadie,2023-11-30 12:00:00+00:00,,116.46666666666667,0.0,-4.402333333333333,4.47025,156.0,7.266666666666667,10.133333333333333,
tracadie,2023-11-30 13:00:00+00:00,,146.73333333333332,0.0,-2.3503333333333334,4.476083333333333,153.0,15.8,21.033333333333335,
tracadie,2023-11-30 14:00:00+00:00,,167.76666666666668,0.0,-1.318,4.477166666666666,164.0,18.733333333333334,25.6,
tracadie,2023-11-30 15:00:00+00:00,,247.63333333333333,0.0,-0.20033333333333334,4.479,145.0,19.166666666666668,26.766666666666666,
tracadie,2023-11-30 16:00:00+00:00,,240.03333333333333,0.0,0.6416666666666667,4.47825,159.0,23.7,33.43333333333333,
tracadie,2023-11-30 17:00:00+00:00,,175.83333333333334,0.0,0.7676666666666667,4.4784999999999995,163.0,25.666666666666668,35.266666666666666,
tracadie,2023-11-30 18:00:00+00:00,,165.3,0.0,1.5126666666666668,4.478916666666667,159.0,23.233333333333334,32.56666666666667,
tracadie,2023-11-30 19:00:00+00:00,,62.4,0.0,2.106666666666667,4.478666666666666,171.0,20.666666666666668,28.166666666666668,
tracadie,2023-11-30 20:00:00+00:00,,7.4,0.0,2.29,4.444999999999999,156.0,17.0,22.366666666666667,
tracadie,2023-11-30 21:00:00+00:00,,1.0,0.0,2.749,4.3661666666666665,156.0,17.766666666666666,23.9,
tracadie,2023-11-30 22:00:00+00:00,,1.0,0.0,2.627333333333333,4.33925,149.0,15.3,20.966666666666665,
tracadie,2023-11-30 23:00:00+00:00,,1.0,0.0,2.405666666666667,4.322916666666667,154.0,13.4,18.9,
tracadie,2023-12-01 00:00:00+00:00,,1.0,0.0,1.9586666666666666,4.30725,152.0,12.1,16.433333333333334,
tracadie,2023-12-01 01:00:00+00:00,,1.0,0.0,2.7993333333333337,4.293583333333333,161.0,15.066666666666666,21.333333333333332,
tracadie,2023-12-01 02:00:00+00:00,,1.0,0.0,3.1723333333333334,4.27975,167.0,16.333333333333332,21.633333333333333,
tracadie,2023-12-01 03:00:00+00:00,,1.0,0.0,3.2813333333333334,4.267083333333333,160.0,16.233333333333334,21.866666666666667,
